
/home/martina/CLionProjects/ASPIS2/autonomous_bench_pico/build/pico2_hardened.elf:     file format elf32-littleriscv

Sections:
Idx Name          Size      VMA       LMA       File off  Algn
  0 .text         0000ca58  10000000  10000000  00001000  2**2
                  CONTENTS, ALLOC, LOAD, READONLY, CODE
  1 .rodata       00000a9c  1000ca58  1000ca58  0000da58  2**3
                  CONTENTS, ALLOC, LOAD, READONLY, DATA
  2 .binary_info  0000002c  1000d4f4  1000d4f4  0000e4f4  2**2
                  CONTENTS, ALLOC, LOAD, READONLY, DATA
  3 .psram_load   00000000  11000000  11000000  00012780  2**0
                  CONTENTS
  4 .psram_noload 00000000  11000000  11000000  00012780  2**0
                  CONTENTS
  5 .xip_ram      00000000  13ffc000  13ffc000  00012780  2**0
                  CONTENTS
  6 .uninitialized_data 00000000  20000000  20000000  00012780  2**0
                  CONTENTS
  7 .data         0000324c  20000000  1000d520  0000f000  2**6
                  CONTENTS, ALLOC, LOAD, CODE
  8 .tdata        00000000  2000324c  2000324c  00012780  2**0
                  CONTENTS, ALLOC, LOAD, DATA, THREAD_LOCAL
  9 .tbss         00000000  2000324c  2000324c  00000000  2**0
                  ALLOC, THREAD_LOCAL
 10 .tbss_space   00000000  2000324c  2000324c  00012780  2**0
                  CONTENTS
 11 .bss          00000978  20003250  1001076c  00013250  2**3
                  ALLOC
 12 .tls0         00000000  20003bc8  20003bc8  00012780  2**0
                  CONTENTS
 13 .tls1         00000000  20003bc8  20003bc8  00012780  2**0
                  CONTENTS
 14 .persistent_data 00000000  20003bc8  20003bc8  00012780  2**0
                  CONTENTS
 15 .dummy_pre_heap 00000000  20003bc8  20003bc8  00012780  2**0
                  CONTENTS
 16 .heap         00000800  20003bc8  20003bc8  00012780  2**2
                  CONTENTS, READONLY
 17 .scratch_x    00000000  20080000  20080000  00012f80  2**0
                  CONTENTS
 18 .scratch_y    00000000  20081000  20081000  00012f80  2**0
                  CONTENTS
 19 .stack_dummy  00000800  20081000  20081000  00012f80  2**5
                  CONTENTS, READONLY
 20 .flash_end    00000014  1001076c  1001076c  0001276c  2**2
                  CONTENTS, ALLOC, LOAD, READONLY, DATA
 21 .debug_info   000378bc  00000000  00000000  00013780  2**0
                  CONTENTS, READONLY, DEBUGGING, OCTETS
 22 .debug_abbrev 0000a6c9  00000000  00000000  0004b03c  2**0
                  CONTENTS, READONLY, DEBUGGING, OCTETS
 23 .debug_loclists 00021fb7  00000000  00000000  00055705  2**0
                  CONTENTS, READONLY, DEBUGGING, OCTETS
 24 .debug_aranges 000013d0  00000000  00000000  000776c0  2**3
                  CONTENTS, READONLY, DEBUGGING, OCTETS
 25 .debug_rnglists 0000554e  00000000  00000000  00078a90  2**0
                  CONTENTS, READONLY, DEBUGGING, OCTETS
 26 .debug_line   00039eee  00000000  00000000  0007dfde  2**0
                  CONTENTS, READONLY, DEBUGGING, OCTETS
 27 .debug_str    000092b6  00000000  00000000  000b7ecc  2**0
                  CONTENTS, READONLY, DEBUGGING, OCTETS
 28 .debug_line_str 00002813  00000000  00000000  000c1182  2**0
                  CONTENTS, READONLY, DEBUGGING, OCTETS
 29 .comment      00000044  00000000  00000000  000c3995  2**0
                  CONTENTS, READONLY
 30 .riscv.attributes 00000089  00000000  00000000  000c39d9  2**0
                  CONTENTS, READONLY
 31 .debug_frame  00003a8c  00000000  00000000  000c3a64  2**2
                  CONTENTS, READONLY, DEBUGGING, OCTETS
 32 .debug_str_offsets 00000118  00000000  00000000  000c74f0  2**0
                  CONTENTS, READONLY, DEBUGGING, OCTETS
 33 .debug_addr   00000080  00000000  00000000  000c7608  2**0
                  CONTENTS, READONLY, DEBUGGING, OCTETS

/home/martina/CLionProjects/ASPIS2/autonomous_bench_pico/build/pico2_hardened.elf:     file format elf32-littleriscv


Disassembly of section .text:

10000000 <__flash_binary_start>:
10000000:	ebf2                	.insn	2, 0xebf2
10000002:	7188                	.insn	2, 0x7188
10000004:	d4f4                	sw	a3,108(s1)
10000006:	1000                	addi	s0,sp,32
10000008:	d520                	sw	s0,104(a0)
1000000a:	1000                	addi	s0,sp,32
1000000c:	00a8                	addi	a0,sp,72
1000000e:	1000                	addi	s0,sp,32
10000010:	a390                	.insn	2, 0xa390
10000012:	e71a                	.insn	2, 0xe71a

10000014 <__binary_info_header_end>:
10000014:	ffffded3          	.insn	4, 0xffffded3
10000018:	0142                	slli	sp,sp,0x10
1000001a:	1101                	addi	sp,sp,-32
1000001c:	0344                	addi	s1,sp,388
1000001e:	0000                	unimp
10000020:	0036                	c.slli	zero,0xd
10000022:	1000                	addi	s0,sp,32
10000024:	2000                	.insn	2, 0x2000
10000026:	2008                	.insn	2, 0x2008
10000028:	04ff 0000 0758 0001 	.insn	10, 0x357900010758000004ff
10000030:	3579 
10000032:	ab12                	.insn	2, 0xab12

10000034 <__embedded_block_end>:
10000034:	a879                	j	100000d2 <reenter_bootrom>

10000036 <_reset_handler>:
10000036:	10004197          	auipc	gp,0x10004
1000003a:	2fb18193          	addi	gp,gp,763 # 20004331 <__global_pointer$>
1000003e:	10082117          	auipc	sp,0x10082
10000042:	fc210113          	addi	sp,sp,-62 # 20082000 <__StackTop>
10000046:	10003517          	auipc	a0,0x10003
1000004a:	ffb50513          	addi	a0,a0,-5 # 20003041 <__VECTOR_TABLE+0x1>
1000004e:	30551073          	csrw	mtvec,a0
10000052:	f1402573          	csrr	a0,mhartid
10000056:	ed35                	bnez	a0,100000d2 <reenter_bootrom>
10000058:	00000717          	auipc	a4,0x0
1000005c:	05070713          	addi	a4,a4,80 # 100000a8 <data_cpy_table>
10000060:	430c                	lw	a1,0(a4)
10000062:	c591                	beqz	a1,1000006e <_reset_handler+0x38>
10000064:	4350                	lw	a2,4(a4)
10000066:	4714                	lw	a3,8(a4)
10000068:	0731                	addi	a4,a4,12
1000006a:	2825                	jal	100000a2 <data_cpy>
1000006c:	bfd5                	j	10000060 <_reset_handler+0x2a>
1000006e:	10003597          	auipc	a1,0x10003
10000072:	1de58593          	addi	a1,a1,478 # 2000324c <__bss_start__>
10000076:	10004617          	auipc	a2,0x10004
1000007a:	b5260613          	addi	a2,a2,-1198 # 20003bc8 <__bss_end__>
1000007e:	a021                	j	10000086 <bss_fill_test>

10000080 <bss_fill_loop>:
10000080:	0005a023          	sw	zero,0(a1)
10000084:	0591                	addi	a1,a1,4

10000086 <bss_fill_test>:
10000086:	fec59de3          	bne	a1,a2,10000080 <bss_fill_loop>

1000008a <platform_entry>:
1000008a:	59e030ef          	jal	10003628 <runtime_init>
1000008e:	07f0c0ef          	jal	1000c90c <main>
10000092:	590030ef          	jal	10003622 <exit>
10000096:	9002                	ebreak
10000098:	bffd                	j	10000096 <platform_entry+0xc>

1000009a <data_cpy_loop>:
1000009a:	4188                	lw	a0,0(a1)
1000009c:	c208                	sw	a0,0(a2)
1000009e:	0591                	addi	a1,a1,4
100000a0:	0611                	addi	a2,a2,4

100000a2 <data_cpy>:
100000a2:	fed66ce3          	bltu	a2,a3,1000009a <data_cpy_loop>

100000a6 <data_cpy_done>:
100000a6:	8082                	ret

100000a8 <data_cpy_table>:
100000a8:	1000d520          	.word	0x1000d520
100000ac:	20000000          	.word	0x20000000
100000b0:	2000324c          	.word	0x2000324c
100000b4:	1001076c          	.word	0x1001076c
100000b8:	20080000          	.word	0x20080000
100000bc:	20080000          	.word	0x20080000
100000c0:	1001076c          	.word	0x1001076c
100000c4:	20081000          	.word	0x20081000
100000c8:	20081000          	.word	0x20081000
100000cc:	00000000          	.word	0x00000000
100000d0:	8082                	ret

100000d2 <reenter_bootrom>:
100000d2:	6521                	lui	a0,0x8
100000d4:	dfc50513          	addi	a0,a0,-516 # 7dfc <XIP_RAM_LENGTH+0x3dfc>
100000d8:	8502                	jr	a0

100000da <gpio_set_function>:
100000da:	400387b7          	lui	a5,0x40038
100000de:	0791                	addi	a5,a5,4 # 40038004 <__StackTop+0x1ffb6004>
100000e0:	20f547b3          	sh2add	a5,a0,a5
100000e4:	4398                	lw	a4,0(a5)
100000e6:	6685                	lui	a3,0x1
100000e8:	96be                	add	a3,a3,a5
100000ea:	04074713          	xori	a4,a4,64
100000ee:	0c077713          	andi	a4,a4,192
100000f2:	40028637          	lui	a2,0x40028
100000f6:	c298                	sw	a4,0(a3)
100000f8:	20c56533          	sh3add	a0,a0,a2
100000fc:	670d                	lui	a4,0x3
100000fe:	97ba                	add	a5,a5,a4
10000100:	c14c                	sw	a1,4(a0)
10000102:	10000713          	li	a4,256
10000106:	c398                	sw	a4,0(a5)
10000108:	8082                	ret

1000010a <panic>:
1000010a:	7139                	addi	sp,sp,-64
1000010c:	1000d337          	lui	t1,0x1000d
10000110:	cc22                	sw	s0,24(sp)
10000112:	842a                	mv	s0,a0
10000114:	a5830513          	addi	a0,t1,-1448 # 1000ca58 <__init_array_end>
10000118:	ce06                	sw	ra,28(sp)
1000011a:	d22e                	sw	a1,36(sp)
1000011c:	d432                	sw	a2,40(sp)
1000011e:	d636                	sw	a3,44(sp)
10000120:	d83a                	sw	a4,48(sp)
10000122:	da3e                	sw	a5,52(sp)
10000124:	dc42                	sw	a6,56(sp)
10000126:	de46                	sw	a7,60(sp)
10000128:	04d030ef          	jal	10003974 <__wrap_puts>
1000012c:	cc01                	beqz	s0,10000144 <panic+0x3a>
1000012e:	104c                	addi	a1,sp,36
10000130:	8522                	mv	a0,s0
10000132:	c62e                	sw	a1,12(sp)
10000134:	49a030ef          	jal	100035ce <weak_raw_vprintf>
10000138:	1000d537          	lui	a0,0x1000d
1000013c:	b1850513          	addi	a0,a0,-1256 # 1000cb18 <__init_array_end+0xc0>
10000140:	035030ef          	jal	10003974 <__wrap_puts>
10000144:	4505                	li	a0,1
10000146:	4d6030ef          	jal	1000361c <_exit>

1000014a <hw_claim_or_assert>:
1000014a:	300476f3          	csrrci	a3,mstatus,8
1000014e:	200037b7          	lui	a5,0x20003
10000152:	58778793          	addi	a5,a5,1415 # 20003587 <_sw_spin_locks+0xb>
10000156:	00379713          	slli	a4,a5,0x3
1000015a:	28e01733          	bset	a4,zero,a4
1000015e:	9bf1                	andi	a5,a5,-4
10000160:	44e7a82f          	amoor.w.aq	a6,a4,(a5)
10000164:	00e87833          	and	a6,a6,a4
10000168:	fe081ce3          	bnez	a6,10000160 <hw_claim_or_assert+0x16>
1000016c:	0330000f          	fence	rw,rw
10000170:	0035d793          	srli	a5,a1,0x3
10000174:	953e                	add	a0,a0,a5
10000176:	00054703          	lbu	a4,0(a0)
1000017a:	0075f793          	andi	a5,a1,7
1000017e:	28f017b3          	bset	a5,zero,a5
10000182:	00f77833          	and	a6,a4,a5
10000186:	02081163          	bnez	a6,100001a8 <hw_claim_or_assert+0x5e>
1000018a:	8f5d                	or	a4,a4,a5
1000018c:	00e50023          	sb	a4,0(a0)
10000190:	0330000f          	fence	rw,rw
10000194:	200037b7          	lui	a5,0x20003
10000198:	57c78793          	addi	a5,a5,1404 # 2000357c <_sw_spin_locks>
1000019c:	000785a3          	sb	zero,11(a5)
100001a0:	8aa1                	andi	a3,a3,8
100001a2:	3006a073          	csrs	mstatus,a3
100001a6:	8082                	ret
100001a8:	1141                	addi	sp,sp,-16
100001aa:	8532                	mv	a0,a2
100001ac:	c606                	sw	ra,12(sp)
100001ae:	3fb1                	jal	1000010a <panic>

100001b0 <hw_claim_unused_from_range>:
100001b0:	30047e73          	csrrci	t3,mstatus,8
100001b4:	200037b7          	lui	a5,0x20003
100001b8:	58778793          	addi	a5,a5,1415 # 20003587 <_sw_spin_locks+0xb>
100001bc:	00379813          	slli	a6,a5,0x3
100001c0:	29001833          	bset	a6,zero,a6
100001c4:	9bf1                	andi	a5,a5,-4
100001c6:	4507a8af          	amoor.w.aq	a7,a6,(a5)
100001ca:	0108f8b3          	and	a7,a7,a6
100001ce:	fe089ce3          	bnez	a7,100001c6 <hw_claim_unused_from_range+0x16>
100001d2:	0330000f          	fence	rw,rw
100001d6:	00c6f663          	bgeu	a3,a2,100001e2 <hw_claim_unused_from_range+0x32>
100001da:	a815                	j	1000020e <hw_claim_unused_from_range+0x5e>
100001dc:	0605                	addi	a2,a2,1 # 40028001 <__StackTop+0x1ffa6001>
100001de:	02c6e863          	bltu	a3,a2,1000020e <hw_claim_unused_from_range+0x5e>
100001e2:	00365793          	srli	a5,a2,0x3
100001e6:	97aa                	add	a5,a5,a0
100001e8:	0007c883          	lbu	a7,0(a5)
100001ec:	00767813          	andi	a6,a2,7
100001f0:	29001833          	bset	a6,zero,a6
100001f4:	0108f333          	and	t1,a7,a6
100001f8:	fe0312e3          	bnez	t1,100001dc <hw_claim_unused_from_range+0x2c>
100001fc:	0108e8b3          	or	a7,a7,a6
10000200:	01f65693          	srli	a3,a2,0x1f
10000204:	8532                	mv	a0,a2
10000206:	01178023          	sb	a7,0(a5)
1000020a:	8df5                	and	a1,a1,a3
1000020c:	a011                	j	10000210 <hw_claim_unused_from_range+0x60>
1000020e:	557d                	li	a0,-1
10000210:	0330000f          	fence	rw,rw
10000214:	200037b7          	lui	a5,0x20003
10000218:	57c78793          	addi	a5,a5,1404 # 2000357c <_sw_spin_locks>
1000021c:	000785a3          	sb	zero,11(a5)
10000220:	008e7e13          	andi	t3,t3,8
10000224:	300e2073          	csrs	mstatus,t3
10000228:	e191                	bnez	a1,1000022c <hw_claim_unused_from_range+0x7c>
1000022a:	8082                	ret
1000022c:	1141                	addi	sp,sp,-16
1000022e:	853a                	mv	a0,a4
10000230:	c606                	sw	ra,12(sp)
10000232:	3de1                	jal	1000010a <panic>

10000234 <next_striped_spin_lock_num>:
10000234:	20003737          	lui	a4,0x20003
10000238:	23474503          	lbu	a0,564(a4) # 20003234 <striped_spin_lock_num>
1000023c:	46dd                	li	a3,23
1000023e:	00150793          	addi	a5,a0,1
10000242:	0ff7f793          	zext.b	a5,a5
10000246:	00f6f363          	bgeu	a3,a5,1000024c <next_striped_spin_lock_num+0x18>
1000024a:	47c1                	li	a5,16
1000024c:	22f70a23          	sb	a5,564(a4)
10000250:	8082                	ret

10000252 <spin_lock_claim_unused>:
10000252:	85aa                	mv	a1,a0
10000254:	1000d737          	lui	a4,0x1000d
10000258:	20004537          	lui	a0,0x20004
1000025c:	a6870713          	addi	a4,a4,-1432 # 1000ca68 <__init_array_end+0x10>
10000260:	b3450513          	addi	a0,a0,-1228 # 20003b34 <claimed>
10000264:	46fd                	li	a3,31
10000266:	4661                	li	a2,24
10000268:	b7a1                	j	100001b0 <hw_claim_unused_from_range>

1000026a <spin_locks_reset>:
1000026a:	200036b7          	lui	a3,0x20003
1000026e:	57c68693          	addi	a3,a3,1404 # 2000357c <_sw_spin_locks>
10000272:	4781                	li	a5,0
10000274:	02000613          	li	a2,32
10000278:	0330000f          	fence	rw,rw
1000027c:	00f68733          	add	a4,a3,a5
10000280:	00070023          	sb	zero,0(a4)
10000284:	0785                	addi	a5,a5,1
10000286:	fec799e3          	bne	a5,a2,10000278 <spin_locks_reset+0xe>
1000028a:	8082                	ret

1000028c <runtime_init_per_core_irq_priorities>:
1000028c:	4681                	li	a3,0
1000028e:	483d                	li	a6,15
10000290:	451d                	li	a0,7
10000292:	03400593          	li	a1,52
10000296:	0036f793          	andi	a5,a3,3
1000029a:	078a                	slli	a5,a5,0x2
1000029c:	00f81733          	sll	a4,a6,a5
100002a0:	0026d613          	srli	a2,a3,0x2
100002a4:	0742                	slli	a4,a4,0x10
100002a6:	8f51                	or	a4,a4,a2
100002a8:	be373073          	csrc	0xbe3,a4
100002ac:	00f517b3          	sll	a5,a0,a5
100002b0:	07c2                	slli	a5,a5,0x10
100002b2:	8fd1                	or	a5,a5,a2
100002b4:	be37a073          	csrs	0xbe3,a5
100002b8:	0685                	addi	a3,a3,1
100002ba:	fcb69ee3          	bne	a3,a1,10000296 <runtime_init_per_core_irq_priorities+0xa>
100002be:	30046073          	csrsi	mstatus,8
100002c2:	8082                	ret

100002c4 <irq_set_enabled>:
100002c4:	00555793          	srli	a5,a0,0x5
100002c8:	0786                	slli	a5,a5,0x1
100002ca:	28a01533          	bset	a0,zero,a0
100002ce:	76c1                	lui	a3,0xffff0
100002d0:	8ee9                	and	a3,a3,a0
100002d2:	00178713          	addi	a4,a5,1
100002d6:	0542                	slli	a0,a0,0x10
100002d8:	8f55                	or	a4,a4,a3
100002da:	8d5d                	or	a0,a0,a5
100002dc:	c991                	beqz	a1,100002f0 <irq_set_enabled+0x2c>
100002de:	be253073          	csrc	0xbe2,a0
100002e2:	be273073          	csrc	0xbe2,a4
100002e6:	be052073          	csrs	0xbe0,a0
100002ea:	be072073          	csrs	0xbe0,a4
100002ee:	8082                	ret
100002f0:	be053073          	csrc	0xbe0,a0
100002f4:	be073073          	csrc	0xbe0,a4
100002f8:	8082                	ret

100002fa <irq_is_enabled>:
100002fa:	00455793          	srli	a5,a0,0x4
100002fe:	be07a7f3          	csrrs	a5,0xbe0,a5
10000302:	83c1                	srli	a5,a5,0x10
10000304:	893d                	andi	a0,a0,15
10000306:	48a7d533          	bext	a0,a5,a0
1000030a:	8082                	ret

1000030c <irq_set_pending>:
1000030c:	00f57793          	andi	a5,a0,15
10000310:	28f017b3          	bset	a5,zero,a5
10000314:	8111                	srli	a0,a0,0x4
10000316:	07c2                	slli	a5,a5,0x10
10000318:	8fc9                	or	a5,a5,a0
1000031a:	be27a073          	csrs	0xbe2,a5
1000031e:	8082                	ret

10000320 <irq_has_shared_handler>:
10000320:	305027f3          	csrr	a5,mtvec
10000324:	9bf1                	andi	a5,a5,-4
10000326:	20f54533          	sh2add	a0,a0,a5
1000032a:	0d052503          	lw	a0,208(a0)
1000032e:	200037b7          	lui	a5,0x20003
10000332:	fc078793          	addi	a5,a5,-64 # 20002fc0 <irq_handler_chain_slots>
10000336:	8d1d                	sub	a0,a0,a5
10000338:	04853513          	sltiu	a0,a0,72
1000033c:	8082                	ret

1000033e <irq_set_exclusive_handler>:
1000033e:	30047773          	csrrci	a4,mstatus,8
10000342:	200037b7          	lui	a5,0x20003
10000346:	58578793          	addi	a5,a5,1413 # 20003585 <_sw_spin_locks+0x9>
1000034a:	00379693          	slli	a3,a5,0x3
1000034e:	28d016b3          	bset	a3,zero,a3
10000352:	9bf1                	andi	a5,a5,-4
10000354:	44d7a62f          	amoor.w.aq	a2,a3,(a5)
10000358:	8e75                	and	a2,a2,a3
1000035a:	fe6d                	bnez	a2,10000354 <irq_set_exclusive_handler+0x16>
1000035c:	0330000f          	fence	rw,rw
10000360:	305027f3          	csrr	a5,mtvec
10000364:	03450513          	addi	a0,a0,52
10000368:	9bf1                	andi	a5,a5,-4
1000036a:	20f547b3          	sh2add	a5,a0,a5
1000036e:	439c                	lw	a5,0(a5)
10000370:	00f58863          	beq	a1,a5,10000380 <irq_set_exclusive_handler+0x42>
10000374:	200036b7          	lui	a3,0x20003
10000378:	1e468693          	addi	a3,a3,484 # 200031e4 <__unhandled_user_irq>
1000037c:	02d79663          	bne	a5,a3,100003a8 <irq_set_exclusive_handler+0x6a>
10000380:	305027f3          	csrr	a5,mtvec
10000384:	9bf1                	andi	a5,a5,-4
10000386:	20f54533          	sh2add	a0,a0,a5
1000038a:	c10c                	sw	a1,0(a0)
1000038c:	0330000f          	fence	rw,rw
10000390:	0330000f          	fence	rw,rw
10000394:	200037b7          	lui	a5,0x20003
10000398:	57c78793          	addi	a5,a5,1404 # 2000357c <_sw_spin_locks>
1000039c:	000784a3          	sb	zero,9(a5)
100003a0:	8b21                	andi	a4,a4,8
100003a2:	30072073          	csrs	mstatus,a4
100003a6:	8082                	ret
100003a8:	1141                	addi	sp,sp,-16
100003aa:	c606                	sw	ra,12(sp)
100003ac:	7d4010ef          	jal	10001b80 <hard_assertion_failure>

100003b0 <irq_add_shared_handler>:
100003b0:	1141                	addi	sp,sp,-16
100003b2:	c606                	sw	ra,12(sp)
100003b4:	30047873          	csrrci	a6,mstatus,8
100003b8:	200037b7          	lui	a5,0x20003
100003bc:	58578793          	addi	a5,a5,1413 # 20003585 <_sw_spin_locks+0x9>
100003c0:	00379713          	slli	a4,a5,0x3
100003c4:	28e01733          	bset	a4,zero,a4
100003c8:	9bf1                	andi	a5,a5,-4
100003ca:	44e7a6af          	amoor.w.aq	a3,a4,(a5)
100003ce:	8ef9                	and	a3,a3,a4
100003d0:	feed                	bnez	a3,100003ca <irq_add_shared_handler+0x1a>
100003d2:	0330000f          	fence	rw,rw
100003d6:	20004737          	lui	a4,0x20004
100003da:	b3870f03          	lb	t5,-1224(a4) # 20003b38 <irq_handler_chain_free_slot_head>
100003de:	380f4063          	bltz	t5,1000075e <irq_add_shared_handler+0x3ae>
100003e2:	20003eb7          	lui	t4,0x20003
100003e6:	21ef27b3          	sh1add	a5,t5,t5
100003ea:	fc0e8e93          	addi	t4,t4,-64 # 20002fc0 <irq_handler_chain_slots>
100003ee:	21d7c8b3          	sh2add	a7,a5,t4
100003f2:	00a8c683          	lbu	a3,10(a7)
100003f6:	00279f93          	slli	t6,a5,0x2
100003fa:	b2d70c23          	sb	a3,-1224(a4)
100003fe:	305027f3          	csrr	a5,mtvec
10000402:	03450513          	addi	a0,a0,52
10000406:	9bf1                	andi	a5,a5,-4
10000408:	20f547b3          	sh2add	a5,a0,a5
1000040c:	0007ae03          	lw	t3,0(a5)
10000410:	04700793          	li	a5,71
10000414:	41de0733          	sub	a4,t3,t4
10000418:	0ce7ec63          	bltu	a5,a4,100004f0 <irq_add_shared_handler+0x140>
1000041c:	00be4783          	lbu	a5,11(t3)
10000420:	8372                	mv	t1,t3
10000422:	00f66c63          	bltu	a2,a5,1000043a <irq_add_shared_handler+0x8a>
10000426:	a489                	j	10000668 <irq_add_shared_handler+0x2b8>
10000428:	20e727b3          	sh1add	a5,a4,a4
1000042c:	21d7c7b3          	sh2add	a5,a5,t4
10000430:	00b7c683          	lbu	a3,11(a5)
10000434:	14d67463          	bgeu	a2,a3,1000057c <irq_add_shared_handler+0x1cc>
10000438:	833e                	mv	t1,a5
1000043a:	00a30703          	lb	a4,10(t1)
1000043e:	fe0755e3          	bgez	a4,10000428 <irq_add_shared_handler+0x78>
10000442:	00159693          	slli	a3,a1,0x1
10000446:	6785                	lui	a5,0x1
10000448:	8efd                	and	a3,a3,a5
1000044a:	96ae                	add	a3,a3,a1
1000044c:	8006f693          	andi	a3,a3,-2048
10000450:	05d2                	slli	a1,a1,0x14
10000452:	48b69693          	bclri	a3,a3,0xb
10000456:	0e75e593          	ori	a1,a1,231
1000045a:	6fb1                	lui	t6,0xc
1000045c:	0b76e293          	ori	t0,a3,183
10000460:	28f59593          	bseti	a1,a1,0xf
10000464:	e42f8f93          	addi	t6,t6,-446 # be42 <XIP_RAM_LENGTH+0x7e42>
10000468:	00830693          	addi	a3,t1,8
1000046c:	40d888b3          	sub	a7,a7,a3
10000470:	00189793          	slli	a5,a7,0x1
10000474:	6685                	lui	a3,0x1
10000476:	8ff5                	and	a5,a5,a3
10000478:	0038d693          	srli	a3,a7,0x3
1000047c:	8a91                	andi	a3,a3,4
1000047e:	8fd5                	or	a5,a5,a3
10000480:	21ef26b3          	sh1add	a3,t5,t5
10000484:	21d6ceb3          	sh2add	t4,a3,t4
10000488:	00789393          	slli	t2,a7,0x7
1000048c:	28b01693          	bseti	a3,zero,0xb
10000490:	01e30523          	sb	t5,10(t1)
10000494:	00d3f6b3          	and	a3,t2,a3
10000498:	00189f13          	slli	t5,a7,0x1
1000049c:	8fd5                	or	a5,a5,a3
1000049e:	600f7f13          	andi	t5,t5,1536
100004a2:	0028d693          	srli	a3,a7,0x2
100004a6:	01e7e7b3          	or	a5,a5,t5
100004aa:	1006f693          	andi	a3,a3,256
100004ae:	00189f13          	slli	t5,a7,0x1
100004b2:	8fd5                	or	a5,a5,a3
100004b4:	080f7f13          	andi	t5,t5,128
100004b8:	0018d693          	srli	a3,a7,0x1
100004bc:	0406f693          	andi	a3,a3,64
100004c0:	01e7e7b3          	or	a5,a5,t5
100004c4:	088a                	slli	a7,a7,0x2
100004c6:	8fd5                	or	a5,a5,a3
100004c8:	0388f893          	andi	a7,a7,56
100004cc:	76e9                	lui	a3,0xffffa
100004ce:	0117e7b3          	or	a5,a5,a7
100004d2:	0685                	addi	a3,a3,1 # ffffa001 <__StackTop+0xdff78001>
100004d4:	8fd5                	or	a5,a5,a3
100004d6:	00f31423          	sh	a5,8(t1)
100004da:	005ea023          	sw	t0,0(t4)
100004de:	00bea223          	sw	a1,4(t4)
100004e2:	01fe9423          	sh	t6,8(t4)
100004e6:	00ee8523          	sb	a4,10(t4)
100004ea:	00ce85a3          	sb	a2,11(t4)
100004ee:	a8b9                	j	1000054c <irq_add_shared_handler+0x19c>
100004f0:	200037b7          	lui	a5,0x20003
100004f4:	1e478793          	addi	a5,a5,484 # 200031e4 <__unhandled_user_irq>
100004f8:	26fe1363          	bne	t3,a5,1000075e <irq_add_shared_handler+0x3ae>
100004fc:	200037b7          	lui	a5,0x20003
10000500:	00878793          	addi	a5,a5,8 # 20003008 <irq_handler_chain_first_slot>
10000504:	411787b3          	sub	a5,a5,a7
10000508:	00979713          	slli	a4,a5,0x9
1000050c:	001006b7          	lui	a3,0x100
10000510:	00c885a3          	sb	a2,11(a7)
10000514:	000ff637          	lui	a2,0xff
10000518:	8f75                	and	a4,a4,a3
1000051a:	8e7d                	and	a2,a2,a5
1000051c:	0147d693          	srli	a3,a5,0x14
10000520:	06fe                	slli	a3,a3,0x1f
10000522:	8f51                	or	a4,a4,a2
10000524:	7fe7f793          	andi	a5,a5,2046
10000528:	8f55                	or	a4,a4,a3
1000052a:	07d2                	slli	a5,a5,0x14
1000052c:	8fd9                	or	a5,a5,a4
1000052e:	7771                	lui	a4,0xffffc
10000530:	2ef7e793          	ori	a5,a5,751
10000534:	e4270713          	addi	a4,a4,-446 # ffffbe42 <__StackTop+0xdff79e42>
10000538:	56fd                	li	a3,-1
1000053a:	00b8a223          	sw	a1,4(a7)
1000053e:	00f8a023          	sw	a5,0(a7)
10000542:	00e89423          	sh	a4,8(a7)
10000546:	00d88523          	sb	a3,10(a7)
1000054a:	8e46                	mv	t3,a7
1000054c:	305027f3          	csrr	a5,mtvec
10000550:	9bf1                	andi	a5,a5,-4
10000552:	20f54533          	sh2add	a0,a0,a5
10000556:	01c52023          	sw	t3,0(a0)
1000055a:	0330000f          	fence	rw,rw
1000055e:	0330000f          	fence	rw,rw
10000562:	200037b7          	lui	a5,0x20003
10000566:	57c78793          	addi	a5,a5,1404 # 2000357c <_sw_spin_locks>
1000056a:	000784a3          	sb	zero,9(a5)
1000056e:	00887813          	andi	a6,a6,8
10000572:	30082073          	csrs	mstatus,a6
10000576:	40b2                	lw	ra,12(sp)
10000578:	0141                	addi	sp,sp,16
1000057a:	8082                	ret
1000057c:	00835283          	lhu	t0,8(t1)
10000580:	008f8793          	addi	a5,t6,8
10000584:	97f6                	add	a5,a5,t4
10000586:	00329f93          	slli	t6,t0,0x3
1000058a:	00830693          	addi	a3,t1,8
1000058e:	020fff93          	andi	t6,t6,32
10000592:	40f687b3          	sub	a5,a3,a5
10000596:	97fe                	add	a5,a5,t6
10000598:	0012df93          	srli	t6,t0,0x1
1000059c:	040ff393          	andi	t2,t6,64
100005a0:	979e                	add	a5,a5,t2
100005a2:	00129393          	slli	t2,t0,0x1
100005a6:	0803f393          	andi	t2,t2,128
100005aa:	c422                	sw	s0,8(sp)
100005ac:	979e                	add	a5,a5,t2
100005ae:	300fff93          	andi	t6,t6,768
100005b2:	00229413          	slli	s0,t0,0x2
100005b6:	0022d393          	srli	t2,t0,0x2
100005ba:	97fe                	add	a5,a5,t6
100005bc:	0072df93          	srli	t6,t0,0x7
100005c0:	40047293          	andi	t0,s0,1024
100005c4:	9796                	add	a5,a5,t0
100005c6:	010fff93          	andi	t6,t6,16
100005ca:	00e3f293          	andi	t0,t2,14
100005ce:	005fefb3          	or	t6,t6,t0
100005d2:	28b01293          	bseti	t0,zero,0xb
100005d6:	0053f3b3          	and	t2,t2,t0
100005da:	97fe                	add	a5,a5,t6
100005dc:	407787b3          	sub	a5,a5,t2
100005e0:	00779393          	slli	t2,a5,0x7
100005e4:	6405                	lui	s0,0x1
100005e6:	0053f3b3          	and	t2,t2,t0
100005ea:	00179f93          	slli	t6,a5,0x1
100005ee:	0037d293          	srli	t0,a5,0x3
100005f2:	008fffb3          	and	t6,t6,s0
100005f6:	0042f293          	andi	t0,t0,4
100005fa:	005fefb3          	or	t6,t6,t0
100005fe:	00179293          	slli	t0,a5,0x1
10000602:	007fefb3          	or	t6,t6,t2
10000606:	6002f293          	andi	t0,t0,1536
1000060a:	0027d393          	srli	t2,a5,0x2
1000060e:	005fefb3          	or	t6,t6,t0
10000612:	1003f393          	andi	t2,t2,256
10000616:	00179293          	slli	t0,a5,0x1
1000061a:	007fefb3          	or	t6,t6,t2
1000061e:	0802f293          	andi	t0,t0,128
10000622:	0017d393          	srli	t2,a5,0x1
10000626:	005fefb3          	or	t6,t6,t0
1000062a:	00159293          	slli	t0,a1,0x1
1000062e:	0082f2b3          	and	t0,t0,s0
10000632:	0403f393          	andi	t2,t2,64
10000636:	078a                	slli	a5,a5,0x2
10000638:	007fefb3          	or	t6,t6,t2
1000063c:	92ae                	add	t0,t0,a1
1000063e:	0387f793          	andi	a5,a5,56
10000642:	00ffe7b3          	or	a5,t6,a5
10000646:	8002f293          	andi	t0,t0,-2048
1000064a:	7fe9                	lui	t6,0xffffa
1000064c:	05d2                	slli	a1,a1,0x14
1000064e:	0f85                	addi	t6,t6,1 # ffffa001 <__StackTop+0xdff78001>
10000650:	48b29293          	bclri	t0,t0,0xb
10000654:	0e75e593          	ori	a1,a1,231
10000658:	4422                	lw	s0,8(sp)
1000065a:	01f7efb3          	or	t6,a5,t6
1000065e:	0b72e293          	ori	t0,t0,183
10000662:	28f59593          	bseti	a1,a1,0xf
10000666:	b519                	j	1000046c <irq_add_shared_handler+0xbc>
10000668:	00c885a3          	sb	a2,11(a7)
1000066c:	20003637          	lui	a2,0x20003
10000670:	00860613          	addi	a2,a2,8 # 20003008 <irq_handler_chain_first_slot>
10000674:	41160633          	sub	a2,a2,a7
10000678:	00b8a223          	sw	a1,4(a7)
1000067c:	00100337          	lui	t1,0x100
10000680:	00961593          	slli	a1,a2,0x9
10000684:	000ff6b7          	lui	a3,0xff
10000688:	008f8793          	addi	a5,t6,8
1000068c:	0065f5b3          	and	a1,a1,t1
10000690:	00d67fb3          	and	t6,a2,a3
10000694:	00fe86b3          	add	a3,t4,a5
10000698:	01f5e7b3          	or	a5,a1,t6
1000069c:	aaaab5b7          	lui	a1,0xaaaab
100006a0:	aab58593          	addi	a1,a1,-1365 # aaaaaaab <__StackTop+0x8aa28aab>
100006a4:	8709                	srai	a4,a4,0x2
100006a6:	02b70733          	mul	a4,a4,a1
100006aa:	01465f13          	srli	t5,a2,0x14
100006ae:	01ff1e93          	slli	t4,t5,0x1f
100006b2:	7fe67613          	andi	a2,a2,2046
100006b6:	40de06b3          	sub	a3,t3,a3
100006ba:	01d7e7b3          	or	a5,a5,t4
100006be:	0652                	slli	a2,a2,0x14
100006c0:	8e5d                	or	a2,a2,a5
100006c2:	6e85                	lui	t4,0x1
100006c4:	00169793          	slli	a5,a3,0x1
100006c8:	0036d313          	srli	t1,a3,0x3
100006cc:	00769593          	slli	a1,a3,0x7
100006d0:	2ef66613          	ori	a2,a2,751
100006d4:	00437313          	andi	t1,t1,4
100006d8:	01d7f7b3          	and	a5,a5,t4
100006dc:	28b01f13          	bseti	t5,zero,0xb
100006e0:	00c8a023          	sw	a2,0(a7)
100006e4:	00e88523          	sb	a4,10(a7)
100006e8:	0067e7b3          	or	a5,a5,t1
100006ec:	01e5f733          	and	a4,a1,t5
100006f0:	00169593          	slli	a1,a3,0x1
100006f4:	004e2603          	lw	a2,4(t3)
100006f8:	8fd9                	or	a5,a5,a4
100006fa:	6005f593          	andi	a1,a1,1536
100006fe:	0026d713          	srli	a4,a3,0x2
10000702:	8fcd                	or	a5,a5,a1
10000704:	10077713          	andi	a4,a4,256
10000708:	00169313          	slli	t1,a3,0x1
1000070c:	8fd9                	or	a5,a5,a4
1000070e:	0016d593          	srli	a1,a3,0x1
10000712:	08037313          	andi	t1,t1,128
10000716:	00161713          	slli	a4,a2,0x1
1000071a:	0067e7b3          	or	a5,a5,t1
1000071e:	0405f593          	andi	a1,a1,64
10000722:	068a                	slli	a3,a3,0x2
10000724:	0386f693          	andi	a3,a3,56
10000728:	01d77733          	and	a4,a4,t4
1000072c:	8fcd                	or	a5,a5,a1
1000072e:	9732                	add	a4,a4,a2
10000730:	8fd5                	or	a5,a5,a3
10000732:	76e9                	lui	a3,0xffffa
10000734:	0685                	addi	a3,a3,1 # ffffa001 <__StackTop+0xdff78001>
10000736:	80077713          	andi	a4,a4,-2048
1000073a:	0652                	slli	a2,a2,0x14
1000073c:	48b71713          	bclri	a4,a4,0xb
10000740:	8fd5                	or	a5,a5,a3
10000742:	0e766613          	ori	a2,a2,231
10000746:	00f89423          	sh	a5,8(a7)
1000074a:	0b776713          	ori	a4,a4,183
1000074e:	28f61613          	bseti	a2,a2,0xf
10000752:	00ee2023          	sw	a4,0(t3)
10000756:	00ce2223          	sw	a2,4(t3)
1000075a:	8e46                	mv	t3,a7
1000075c:	bbc5                	j	1000054c <irq_add_shared_handler+0x19c>
1000075e:	c422                	sw	s0,8(sp)
10000760:	420010ef          	jal	10001b80 <hard_assertion_failure>

10000764 <irq_remove_handler>:
10000764:	30047373          	csrrci	t1,mstatus,8
10000768:	200037b7          	lui	a5,0x20003
1000076c:	58578793          	addi	a5,a5,1413 # 20003585 <_sw_spin_locks+0x9>
10000770:	00379713          	slli	a4,a5,0x3
10000774:	28e01733          	bset	a4,zero,a4
10000778:	9bf1                	andi	a5,a5,-4
1000077a:	44e7a6af          	amoor.w.aq	a3,a4,(a5)
1000077e:	8ef9                	and	a3,a3,a4
10000780:	feed                	bnez	a3,1000077a <irq_remove_handler+0x16>
10000782:	0330000f          	fence	rw,rw
10000786:	305027f3          	csrr	a5,mtvec
1000078a:	9bf1                	andi	a5,a5,-4
1000078c:	03450e13          	addi	t3,a0,52
10000790:	20fe47b3          	sh2add	a5,t3,a5
10000794:	4390                	lw	a2,0(a5)
10000796:	200038b7          	lui	a7,0x20003
1000079a:	1e488893          	addi	a7,a7,484 # 200031e4 <__unhandled_user_irq>
1000079e:	0b160263          	beq	a2,a7,10000842 <irq_remove_handler+0xde>
100007a2:	0ab60063          	beq	a2,a1,10000842 <irq_remove_handler+0xde>
100007a6:	20003fb7          	lui	t6,0x20003
100007aa:	fc0f8f93          	addi	t6,t6,-64 # 20002fc0 <irq_handler_chain_slots>
100007ae:	41f60733          	sub	a4,a2,t6
100007b2:	04700793          	li	a5,71
100007b6:	08e7e763          	bltu	a5,a4,10000844 <irq_remove_handler+0xe0>
100007ba:	00455793          	srli	a5,a0,0x4
100007be:	be07a7f3          	csrrs	a5,0xbe0,a5
100007c2:	28a01733          	bset	a4,zero,a0
100007c6:	00555e93          	srli	t4,a0,0x5
100007ca:	01071293          	slli	t0,a4,0x10
100007ce:	0e86                	slli	t4,t4,0x1
100007d0:	01d2e2b3          	or	t0,t0,t4
100007d4:	be02b073          	csrc	0xbe0,t0
100007d8:	76c1                	lui	a3,0xffff0
100007da:	8f75                	and	a4,a4,a3
100007dc:	0e85                	addi	t4,t4,1 # 1001 <SCRATCH_X_LENGTH+0x1>
100007de:	00eeeeb3          	or	t4,t4,a4
100007e2:	be0eb073          	csrc	0xbe0,t4
100007e6:	0330000f          	fence	rw,rw
100007ea:	be502773          	csrr	a4,0xbe5
100007ee:	01071693          	slli	a3,a4,0x10
100007f2:	0606ce63          	bltz	a3,1000086e <irq_remove_handler+0x10a>
100007f6:	8311                	srli	a4,a4,0x4
100007f8:	1ff77713          	andi	a4,a4,511
100007fc:	28e51263          	bne	a0,a4,10000a80 <irq_remove_handler+0x31c>
10000800:	83f2                	mv	t2,t3
10000802:	00f57813          	andi	a6,a0,15
10000806:	29001833          	bset	a6,zero,a6
1000080a:	83c1                	srli	a5,a5,0x10
1000080c:	00f87833          	and	a6,a6,a5
10000810:	8732                	mv	a4,a2
10000812:	4f01                	li	t5,0
10000814:	4314                	lw	a3,0(a4)
10000816:	435c                	lw	a5,4(a4)
10000818:	0086f513          	andi	a0,a3,8
1000081c:	e519                	bnez	a0,1000082a <irq_remove_handler+0xc6>
1000081e:	8006f693          	andi	a3,a3,-2048
10000822:	48b69693          	bclri	a3,a3,0xb
10000826:	87d1                	srai	a5,a5,0x14
10000828:	97b6                	add	a5,a5,a3
1000082a:	04f58463          	beq	a1,a5,10000872 <irq_remove_handler+0x10e>
1000082e:	00a70783          	lb	a5,10(a4)
10000832:	1807c363          	bltz	a5,100009b8 <irq_remove_handler+0x254>
10000836:	20f7a7b3          	sh1add	a5,a5,a5
1000083a:	8f3a                	mv	t5,a4
1000083c:	21f7c733          	sh2add	a4,a5,t6
10000840:	bfd1                	j	10000814 <irq_remove_handler+0xb0>
10000842:	8646                	mv	a2,a7
10000844:	305027f3          	csrr	a5,mtvec
10000848:	9bf1                	andi	a5,a5,-4
1000084a:	20fe47b3          	sh2add	a5,t3,a5
1000084e:	c390                	sw	a2,0(a5)
10000850:	0330000f          	fence	rw,rw
10000854:	0330000f          	fence	rw,rw
10000858:	200037b7          	lui	a5,0x20003
1000085c:	57c78793          	addi	a5,a5,1404 # 2000357c <_sw_spin_locks>
10000860:	000784a3          	sb	zero,9(a5)
10000864:	00837313          	andi	t1,t1,8
10000868:	30032073          	csrs	mstatus,t1
1000086c:	8082                	ret
1000086e:	4381                	li	t2,0
10000870:	bf49                	j	10000802 <irq_remove_handler+0x9e>
10000872:	00a70583          	lb	a1,10(a4)
10000876:	1605c163          	bltz	a1,100009d8 <irq_remove_handler+0x274>
1000087a:	20b5a7b3          	sh1add	a5,a1,a1
1000087e:	21f7c7b3          	sh2add	a5,a5,t6
10000882:	4394                	lw	a3,0(a5)
10000884:	43dc                	lw	a5,4(a5)
10000886:	0086f513          	andi	a0,a3,8
1000088a:	e519                	bnez	a0,10000898 <irq_remove_handler+0x134>
1000088c:	8006f693          	andi	a3,a3,-2048
10000890:	48b69693          	bclri	a3,a3,0xb
10000894:	87d1                	srai	a5,a5,0x14
10000896:	97b6                	add	a5,a5,a3
10000898:	02c70363          	beq	a4,a2,100008be <irq_remove_handler+0x15a>
1000089c:	00179693          	slli	a3,a5,0x1
100008a0:	6505                	lui	a0,0x1
100008a2:	8ee9                	and	a3,a3,a0
100008a4:	96be                	add	a3,a3,a5
100008a6:	8006f693          	andi	a3,a3,-2048
100008aa:	48b69693          	bclri	a3,a3,0xb
100008ae:	07d2                	slli	a5,a5,0x14
100008b0:	0b76e693          	ori	a3,a3,183
100008b4:	0e77e793          	ori	a5,a5,231
100008b8:	c314                	sw	a3,0(a4)
100008ba:	28f79793          	bseti	a5,a5,0xf
100008be:	20b5a6b3          	sh1add	a3,a1,a1
100008c2:	21f6c8b3          	sh2add	a7,a3,t6
100008c6:	00b8cf03          	lbu	t5,11(a7)
100008ca:	00269513          	slli	a0,a3,0x2
100008ce:	c35c                	sw	a5,4(a4)
100008d0:	01e705a3          	sb	t5,11(a4)
100008d4:	00a88683          	lb	a3,10(a7)
100008d8:	67b1                	lui	a5,0xc
100008da:	e4278793          	addi	a5,a5,-446 # be42 <XIP_RAM_LENGTH+0x7e42>
100008de:	00d70523          	sb	a3,10(a4)
100008e2:	0a06cd63          	bltz	a3,1000099c <irq_remove_handler+0x238>
100008e6:	0088d683          	lhu	a3,8(a7)
100008ea:	0521                	addi	a0,a0,8 # 1008 <SCRATCH_X_LENGTH+0x8>
100008ec:	957e                	add	a0,a0,t6
100008ee:	0016d893          	srli	a7,a3,0x1
100008f2:	00369793          	slli	a5,a3,0x3
100008f6:	0408ff13          	andi	t5,a7,64
100008fa:	0207f793          	andi	a5,a5,32
100008fe:	01e7e7b3          	or	a5,a5,t5
10000902:	00870f13          	addi	t5,a4,8
10000906:	41e787b3          	sub	a5,a5,t5
1000090a:	00169f13          	slli	t5,a3,0x1
1000090e:	080f7f13          	andi	t5,t5,128
10000912:	3008f893          	andi	a7,a7,768
10000916:	97fa                	add	a5,a5,t5
10000918:	00269f13          	slli	t5,a3,0x2
1000091c:	97c6                	add	a5,a5,a7
1000091e:	400f7f13          	andi	t5,t5,1024
10000922:	0026d893          	srli	a7,a3,0x2
10000926:	829d                	srli	a3,a3,0x7
10000928:	97fa                	add	a5,a5,t5
1000092a:	8ac1                	andi	a3,a3,16
1000092c:	00e8ff13          	andi	t5,a7,14
10000930:	01e6e6b3          	or	a3,a3,t5
10000934:	97b6                	add	a5,a5,a3
10000936:	28b01f13          	bseti	t5,zero,0xb
1000093a:	97aa                	add	a5,a5,a0
1000093c:	01e8f8b3          	and	a7,a7,t5
10000940:	411787b3          	sub	a5,a5,a7
10000944:	00179693          	slli	a3,a5,0x1
10000948:	6505                	lui	a0,0x1
1000094a:	8ee9                	and	a3,a3,a0
1000094c:	0037d513          	srli	a0,a5,0x3
10000950:	00779893          	slli	a7,a5,0x7
10000954:	8911                	andi	a0,a0,4
10000956:	01e8f8b3          	and	a7,a7,t5
1000095a:	8ec9                	or	a3,a3,a0
1000095c:	00179513          	slli	a0,a5,0x1
10000960:	0116e6b3          	or	a3,a3,a7
10000964:	60057513          	andi	a0,a0,1536
10000968:	0027d893          	srli	a7,a5,0x2
1000096c:	8ec9                	or	a3,a3,a0
1000096e:	1008f893          	andi	a7,a7,256
10000972:	00179513          	slli	a0,a5,0x1
10000976:	0116e6b3          	or	a3,a3,a7
1000097a:	08057513          	andi	a0,a0,128
1000097e:	0017d893          	srli	a7,a5,0x1
10000982:	8ec9                	or	a3,a3,a0
10000984:	0408f893          	andi	a7,a7,64
10000988:	00279513          	slli	a0,a5,0x2
1000098c:	0116e7b3          	or	a5,a3,a7
10000990:	03857693          	andi	a3,a0,56
10000994:	8fd5                	or	a5,a5,a3
10000996:	76e9                	lui	a3,0xffffa
10000998:	0685                	addi	a3,a3,1 # ffffa001 <__StackTop+0xdff78001>
1000099a:	8fd5                	or	a5,a5,a3
1000099c:	20004537          	lui	a0,0x20004
100009a0:	b3854883          	lbu	a7,-1224(a0) # 20003b38 <irq_handler_chain_free_slot_head>
100009a4:	20b5a6b3          	sh1add	a3,a1,a1
100009a8:	00f71423          	sh	a5,8(a4)
100009ac:	21f6c7b3          	sh2add	a5,a3,t6
100009b0:	b2b50c23          	sb	a1,-1224(a0)
100009b4:	01178523          	sb	a7,10(a5)
100009b8:	00080b63          	beqz	a6,100009ce <irq_remove_handler+0x26a>
100009bc:	be22b073          	csrc	0xbe2,t0
100009c0:	be2eb073          	csrc	0xbe2,t4
100009c4:	be02a073          	csrs	0xbe0,t0
100009c8:	be0ea073          	csrs	0xbe0,t4
100009cc:	bda5                	j	10000844 <irq_remove_handler+0xe0>
100009ce:	be02b073          	csrc	0xbe0,t0
100009d2:	be0eb073          	csrc	0xbe0,t4
100009d6:	b5bd                	j	10000844 <irq_remove_handler+0xe0>
100009d8:	02039e63          	bnez	t2,10000a14 <irq_remove_handler+0x2b0>
100009dc:	0a0f0063          	beqz	t5,10000a7c <irq_remove_handler+0x318>
100009e0:	77f1                	lui	a5,0xffffc
100009e2:	e4278793          	addi	a5,a5,-446 # ffffbe42 <__StackTop+0xdff79e42>
100009e6:	56fd                	li	a3,-1
100009e8:	00ff1423          	sh	a5,8(t5)
100009ec:	00df0523          	sb	a3,10(t5)
100009f0:	41f707b3          	sub	a5,a4,t6
100009f4:	aaaab6b7          	lui	a3,0xaaaab
100009f8:	aab68693          	addi	a3,a3,-1365 # aaaaaaab <__StackTop+0x8aa28aab>
100009fc:	8789                	srai	a5,a5,0x2
100009fe:	02d787b3          	mul	a5,a5,a3
10000a02:	200046b7          	lui	a3,0x20004
10000a06:	b386c583          	lbu	a1,-1224(a3) # 20003b38 <irq_handler_chain_free_slot_head>
10000a0a:	00b70523          	sb	a1,10(a4)
10000a0e:	b2f68c23          	sb	a5,-1224(a3)
10000a12:	b75d                	j	100009b8 <irq_remove_handler+0x254>
10000a14:	200036b7          	lui	a3,0x20003
10000a18:	00870793          	addi	a5,a4,8
10000a1c:	01468693          	addi	a3,a3,20 # 20003014 <irq_handler_chain_remove_tail>
10000a20:	8e9d                	sub	a3,a3,a5
10000a22:	00169793          	slli	a5,a3,0x1
10000a26:	6585                	lui	a1,0x1
10000a28:	8fed                	and	a5,a5,a1
10000a2a:	0036d593          	srli	a1,a3,0x3
10000a2e:	8991                	andi	a1,a1,4
10000a30:	8fcd                	or	a5,a5,a1
10000a32:	28b01513          	bseti	a0,zero,0xb
10000a36:	00769593          	slli	a1,a3,0x7
10000a3a:	8de9                	and	a1,a1,a0
10000a3c:	00169513          	slli	a0,a3,0x1
10000a40:	8fcd                	or	a5,a5,a1
10000a42:	60057513          	andi	a0,a0,1536
10000a46:	0026d593          	srli	a1,a3,0x2
10000a4a:	8fc9                	or	a5,a5,a0
10000a4c:	1005f593          	andi	a1,a1,256
10000a50:	00169513          	slli	a0,a3,0x1
10000a54:	8fcd                	or	a5,a5,a1
10000a56:	08057513          	andi	a0,a0,128
10000a5a:	0016d593          	srli	a1,a3,0x1
10000a5e:	8fc9                	or	a5,a5,a0
10000a60:	0405f593          	andi	a1,a1,64
10000a64:	068a                	slli	a3,a3,0x2
10000a66:	8fcd                	or	a5,a5,a1
10000a68:	0386f693          	andi	a3,a3,56
10000a6c:	8fd5                	or	a5,a5,a3
10000a6e:	0017e793          	ori	a5,a5,1
10000a72:	28d79793          	bseti	a5,a5,0xd
10000a76:	00f71423          	sh	a5,8(a4)
10000a7a:	bf3d                	j	100009b8 <irq_remove_handler+0x254>
10000a7c:	8646                	mv	a2,a7
10000a7e:	bf8d                	j	100009f0 <irq_remove_handler+0x28c>
10000a80:	1141                	addi	sp,sp,-16
10000a82:	c606                	sw	ra,12(sp)
10000a84:	0fc010ef          	jal	10001b80 <hard_assertion_failure>

10000a88 <irq_add_tail_to_free_list>:
10000a88:	be5027f3          	csrr	a5,0xbe5
10000a8c:	01079713          	slli	a4,a5,0x10
10000a90:	4581                	li	a1,0
10000a92:	00074963          	bltz	a4,10000aa4 <irq_add_tail_to_free_list+0x1c>
10000a96:	8391                	srli	a5,a5,0x4
10000a98:	1ff7f793          	andi	a5,a5,511
10000a9c:	03478793          	addi	a5,a5,52
10000aa0:	00279593          	slli	a1,a5,0x2
10000aa4:	30047673          	csrrci	a2,mstatus,8
10000aa8:	200037b7          	lui	a5,0x20003
10000aac:	58578793          	addi	a5,a5,1413 # 20003585 <_sw_spin_locks+0x9>
10000ab0:	00379713          	slli	a4,a5,0x3
10000ab4:	28e01733          	bset	a4,zero,a4
10000ab8:	9bf1                	andi	a5,a5,-4
10000aba:	44e7a6af          	amoor.w.aq	a3,a4,(a5)
10000abe:	8ef9                	and	a3,a3,a4
10000ac0:	feed                	bnez	a3,10000aba <irq_add_tail_to_free_list+0x32>
10000ac2:	0330000f          	fence	rw,rw
10000ac6:	20003737          	lui	a4,0x20003
10000aca:	fc070713          	addi	a4,a4,-64 # 20002fc0 <irq_handler_chain_slots>
10000ace:	40e507b3          	sub	a5,a0,a4
10000ad2:	aaaab6b7          	lui	a3,0xaaaab
10000ad6:	aab68693          	addi	a3,a3,-1365 # aaaaaaab <__StackTop+0x8aa28aab>
10000ada:	8789                	srai	a5,a5,0x2
10000adc:	02d787b3          	mul	a5,a5,a3
10000ae0:	60479793          	sext.b	a5,a5
10000ae4:	305026f3          	csrr	a3,mtvec
10000ae8:	9af1                	andi	a3,a3,-4
10000aea:	96ae                	add	a3,a3,a1
10000aec:	4294                	lw	a3,0(a3)
10000aee:	04a68e63          	beq	a3,a0,10000b4a <irq_add_tail_to_free_list+0xc2>
10000af2:	00a70683          	lb	a3,10(a4)
10000af6:	08f68263          	beq	a3,a5,10000b7a <irq_add_tail_to_free_list+0xf2>
10000afa:	01670683          	lb	a3,22(a4)
10000afe:	08f68063          	beq	a3,a5,10000b7e <irq_add_tail_to_free_list+0xf6>
10000b02:	02270683          	lb	a3,34(a4)
10000b06:	06f68e63          	beq	a3,a5,10000b82 <irq_add_tail_to_free_list+0xfa>
10000b0a:	02e70683          	lb	a3,46(a4)
10000b0e:	06f68c63          	beq	a3,a5,10000b86 <irq_add_tail_to_free_list+0xfe>
10000b12:	03a70683          	lb	a3,58(a4)
10000b16:	06f68a63          	beq	a3,a5,10000b8a <irq_add_tail_to_free_list+0x102>
10000b1a:	04670683          	lb	a3,70(a4)
10000b1e:	04f68063          	beq	a3,a5,10000b5e <irq_add_tail_to_free_list+0xd6>
10000b22:	20004737          	lui	a4,0x20004
10000b26:	b3874683          	lbu	a3,-1224(a4) # 20003b38 <irq_handler_chain_free_slot_head>
10000b2a:	b2f70c23          	sb	a5,-1224(a4)
10000b2e:	00d50523          	sb	a3,10(a0)
10000b32:	0330000f          	fence	rw,rw
10000b36:	200037b7          	lui	a5,0x20003
10000b3a:	57c78793          	addi	a5,a5,1404 # 2000357c <_sw_spin_locks>
10000b3e:	000784a3          	sb	zero,9(a5)
10000b42:	8a21                	andi	a2,a2,8
10000b44:	30062073          	csrs	mstatus,a2
10000b48:	8082                	ret
10000b4a:	30502773          	csrr	a4,mtvec
10000b4e:	200036b7          	lui	a3,0x20003
10000b52:	9b71                	andi	a4,a4,-4
10000b54:	972e                	add	a4,a4,a1
10000b56:	1e468693          	addi	a3,a3,484 # 200031e4 <__unhandled_user_irq>
10000b5a:	c314                	sw	a3,0(a4)
10000b5c:	b7d9                	j	10000b22 <irq_add_tail_to_free_list+0x9a>
10000b5e:	4695                	li	a3,5
10000b60:	20d6a6b3          	sh1add	a3,a3,a3
10000b64:	20e6c6b3          	sh2add	a3,a3,a4
10000b68:	7771                	lui	a4,0xffffc
10000b6a:	587d                	li	a6,-1
10000b6c:	e4270713          	addi	a4,a4,-446 # ffffbe42 <__StackTop+0xdff79e42>
10000b70:	01068523          	sb	a6,10(a3)
10000b74:	00e69423          	sh	a4,8(a3)
10000b78:	b76d                	j	10000b22 <irq_add_tail_to_free_list+0x9a>
10000b7a:	4681                	li	a3,0
10000b7c:	b7d5                	j	10000b60 <irq_add_tail_to_free_list+0xd8>
10000b7e:	4685                	li	a3,1
10000b80:	b7c5                	j	10000b60 <irq_add_tail_to_free_list+0xd8>
10000b82:	4689                	li	a3,2
10000b84:	bff1                	j	10000b60 <irq_add_tail_to_free_list+0xd8>
10000b86:	468d                	li	a3,3
10000b88:	bfe1                	j	10000b60 <irq_add_tail_to_free_list+0xd8>
10000b8a:	4691                	li	a3,4
10000b8c:	bfd1                	j	10000b60 <irq_add_tail_to_free_list+0xd8>

10000b8e <user_irq_claim_unused>:
10000b8e:	85aa                	mv	a1,a0
10000b90:	1000d737          	lui	a4,0x1000d
10000b94:	20004537          	lui	a0,0x20004
10000b98:	1141                	addi	sp,sp,-16
10000b9a:	a8470713          	addi	a4,a4,-1404 # 1000ca84 <__init_array_end+0x2c>
10000b9e:	b3950513          	addi	a0,a0,-1223 # 20003b39 <user_irq_claimed>
10000ba2:	4695                	li	a3,5
10000ba4:	4601                	li	a2,0
10000ba6:	c606                	sw	ra,12(sp)
10000ba8:	e08ff0ef          	jal	100001b0 <hw_claim_unused_from_range>
10000bac:	00054663          	bltz	a0,10000bb8 <user_irq_claim_unused+0x2a>
10000bb0:	03300793          	li	a5,51
10000bb4:	40a78533          	sub	a0,a5,a0
10000bb8:	40b2                	lw	ra,12(sp)
10000bba:	0141                	addi	sp,sp,16
10000bbc:	8082                	ret

10000bbe <lock_init>:
10000bbe:	200037b7          	lui	a5,0x20003
10000bc2:	57c78793          	addi	a5,a5,1404 # 2000357c <_sw_spin_locks>
10000bc6:	97ae                	add	a5,a5,a1
10000bc8:	c11c                	sw	a5,0(a0)
10000bca:	8082                	ret

10000bcc <runtime_init_mutex>:
10000bcc:	1101                	addi	sp,sp,-32
10000bce:	cc22                	sw	s0,24(sp)
10000bd0:	ca26                	sw	s1,20(sp)
10000bd2:	20003437          	lui	s0,0x20003
10000bd6:	200034b7          	lui	s1,0x20003
10000bda:	ce06                	sw	ra,28(sp)
10000bdc:	24440413          	addi	s0,s0,580 # 20003244 <print_mutex>
10000be0:	24c48493          	addi	s1,s1,588 # 2000324c <__bss_start__>
10000be4:	02947763          	bgeu	s0,s1,10000c12 <runtime_init_mutex+0x46>
10000be8:	c84a                	sw	s2,16(sp)
10000bea:	c64e                	sw	s3,12(sp)
10000bec:	0ff00913          	li	s2,255
10000bf0:	59fd                	li	s3,-1
10000bf2:	401c                	lw	a5,0(s0)
10000bf4:	c785                	beqz	a5,10000c1c <runtime_init_mutex+0x50>
10000bf6:	e3eff0ef          	jal	10000234 <next_striped_spin_lock_num>
10000bfa:	85aa                	mv	a1,a0
10000bfc:	8522                	mv	a0,s0
10000bfe:	37c1                	jal	10000bbe <lock_init>
10000c00:	01241223          	sh	s2,4(s0)
10000c04:	0330000f          	fence	rw,rw
10000c08:	0421                	addi	s0,s0,8
10000c0a:	fe9464e3          	bltu	s0,s1,10000bf2 <runtime_init_mutex+0x26>
10000c0e:	4942                	lw	s2,16(sp)
10000c10:	49b2                	lw	s3,12(sp)
10000c12:	40f2                	lw	ra,28(sp)
10000c14:	4462                	lw	s0,24(sp)
10000c16:	44d2                	lw	s1,20(sp)
10000c18:	6105                	addi	sp,sp,32
10000c1a:	8082                	ret
10000c1c:	e18ff0ef          	jal	10000234 <next_striped_spin_lock_num>
10000c20:	85aa                	mv	a1,a0
10000c22:	8522                	mv	a0,s0
10000c24:	3f69                	jal	10000bbe <lock_init>
10000c26:	01340223          	sb	s3,4(s0)
10000c2a:	0330000f          	fence	rw,rw
10000c2e:	0421                	addi	s0,s0,8
10000c30:	fc9461e3          	bltu	s0,s1,10000bf2 <runtime_init_mutex+0x26>
10000c34:	bfe9                	j	10000c0e <runtime_init_mutex+0x42>

10000c36 <mutex_init>:
10000c36:	1141                	addi	sp,sp,-16
10000c38:	c606                	sw	ra,12(sp)
10000c3a:	c422                	sw	s0,8(sp)
10000c3c:	842a                	mv	s0,a0
10000c3e:	df6ff0ef          	jal	10000234 <next_striped_spin_lock_num>
10000c42:	85aa                	mv	a1,a0
10000c44:	8522                	mv	a0,s0
10000c46:	3fa5                	jal	10000bbe <lock_init>
10000c48:	57fd                	li	a5,-1
10000c4a:	00f40223          	sb	a5,4(s0)
10000c4e:	0330000f          	fence	rw,rw
10000c52:	40b2                	lw	ra,12(sp)
10000c54:	4422                	lw	s0,8(sp)
10000c56:	0141                	addi	sp,sp,16
10000c58:	8082                	ret

10000c5a <critical_section_init>:
10000c5a:	1141                	addi	sp,sp,-16
10000c5c:	c422                	sw	s0,8(sp)
10000c5e:	842a                	mv	s0,a0
10000c60:	4505                	li	a0,1
10000c62:	c606                	sw	ra,12(sp)
10000c64:	deeff0ef          	jal	10000252 <spin_lock_claim_unused>
10000c68:	200037b7          	lui	a5,0x20003
10000c6c:	57c78793          	addi	a5,a5,1404 # 2000357c <_sw_spin_locks>
10000c70:	97aa                	add	a5,a5,a0
10000c72:	c01c                	sw	a5,0(s0)
10000c74:	0330000f          	fence	rw,rw
10000c78:	40b2                	lw	ra,12(sp)
10000c7a:	4422                	lw	s0,8(sp)
10000c7c:	0141                	addi	sp,sp,16
10000c7e:	8082                	ret

10000c80 <critical_section_init_with_lock_num>:
10000c80:	200037b7          	lui	a5,0x20003
10000c84:	57c78793          	addi	a5,a5,1404 # 2000357c <_sw_spin_locks>
10000c88:	97ae                	add	a5,a5,a1
10000c8a:	c11c                	sw	a5,0(a0)
10000c8c:	0330000f          	fence	rw,rw
10000c90:	8082                	ret

10000c92 <sleep_until_callback>:
10000c92:	20004637          	lui	a2,0x20004
10000c96:	b3c62783          	lw	a5,-1220(a2) # 20003b3c <sleep_notifier>
10000c9a:	30047773          	csrrci	a4,mstatus,8
10000c9e:	00379693          	slli	a3,a5,0x3
10000ca2:	28d016b3          	bset	a3,zero,a3
10000ca6:	9bf1                	andi	a5,a5,-4
10000ca8:	44d7a5af          	amoor.w.aq	a1,a3,(a5)
10000cac:	8df5                	and	a1,a1,a3
10000cae:	fded                	bnez	a1,10000ca8 <sleep_until_callback+0x16>
10000cb0:	0330000f          	fence	rw,rw
10000cb4:	8091c783          	lbu	a5,-2039(gp) # 20003b3a <lock_internal_notify_count>
10000cb8:	b3c62603          	lw	a2,-1220(a2)
10000cbc:	0785                	addi	a5,a5,1
10000cbe:	80f184a3          	sb	a5,-2039(gp) # 20003b3a <lock_internal_notify_count>
10000cc2:	0330000f          	fence	rw,rw
10000cc6:	00060023          	sb	zero,0(a2)
10000cca:	00877793          	andi	a5,a4,8
10000cce:	3007a073          	csrs	mstatus,a5
10000cd2:	00102033          	sgtz	zero,ra
10000cd6:	4501                	li	a0,0
10000cd8:	4581                	li	a1,0
10000cda:	8082                	ret

10000cdc <alarm_pool_irq_handler>:
10000cdc:	7139                	addi	sp,sp,-64
10000cde:	de06                	sw	ra,60(sp)
10000ce0:	dc22                	sw	s0,56(sp)
10000ce2:	da26                	sw	s1,52(sp)
10000ce4:	d84a                	sw	s2,48(sp)
10000ce6:	d64e                	sw	s3,44(sp)
10000ce8:	d452                	sw	s4,40(sp)
10000cea:	d256                	sw	s5,36(sp)
10000cec:	d05a                	sw	s6,32(sp)
10000cee:	ce5e                	sw	s7,28(sp)
10000cf0:	cc62                	sw	s8,24(sp)
10000cf2:	ca66                	sw	s9,20(sp)
10000cf4:	c86a                	sw	s10,16(sp)
10000cf6:	be5027f3          	csrr	a5,0xbe5
10000cfa:	01079713          	slli	a4,a5,0x10
10000cfe:	32074963          	bltz	a4,10001030 <alarm_pool_irq_handler+0x354>
10000d02:	0047d913          	srli	s2,a5,0x4
10000d06:	1fc97793          	andi	a5,s2,508
10000d0a:	00397913          	andi	s2,s2,3
10000d0e:	292019b3          	bset	s3,zero,s2
10000d12:	400b0bb7          	lui	s7,0x400b0
10000d16:	34079963          	bnez	a5,10001068 <alarm_pool_irq_handler+0x38c>
10000d1a:	20004737          	lui	a4,0x20004
10000d1e:	2127c7b3          	sh2add	a5,a5,s2
10000d22:	b0070713          	addi	a4,a4,-1280 # 20003b00 <pools>
10000d26:	20e7c7b3          	sh2add	a5,a5,a4
10000d2a:	0007aa83          	lw	s5,0(a5)
10000d2e:	678d                	lui	a5,0x3
10000d30:	04478793          	addi	a5,a5,68 # 3044 <SCRATCH_X_LENGTH+0x2044>
10000d34:	97de                	add	a5,a5,s7
10000d36:	10001a37          	lui	s4,0x10001
10000d3a:	0137a023          	sw	s3,0(a5)
10000d3e:	cdca0a13          	addi	s4,s4,-804 # 10000cdc <alarm_pool_irq_handler>
10000d42:	547d                	li	s0,-1
10000d44:	54fd                	li	s1,-1
10000d46:	008a9b03          	lh	s6,8(s5)
10000d4a:	033bae23          	sw	s3,60(s7) # 400b003c <__StackTop+0x2002e03c>
10000d4e:	080b5863          	bgez	s6,10000dde <alarm_pool_irq_handler+0x102>
10000d52:	004ad783          	lhu	a5,4(s5)
10000d56:	60579793          	sext.h	a5,a5
10000d5a:	1407de63          	bgez	a5,10000eb6 <alarm_pool_irq_handler+0x1da>
10000d5e:	006ac783          	lbu	a5,6(s5)
10000d62:	1e079763          	bnez	a5,10000f50 <alarm_pool_irq_handler+0x274>
10000d66:	008a9b03          	lh	s6,8(s5)
10000d6a:	040b4763          	bltz	s6,10000db8 <alarm_pool_irq_handler+0xdc>
10000d6e:	014aa703          	lw	a4,20(s5)
10000d72:	216b2b33          	sh1add	s6,s6,s6
10000d76:	57fd                	li	a5,-1
10000d78:	20eb6b33          	sh3add	s6,s6,a4
10000d7c:	008b2c03          	lw	s8,8(s6)
10000d80:	00cb2b03          	lw	s6,12(s6)
10000d84:	2afc0363          	beq	s8,a5,1000102a <alarm_pool_irq_handler+0x34e>
10000d88:	217946b3          	sh2add	a3,s2,s7
10000d8c:	028ba703          	lw	a4,40(s7)
10000d90:	4a9c                	lw	a5,16(a3)
10000d92:	40ec0633          	sub	a2,s8,a4
10000d96:	8f99                	sub	a5,a5,a4
10000d98:	04f66063          	bltu	a2,a5,10000dd8 <alarm_pool_irq_handler+0xfc>
10000d9c:	020ba783          	lw	a5,32(s7)
10000da0:	4927d7b3          	bext	a5,a5,s2
10000da4:	cb95                	beqz	a5,10000dd8 <alarm_pool_irq_handler+0xfc>
10000da6:	855e                	mv	a0,s7
10000da8:	13f000ef          	jal	100016e6 <timer_time_us_64>
10000dac:	0165c663          	blt	a1,s6,10000db8 <alarm_pool_irq_handler+0xdc>
10000db0:	f8bb1be3          	bne	s6,a1,10000d46 <alarm_pool_irq_handler+0x6a>
10000db4:	f98579e3          	bgeu	a0,s8,10000d46 <alarm_pool_irq_handler+0x6a>
10000db8:	00102033          	sgtz	zero,ra
10000dbc:	50f2                	lw	ra,60(sp)
10000dbe:	5462                	lw	s0,56(sp)
10000dc0:	54d2                	lw	s1,52(sp)
10000dc2:	5942                	lw	s2,48(sp)
10000dc4:	59b2                	lw	s3,44(sp)
10000dc6:	5a22                	lw	s4,40(sp)
10000dc8:	5a92                	lw	s5,36(sp)
10000dca:	5b02                	lw	s6,32(sp)
10000dcc:	4bf2                	lw	s7,28(sp)
10000dce:	4c62                	lw	s8,24(sp)
10000dd0:	4cd2                	lw	s9,20(sp)
10000dd2:	4d42                	lw	s10,16(sp)
10000dd4:	6121                	addi	sp,sp,64
10000dd6:	8082                	ret
10000dd8:	0186a823          	sw	s8,16(a3)
10000ddc:	b7e9                	j	10000da6 <alarm_pool_irq_handler+0xca>
10000dde:	014aa783          	lw	a5,20(s5)
10000de2:	216b2c33          	sh1add	s8,s6,s6
10000de6:	855e                	mv	a0,s7
10000de8:	20fc6c33          	sh3add	s8,s8,a5
10000dec:	00cc2c83          	lw	s9,12(s8)
10000df0:	008c2d03          	lw	s10,8(s8)
10000df4:	0f3000ef          	jal	100016e6 <timer_time_us_64>
10000df8:	f595cde3          	blt	a1,s9,10000d52 <alarm_pool_irq_handler+0x76>
10000dfc:	1cbc8363          	beq	s9,a1,10000fc2 <alarm_pool_irq_handler+0x2e6>
10000e00:	1c0cc563          	bltz	s9,10000fca <alarm_pool_irq_handler+0x2ee>
10000e04:	010c2783          	lw	a5,16(s8)
10000e08:	014c2583          	lw	a1,20(s8)
10000e0c:	25478563          	beq	a5,s4,10001056 <alarm_pool_irq_handler+0x37a>
10000e10:	008a9703          	lh	a4,8(s5)
10000e14:	002c5503          	lhu	a0,2(s8)
10000e18:	0742                	slli	a4,a4,0x10
10000e1a:	8d59                	or	a0,a0,a4
10000e1c:	9782                	jalr	a5
10000e1e:	872e                	mv	a4,a1
10000e20:	87aa                	mv	a5,a0
10000e22:	00e7e6b3          	or	a3,a5,a4
10000e26:	1a068263          	beqz	a3,10000fca <alarm_pool_irq_handler+0x2ee>
10000e2a:	20075963          	bgez	a4,1000103c <alarm_pool_irq_handler+0x360>
10000e2e:	40fd06b3          	sub	a3,s10,a5
10000e32:	00dd3d33          	sltu	s10,s10,a3
10000e36:	40ec87b3          	sub	a5,s9,a4
10000e3a:	41a787b3          	sub	a5,a5,s10
10000e3e:	000c1703          	lh	a4,0(s8)
10000e42:	00dc2423          	sw	a3,8(s8)
10000e46:	00fc2623          	sw	a5,12(s8)
10000e4a:	f00744e3          	bltz	a4,10000d52 <alarm_pool_irq_handler+0x76>
10000e4e:	014aa803          	lw	a6,20(s5)
10000e52:	20e72533          	sh1add	a0,a4,a4
10000e56:	00171613          	slli	a2,a4,0x1
10000e5a:	21056533          	sh3add	a0,a0,a6
10000e5e:	454c                	lw	a1,12(a0)
10000e60:	00852883          	lw	a7,8(a0)
10000e64:	eeb7c7e3          	blt	a5,a1,10000d52 <alarm_pool_irq_handler+0x76>
10000e68:	00f59463          	bne	a1,a5,10000e70 <alarm_pool_irq_handler+0x194>
10000e6c:	ef16e3e3          	bltu	a3,a7,10000d52 <alarm_pool_irq_handler+0x76>
10000e70:	00ea9423          	sh	a4,8(s5)
10000e74:	008a8513          	addi	a0,s5,8
10000e78:	a031                	j	10000e84 <alarm_pool_irq_handler+0x1a8>
10000e7a:	00862883          	lw	a7,8(a2)
10000e7e:	464c                	lw	a1,12(a2)
10000e80:	00171613          	slli	a2,a4,0x1
10000e84:	963a                	add	a2,a2,a4
10000e86:	00b7ce63          	blt	a5,a1,10000ea2 <alarm_pool_irq_handler+0x1c6>
10000e8a:	1ef58363          	beq	a1,a5,10001070 <alarm_pool_irq_handler+0x394>
10000e8e:	21066533          	sh3add	a0,a2,a6
10000e92:	00051703          	lh	a4,0(a0)
10000e96:	20e72633          	sh1add	a2,a4,a4
10000e9a:	21066633          	sh3add	a2,a2,a6
10000e9e:	fc075ee3          	bgez	a4,10000e7a <alarm_pool_irq_handler+0x19e>
10000ea2:	00ec1023          	sh	a4,0(s8)
10000ea6:	01651023          	sh	s6,0(a0)
10000eaa:	004ad783          	lhu	a5,4(s5)
10000eae:	60579793          	sext.h	a5,a5
10000eb2:	ea07c6e3          	bltz	a5,10000d5e <alarm_pool_irq_handler+0x82>
10000eb6:	010aa783          	lw	a5,16(s5)
10000eba:	30047773          	csrrci	a4,mstatus,8
10000ebe:	00379693          	slli	a3,a5,0x3
10000ec2:	28d016b3          	bset	a3,zero,a3
10000ec6:	9bf1                	andi	a5,a5,-4
10000ec8:	44d7a62f          	amoor.w.aq	a2,a3,(a5)
10000ecc:	8e75                	and	a2,a2,a3
10000ece:	fe6d                	bnez	a2,10000ec8 <alarm_pool_irq_handler+0x1ec>
10000ed0:	0330000f          	fence	rw,rw
10000ed4:	004ad883          	lhu	a7,4(s5)
10000ed8:	57fd                	li	a5,-1
10000eda:	00fa9223          	sh	a5,4(s5)
10000ede:	60589893          	sext.h	a7,a7
10000ee2:	010aa783          	lw	a5,16(s5)
10000ee6:	0330000f          	fence	rw,rw
10000eea:	00078023          	sb	zero,0(a5)
10000eee:	00877793          	andi	a5,a4,8
10000ef2:	3007a073          	csrs	mstatus,a5
10000ef6:	e608c4e3          	bltz	a7,10000d5e <alarm_pool_irq_handler+0x82>
10000efa:	014aa503          	lw	a0,20(s5)
10000efe:	008a9703          	lh	a4,8(s5)
10000f02:	2118a833          	sh1add	a6,a7,a7
10000f06:	20a86833          	sh3add	a6,a6,a0
10000f0a:	008a8593          	addi	a1,s5,8
10000f0e:	02074563          	bltz	a4,10000f38 <alarm_pool_irq_handler+0x25c>
10000f12:	00882303          	lw	t1,8(a6)
10000f16:	00c82603          	lw	a2,12(a6)
10000f1a:	a801                	j	10000f2a <alarm_pool_irq_handler+0x24e>
10000f1c:	0ec68b63          	beq	a3,a2,10001012 <alarm_pool_irq_handler+0x336>
10000f20:	00079703          	lh	a4,0(a5)
10000f24:	85be                	mv	a1,a5
10000f26:	00074963          	bltz	a4,10000f38 <alarm_pool_irq_handler+0x25c>
10000f2a:	20e727b3          	sh1add	a5,a4,a4
10000f2e:	20a7e7b3          	sh3add	a5,a5,a0
10000f32:	47d4                	lw	a3,12(a5)
10000f34:	fed654e3          	bge	a2,a3,10000f1c <alarm_pool_irq_handler+0x240>
10000f38:	01159023          	sh	a7,0(a1) # 1000 <SCRATCH_X_LENGTH>
10000f3c:	00081883          	lh	a7,0(a6)
10000f40:	00e81023          	sh	a4,0(a6)
10000f44:	fa08dde3          	bgez	a7,10000efe <alarm_pool_irq_handler+0x222>
10000f48:	006ac783          	lbu	a5,6(s5)
10000f4c:	e0078de3          	beqz	a5,10000d66 <alarm_pool_irq_handler+0x8a>
10000f50:	000a8323          	sb	zero,6(s5)
10000f54:	008a9b03          	lh	s6,8(s5)
10000f58:	55fd                	li	a1,-1
10000f5a:	875a                	mv	a4,s6
10000f5c:	e4bb0ee3          	beq	s6,a1,10000db8 <alarm_pool_irq_handler+0xdc>
10000f60:	014aa503          	lw	a0,20(s5)
10000f64:	20e727b3          	sh1add	a5,a4,a4
10000f68:	863a                	mv	a2,a4
10000f6a:	20a7e7b3          	sh3add	a5,a5,a0
10000f6e:	0027d683          	lhu	a3,2(a5)
10000f72:	00079703          	lh	a4,0(a5)
10000f76:	008a8813          	addi	a6,s5,8
10000f7a:	60569693          	sext.h	a3,a3
10000f7e:	0206c263          	bltz	a3,10000fa2 <alarm_pool_irq_handler+0x2c6>
10000f82:	883e                	mv	a6,a5
10000f84:	deb703e3          	beq	a4,a1,10000d6a <alarm_pool_irq_handler+0x8e>
10000f88:	20e727b3          	sh1add	a5,a4,a4
10000f8c:	20a7e7b3          	sh3add	a5,a5,a0
10000f90:	0027d683          	lhu	a3,2(a5)
10000f94:	863a                	mv	a2,a4
10000f96:	00079703          	lh	a4,0(a5)
10000f9a:	60569693          	sext.h	a3,a3
10000f9e:	fe06d2e3          	bgez	a3,10000f82 <alarm_pool_irq_handler+0x2a6>
10000fa2:	c780                	sw	s0,8(a5)
10000fa4:	c7c4                	sw	s1,12(a5)
10000fa6:	fccb0fe3          	beq	s6,a2,10000f84 <alarm_pool_irq_handler+0x2a8>
10000faa:	00e81023          	sh	a4,0(a6)
10000fae:	008ad683          	lhu	a3,8(s5)
10000fb2:	8b32                	mv	s6,a2
10000fb4:	00d79023          	sh	a3,0(a5)
10000fb8:	00ca9423          	sh	a2,8(s5)
10000fbc:	fcb716e3          	bne	a4,a1,10000f88 <alarm_pool_irq_handler+0x2ac>
10000fc0:	b36d                	j	10000d6a <alarm_pool_irq_handler+0x8e>
10000fc2:	d9a568e3          	bltu	a0,s10,10000d52 <alarm_pool_irq_handler+0x76>
10000fc6:	e20cdfe3          	bgez	s9,10000e04 <alarm_pool_irq_handler+0x128>
10000fca:	000c5703          	lhu	a4,0(s8)
10000fce:	010aa783          	lw	a5,16(s5)
10000fd2:	00ea9423          	sh	a4,8(s5)
10000fd6:	30047773          	csrrci	a4,mstatus,8
10000fda:	00379693          	slli	a3,a5,0x3
10000fde:	28d016b3          	bset	a3,zero,a3
10000fe2:	9bf1                	andi	a5,a5,-4
10000fe4:	44d7a62f          	amoor.w.aq	a2,a3,(a5)
10000fe8:	8e75                	and	a2,a2,a3
10000fea:	fe6d                	bnez	a2,10000fe4 <alarm_pool_irq_handler+0x308>
10000fec:	0330000f          	fence	rw,rw
10000ff0:	002ad683          	lhu	a3,2(s5)
10000ff4:	010aa783          	lw	a5,16(s5)
10000ff8:	00dc1023          	sh	a3,0(s8)
10000ffc:	016a9123          	sh	s6,2(s5)
10001000:	0330000f          	fence	rw,rw
10001004:	00078023          	sb	zero,0(a5)
10001008:	00877793          	andi	a5,a4,8
1000100c:	3007a073          	csrs	mstatus,a5
10001010:	b389                	j	10000d52 <alarm_pool_irq_handler+0x76>
10001012:	4794                	lw	a3,8(a5)
10001014:	f0d376e3          	bgeu	t1,a3,10000f20 <alarm_pool_irq_handler+0x244>
10001018:	01159023          	sh	a7,0(a1)
1000101c:	00081883          	lh	a7,0(a6)
10001020:	00e81023          	sh	a4,0(a6)
10001024:	ec08dde3          	bgez	a7,10000efe <alarm_pool_irq_handler+0x222>
10001028:	b705                	j	10000f48 <alarm_pool_irq_handler+0x26c>
1000102a:	d58b1fe3          	bne	s6,s8,10000d88 <alarm_pool_irq_handler+0xac>
1000102e:	bba5                	j	10000da6 <alarm_pool_irq_handler+0xca>
10001030:	4985                	li	s3,1
10001032:	87ce                	mv	a5,s3
10001034:	4901                	li	s2,0
10001036:	400b8bb7          	lui	s7,0x400b8
1000103a:	b1c5                	j	10000d1a <alarm_pool_irq_handler+0x3e>
1000103c:	855e                	mv	a0,s7
1000103e:	c63a                	sw	a4,12(sp)
10001040:	c43e                	sw	a5,8(sp)
10001042:	2555                	jal	100016e6 <timer_time_us_64>
10001044:	47a2                	lw	a5,8(sp)
10001046:	4732                	lw	a4,12(sp)
10001048:	00f506b3          	add	a3,a0,a5
1000104c:	00a6b7b3          	sltu	a5,a3,a0
10001050:	95ba                	add	a1,a1,a4
10001052:	97ae                	add	a5,a5,a1
10001054:	b3ed                	j	10000e3e <alarm_pool_irq_handler+0x162>
10001056:	499c                	lw	a5,16(a1)
10001058:	852e                	mv	a0,a1
1000105a:	c42e                	sw	a1,8(sp)
1000105c:	9782                	jalr	a5
1000105e:	d535                	beqz	a0,10000fca <alarm_pool_irq_handler+0x2ee>
10001060:	45a2                	lw	a1,8(sp)
10001062:	419c                	lw	a5,0(a1)
10001064:	41d8                	lw	a4,4(a1)
10001066:	bb75                	j	10000e22 <alarm_pool_irq_handler+0x146>
10001068:	4785                	li	a5,1
1000106a:	400b8bb7          	lui	s7,0x400b8
1000106e:	b175                	j	10000d1a <alarm_pool_irq_handler+0x3e>
10001070:	e116ffe3          	bgeu	a3,a7,10000e8e <alarm_pool_irq_handler+0x1b2>
10001074:	b53d                	j	10000ea2 <alarm_pool_irq_handler+0x1c6>

10001076 <runtime_init_default_alarm_pool>:
10001076:	200037b7          	lui	a5,0x20003
1000107a:	02478793          	addi	a5,a5,36 # 20003024 <default_alarm_pool>
1000107e:	4b98                	lw	a4,16(a5)
10001080:	c719                	beqz	a4,1000108e <runtime_init_default_alarm_pool+0x18>
10001082:	20004537          	lui	a0,0x20004
10001086:	b3c50513          	addi	a0,a0,-1220 # 20003b3c <sleep_notifier>
1000108a:	45a9                	li	a1,10
1000108c:	be0d                	j	10000bbe <lock_init>
1000108e:	1141                	addi	sp,sp,-16
10001090:	458d                	li	a1,3
10001092:	400b0537          	lui	a0,0x400b0
10001096:	c606                	sw	ra,12(sp)
10001098:	c422                	sw	s0,8(sp)
1000109a:	2d05                	jal	100016ca <timer_hardware_alarm_claim>
1000109c:	20003437          	lui	s0,0x20003
100010a0:	02440793          	addi	a5,s0,36 # 20003024 <default_alarm_pool>
100010a4:	400b0837          	lui	a6,0x400b0
100010a8:	0107a623          	sw	a6,12(a5)
100010ac:	988ff0ef          	jal	10000234 <next_striped_spin_lock_num>
100010b0:	02440793          	addi	a5,s0,36
100010b4:	85aa                	mv	a1,a0
100010b6:	450d                	li	a0,3
100010b8:	00a78023          	sb	a0,0(a5)
100010bc:	d0000737          	lui	a4,0xd0000
100010c0:	00072303          	lw	t1,0(a4) # d0000000 <__StackTop+0xaff7e000>
100010c4:	200036b7          	lui	a3,0x20003
100010c8:	4bd8                	lw	a4,20(a5)
100010ca:	57c68693          	addi	a3,a3,1404 # 2000357c <_sw_spin_locks>
100010ce:	00110637          	lui	a2,0x110
100010d2:	96ae                	add	a3,a3,a1
100010d4:	167d                	addi	a2,a2,-1 # 10ffff <RAM_LENGTH+0x8ffff>
100010d6:	48bd                	li	a7,15
100010d8:	cb94                	sw	a3,16(a5)
100010da:	006780a3          	sb	t1,1(a5)
100010de:	c790                	sw	a2,8(a5)
100010e0:	01179123          	sh	a7,2(a5)
100010e4:	55fd                	li	a1,-1
100010e6:	4309                	li	t1,2
100010e8:	4891                	li	a7,4
100010ea:	4615                	li	a2,5
100010ec:	4699                	li	a3,6
100010ee:	00b79223          	sh	a1,4(a5)
100010f2:	04671423          	sh	t1,72(a4)
100010f6:	07171c23          	sh	a7,120(a4)
100010fa:	08c71823          	sh	a2,144(a4)
100010fe:	0ad71423          	sh	a3,168(a4)
10001102:	429d                	li	t0,7
10001104:	46a1                	li	a3,8
10001106:	4fa5                	li	t6,9
10001108:	4f29                	li	t5,10
1000110a:	4ead                	li	t4,11
1000110c:	4e31                	li	t3,12
1000110e:	4335                	li	t1,13
10001110:	48b9                	li	a7,14
10001112:	4605                	li	a2,1
10001114:	0cd71c23          	sh	a3,216(a4)
10001118:	06a71023          	sh	a0,96(a4)
1000111c:	0c571023          	sh	t0,192(a4)
10001120:	0ff71823          	sh	t6,240(a4)
10001124:	11e71423          	sh	t5,264(a4)
10001128:	13d71023          	sh	t4,288(a4)
1000112c:	13c71c23          	sh	t3,312(a4)
10001130:	14671823          	sh	t1,336(a4)
10001134:	17171423          	sh	a7,360(a4)
10001138:	00b71023          	sh	a1,0(a4)
1000113c:	02c71823          	sh	a2,48(a4)
10001140:	00071c23          	sh	zero,24(a4)
10001144:	400b0837          	lui	a6,0x400b0
10001148:	100015b7          	lui	a1,0x10001
1000114c:	02d82023          	sw	a3,32(a6) # 400b0020 <__StackTop+0x2002e020>
10001150:	20004737          	lui	a4,0x20004
10001154:	cdc58593          	addi	a1,a1,-804 # 10000cdc <alarm_pool_irq_handler>
10001158:	b0f72623          	sw	a5,-1268(a4) # 20003b0c <pools+0xc>
1000115c:	9e2ff0ef          	jal	1000033e <irq_set_exclusive_handler>
10001160:	4585                	li	a1,1
10001162:	450d                	li	a0,3
10001164:	960ff0ef          	jal	100002c4 <irq_set_enabled>
10001168:	4422                	lw	s0,8(sp)
1000116a:	40b2                	lw	ra,12(sp)
1000116c:	400b27b7          	lui	a5,0x400b2
10001170:	46a1                	li	a3,8
10001172:	c3b4                	sw	a3,64(a5)
10001174:	20004537          	lui	a0,0x20004
10001178:	b3c50513          	addi	a0,a0,-1220 # 20003b3c <sleep_notifier>
1000117c:	45a9                	li	a1,10
1000117e:	0141                	addi	sp,sp,16
10001180:	bc3d                	j	10000bbe <lock_init>

10001182 <alarm_pool_get_default>:
10001182:	20003537          	lui	a0,0x20003
10001186:	02450513          	addi	a0,a0,36 # 20003024 <default_alarm_pool>
1000118a:	8082                	ret

1000118c <alarm_pool_add_alarm_at>:
1000118c:	7179                	addi	sp,sp,-48
1000118e:	d606                	sw	ra,44(sp)
10001190:	882a                	mv	a6,a0
10001192:	832e                	mv	t1,a1
10001194:	e795                	bnez	a5,100011c0 <alarm_pool_add_alarm_at+0x34>
10001196:	ce3a                	sw	a4,28(sp)
10001198:	cc36                	sw	a3,24(sp)
1000119a:	ca32                	sw	a2,20(sp)
1000119c:	c82e                	sw	a1,16(sp)
1000119e:	c62a                	sw	a0,12(sp)
100011a0:	2b99                	jal	100016f6 <time_us_64>
100011a2:	4342                	lw	t1,16(sp)
100011a4:	4652                	lw	a2,20(sp)
100011a6:	4832                	lw	a6,12(sp)
100011a8:	40a30533          	sub	a0,t1,a0
100011ac:	00a33533          	sltu	a0,t1,a0
100011b0:	40b605b3          	sub	a1,a2,a1
100011b4:	8d89                	sub	a1,a1,a0
100011b6:	46e2                	lw	a3,24(sp)
100011b8:	4772                	lw	a4,28(sp)
100011ba:	4501                	li	a0,0
100011bc:	0c05c663          	bltz	a1,10001288 <alarm_pool_add_alarm_at+0xfc>
100011c0:	01082783          	lw	a5,16(a6)
100011c4:	300475f3          	csrrci	a1,mstatus,8
100011c8:	00379513          	slli	a0,a5,0x3
100011cc:	28a01533          	bset	a0,zero,a0
100011d0:	9bf1                	andi	a5,a5,-4
100011d2:	44a7a8af          	amoor.w.aq	a7,a0,(a5)
100011d6:	00a8f8b3          	and	a7,a7,a0
100011da:	fe089ce3          	bnez	a7,100011d2 <alarm_pool_add_alarm_at+0x46>
100011de:	0330000f          	fence	rw,rw
100011e2:	00281883          	lh	a7,2(a6)
100011e6:	01082503          	lw	a0,16(a6)
100011ea:	89a1                	andi	a1,a1,8
100011ec:	0a08c163          	bltz	a7,1000128e <alarm_pool_add_alarm_at+0x102>
100011f0:	01482e03          	lw	t3,20(a6)
100011f4:	2118a7b3          	sh1add	a5,a7,a7
100011f8:	21c7e7b3          	sh3add	a5,a5,t3
100011fc:	0007de03          	lhu	t3,0(a5) # 400b2000 <__StackTop+0x20030000>
10001200:	01c81123          	sh	t3,2(a6)
10001204:	0330000f          	fence	rw,rw
10001208:	00050023          	sb	zero,0(a0)
1000120c:	3005a073          	csrs	mstatus,a1
10001210:	0027d583          	lhu	a1,2(a5)
10001214:	4e05                	li	t3,1
10001216:	01089513          	slli	a0,a7,0x10
1000121a:	95f2                	add	a1,a1,t3
1000121c:	05c6                	slli	a1,a1,0x11
1000121e:	81c5                	srli	a1,a1,0x11
10001220:	0bc5f5b3          	maxu	a1,a1,t3
10001224:	cbd8                	sw	a4,20(a5)
10001226:	cb94                	sw	a3,16(a5)
10001228:	0067a423          	sw	t1,8(a5)
1000122c:	c7d0                	sw	a2,12(a5)
1000122e:	00b79123          	sh	a1,2(a5)
10001232:	8d4d                	or	a0,a0,a1
10001234:	01082703          	lw	a4,16(a6)
10001238:	300476f3          	csrrci	a3,mstatus,8
1000123c:	00371613          	slli	a2,a4,0x3
10001240:	28c01633          	bset	a2,zero,a2
10001244:	9b71                	andi	a4,a4,-4
10001246:	44c725af          	amoor.w.aq	a1,a2,(a4)
1000124a:	8df1                	and	a1,a1,a2
1000124c:	fded                	bnez	a1,10001246 <alarm_pool_add_alarm_at+0xba>
1000124e:	0330000f          	fence	rw,rw
10001252:	00485603          	lhu	a2,4(a6)
10001256:	01082703          	lw	a4,16(a6)
1000125a:	00c79023          	sh	a2,0(a5)
1000125e:	01181223          	sh	a7,4(a6)
10001262:	0330000f          	fence	rw,rw
10001266:	00070023          	sb	zero,0(a4)
1000126a:	0086f793          	andi	a5,a3,8
1000126e:	3007a073          	csrs	mstatus,a5
10001272:	00084703          	lbu	a4,0(a6)
10001276:	00c82783          	lw	a5,12(a6)
1000127a:	6689                	lui	a3,0x2
1000127c:	04468693          	addi	a3,a3,68 # 2044 <SCRATCH_X_LENGTH+0x1044>
10001280:	28e01733          	bset	a4,zero,a4
10001284:	97b6                	add	a5,a5,a3
10001286:	c398                	sw	a4,0(a5)
10001288:	50b2                	lw	ra,44(sp)
1000128a:	6145                	addi	sp,sp,48
1000128c:	8082                	ret
1000128e:	0330000f          	fence	rw,rw
10001292:	00050023          	sb	zero,0(a0)
10001296:	3005a073          	csrs	mstatus,a1
1000129a:	50b2                	lw	ra,44(sp)
1000129c:	557d                	li	a0,-1
1000129e:	6145                	addi	sp,sp,48
100012a0:	8082                	ret

100012a2 <alarm_pool_add_alarm_at_force_in_context>:
100012a2:	83b2                	mv	t2,a2
100012a4:	87aa                	mv	a5,a0
100012a6:	4910                	lw	a2,16(a0)
100012a8:	832e                	mv	t1,a1
100012aa:	300475f3          	csrrci	a1,mstatus,8
100012ae:	00361513          	slli	a0,a2,0x3
100012b2:	28a01533          	bset	a0,zero,a0
100012b6:	9a71                	andi	a2,a2,-4
100012b8:	44a6282f          	amoor.w.aq	a6,a0,(a2)
100012bc:	00a87833          	and	a6,a6,a0
100012c0:	fe081ce3          	bnez	a6,100012b8 <alarm_pool_add_alarm_at_force_in_context+0x16>
100012c4:	0330000f          	fence	rw,rw
100012c8:	00279883          	lh	a7,2(a5)
100012cc:	0085f613          	andi	a2,a1,8
100012d0:	4b8c                	lw	a1,16(a5)
100012d2:	0808ce63          	bltz	a7,1000136e <alarm_pool_add_alarm_at_force_in_context+0xcc>
100012d6:	4bc8                	lw	a0,20(a5)
100012d8:	2118a833          	sh1add	a6,a7,a7
100012dc:	20a86833          	sh3add	a6,a6,a0
100012e0:	00085503          	lhu	a0,0(a6)
100012e4:	00a79123          	sh	a0,2(a5)
100012e8:	0330000f          	fence	rw,rw
100012ec:	00058023          	sb	zero,0(a1)
100012f0:	30062073          	csrs	mstatus,a2
100012f4:	00285603          	lhu	a2,2(a6)
100012f8:	4585                	li	a1,1
100012fa:	01089513          	slli	a0,a7,0x10
100012fe:	962e                	add	a2,a2,a1
10001300:	0646                	slli	a2,a2,0x11
10001302:	8245                	srli	a2,a2,0x11
10001304:	0ab67633          	maxu	a2,a2,a1
10001308:	00e82a23          	sw	a4,20(a6)
1000130c:	00d82823          	sw	a3,16(a6)
10001310:	00682423          	sw	t1,8(a6)
10001314:	00782623          	sw	t2,12(a6)
10001318:	00c81123          	sh	a2,2(a6)
1000131c:	8d51                	or	a0,a0,a2
1000131e:	4b98                	lw	a4,16(a5)
10001320:	300476f3          	csrrci	a3,mstatus,8
10001324:	00371613          	slli	a2,a4,0x3
10001328:	28c01633          	bset	a2,zero,a2
1000132c:	9b71                	andi	a4,a4,-4
1000132e:	44c725af          	amoor.w.aq	a1,a2,(a4)
10001332:	8df1                	and	a1,a1,a2
10001334:	fded                	bnez	a1,1000132e <alarm_pool_add_alarm_at_force_in_context+0x8c>
10001336:	0330000f          	fence	rw,rw
1000133a:	0047d603          	lhu	a2,4(a5)
1000133e:	4b98                	lw	a4,16(a5)
10001340:	00c81023          	sh	a2,0(a6)
10001344:	01179223          	sh	a7,4(a5)
10001348:	0330000f          	fence	rw,rw
1000134c:	00070023          	sb	zero,0(a4)
10001350:	0086f713          	andi	a4,a3,8
10001354:	30072073          	csrs	mstatus,a4
10001358:	0007c703          	lbu	a4,0(a5)
1000135c:	47dc                	lw	a5,12(a5)
1000135e:	6689                	lui	a3,0x2
10001360:	04468693          	addi	a3,a3,68 # 2044 <SCRATCH_X_LENGTH+0x1044>
10001364:	28e01733          	bset	a4,zero,a4
10001368:	97b6                	add	a5,a5,a3
1000136a:	c398                	sw	a4,0(a5)
1000136c:	8082                	ret
1000136e:	0330000f          	fence	rw,rw
10001372:	00058023          	sb	zero,0(a1)
10001376:	30062073          	csrs	mstatus,a2
1000137a:	557d                	li	a0,-1
1000137c:	8082                	ret

1000137e <alarm_pool_cancel_alarm>:
1000137e:	00a55703          	lhu	a4,10(a0)
10001382:	4105d793          	srai	a5,a1,0x10
10001386:	04e7d863          	bge	a5,a4,100013d6 <alarm_pool_cancel_alarm+0x58>
1000138a:	4954                	lw	a3,20(a0)
1000138c:	20f7a7b3          	sh1add	a5,a5,a5
10001390:	4918                	lw	a4,16(a0)
10001392:	20d7e7b3          	sh3add	a5,a5,a3
10001396:	300476f3          	csrrci	a3,mstatus,8
1000139a:	00371613          	slli	a2,a4,0x3
1000139e:	28c01633          	bset	a2,zero,a2
100013a2:	9b71                	andi	a4,a4,-4
100013a4:	44c7282f          	amoor.w.aq	a6,a2,(a4)
100013a8:	00c87833          	and	a6,a6,a2
100013ac:	fe081ce3          	bnez	a6,100013a4 <alarm_pool_cancel_alarm+0x26>
100013b0:	0330000f          	fence	rw,rw
100013b4:	0027d603          	lhu	a2,2(a5)
100013b8:	0805c5b3          	zext.h	a1,a1
100013bc:	0086f713          	andi	a4,a3,8
100013c0:	080646b3          	zext.h	a3,a2
100013c4:	00b60b63          	beq	a2,a1,100013da <alarm_pool_cancel_alarm+0x5c>
100013c8:	491c                	lw	a5,16(a0)
100013ca:	0330000f          	fence	rw,rw
100013ce:	00078023          	sb	zero,0(a5)
100013d2:	30072073          	csrs	mstatus,a4
100013d6:	4501                	li	a0,0
100013d8:	8082                	ret
100013da:	7661                	lui	a2,0xffff8
100013dc:	8ed1                	or	a3,a3,a2
100013de:	00d79123          	sh	a3,2(a5)
100013e2:	4785                	li	a5,1
100013e4:	00f50323          	sb	a5,6(a0)
100013e8:	4914                	lw	a3,16(a0)
100013ea:	0330000f          	fence	rw,rw
100013ee:	00068023          	sb	zero,0(a3)
100013f2:	30072073          	csrs	mstatus,a4
100013f6:	00054683          	lbu	a3,0(a0)
100013fa:	4558                	lw	a4,12(a0)
100013fc:	6609                	lui	a2,0x2
100013fe:	04460613          	addi	a2,a2,68 # 2044 <SCRATCH_X_LENGTH+0x1044>
10001402:	28d016b3          	bset	a3,zero,a3
10001406:	9732                	add	a4,a4,a2
10001408:	853e                	mv	a0,a5
1000140a:	c314                	sw	a3,0(a4)
1000140c:	8082                	ret

1000140e <alarm_pool_core_num>:
1000140e:	00154503          	lbu	a0,1(a0)
10001412:	8082                	ret

10001414 <sleep_ms>:
10001414:	1101                	addi	sp,sp,-32
10001416:	cc22                	sw	s0,24(sp)
10001418:	ca26                	sw	s1,20(sp)
1000141a:	c64e                	sw	s3,12(sp)
1000141c:	84aa                	mv	s1,a0
1000141e:	ce06                	sw	ra,28(sp)
10001420:	c84a                	sw	s2,16(sp)
10001422:	2cd1                	jal	100016f6 <time_us_64>
10001424:	3e800713          	li	a4,1000
10001428:	02e48433          	mul	s0,s1,a4
1000142c:	800007b7          	lui	a5,0x80000
10001430:	17fd                	addi	a5,a5,-1 # 7fffffff <__StackTop+0x5ff7dfff>
10001432:	02e4b4b3          	mulhu	s1,s1,a4
10001436:	00a409b3          	add	s3,s0,a0
1000143a:	0089b433          	sltu	s0,s3,s0
1000143e:	94ae                	add	s1,s1,a1
10001440:	9426                	add	s0,s0,s1
10001442:	0087f463          	bgeu	a5,s0,1000144a <sleep_ms+0x36>
10001446:	843e                	mv	s0,a5
10001448:	59fd                	li	s3,-1
1000144a:	ffa98493          	addi	s1,s3,-6
1000144e:	0134b933          	sltu	s2,s1,s3
10001452:	fff40793          	addi	a5,s0,-1
10001456:	993e                	add	s2,s2,a5
10001458:	03246a63          	bltu	s0,s2,1000148c <sleep_ms+0x78>
1000145c:	02890663          	beq	s2,s0,10001488 <sleep_ms+0x74>
10001460:	2c59                	jal	100016f6 <time_us_64>
10001462:	40a48533          	sub	a0,s1,a0
10001466:	40b905b3          	sub	a1,s2,a1
1000146a:	00a4b7b3          	sltu	a5,s1,a0
1000146e:	8d9d                	sub	a1,a1,a5
10001470:	02b04a63          	bgtz	a1,100014a4 <sleep_ms+0x90>
10001474:	c1f1                	beqz	a1,10001538 <sleep_ms+0x124>
10001476:	85a2                	mv	a1,s0
10001478:	4462                	lw	s0,24(sp)
1000147a:	40f2                	lw	ra,28(sp)
1000147c:	44d2                	lw	s1,20(sp)
1000147e:	4942                	lw	s2,16(sp)
10001480:	854e                	mv	a0,s3
10001482:	49b2                	lw	s3,12(sp)
10001484:	6105                	addi	sp,sp,32
10001486:	a4e5                	j	1000176e <busy_wait_until>
10001488:	fc99fce3          	bgeu	s3,s1,10001460 <sleep_ms+0x4c>
1000148c:	24ad                	jal	100016f6 <time_us_64>
1000148e:	4481                	li	s1,0
10001490:	4901                	li	s2,0
10001492:	40a48533          	sub	a0,s1,a0
10001496:	40b905b3          	sub	a1,s2,a1
1000149a:	00a4b7b3          	sltu	a5,s1,a0
1000149e:	8d9d                	sub	a1,a1,a5
100014a0:	fcb05ae3          	blez	a1,10001474 <sleep_ms+0x60>
100014a4:	2c89                	jal	100016f6 <time_us_64>
100014a6:	40a48533          	sub	a0,s1,a0
100014aa:	00a4b533          	sltu	a0,s1,a0
100014ae:	40b905b3          	sub	a1,s2,a1
100014b2:	8d89                	sub	a1,a1,a0
100014b4:	0205c163          	bltz	a1,100014d6 <sleep_ms+0xc2>
100014b8:	100016b7          	lui	a3,0x10001
100014bc:	20003537          	lui	a0,0x20003
100014c0:	c9268693          	addi	a3,a3,-878 # 10000c92 <sleep_until_callback>
100014c4:	02450513          	addi	a0,a0,36 # 20003024 <default_alarm_pool>
100014c8:	4701                	li	a4,0
100014ca:	85a6                	mv	a1,s1
100014cc:	864a                	mv	a2,s2
100014ce:	3bd1                	jal	100012a2 <alarm_pool_add_alarm_at_force_in_context>
100014d0:	57fd                	li	a5,-1
100014d2:	faf502e3          	beq	a0,a5,10001476 <sleep_ms+0x62>
100014d6:	400b06b7          	lui	a3,0x400b0
100014da:	200045b7          	lui	a1,0x20004
100014de:	52dc                	lw	a5,36(a3)
100014e0:	0127e763          	bltu	a5,s2,100014ee <sleep_ms+0xda>
100014e4:	5698                	lw	a4,40(a3)
100014e6:	f8f918e3          	bne	s2,a5,10001476 <sleep_ms+0x62>
100014ea:	f89776e3          	bgeu	a4,s1,10001476 <sleep_ms+0x62>
100014ee:	b3c5a783          	lw	a5,-1220(a1) # 20003b3c <sleep_notifier>
100014f2:	30047773          	csrrci	a4,mstatus,8
100014f6:	00379513          	slli	a0,a5,0x3
100014fa:	28a01533          	bset	a0,zero,a0
100014fe:	9bf1                	andi	a5,a5,-4
10001500:	44a7a82f          	amoor.w.aq	a6,a0,(a5)
10001504:	00a87833          	and	a6,a6,a0
10001508:	fe081ce3          	bnez	a6,10001500 <sleep_ms+0xec>
1000150c:	0330000f          	fence	rw,rw
10001510:	8091c783          	lbu	a5,-2039(gp) # 20003b3a <lock_internal_notify_count>
10001514:	b3c5a503          	lw	a0,-1220(a1)
10001518:	0ff7f793          	zext.b	a5,a5
1000151c:	0330000f          	fence	rw,rw
10001520:	00050023          	sb	zero,0(a0)
10001524:	8b21                	andi	a4,a4,8
10001526:	30072073          	csrs	mstatus,a4
1000152a:	8091c703          	lbu	a4,-2039(gp) # 20003b3a <lock_internal_notify_count>
1000152e:	00f70763          	beq	a4,a5,1000153c <sleep_ms+0x128>
10001532:	00002033          	sltz	zero,zero
10001536:	b765                	j	100014de <sleep_ms+0xca>
10001538:	dd1d                	beqz	a0,10001476 <sleep_ms+0x62>
1000153a:	b7ad                	j	100014a4 <sleep_ms+0x90>
1000153c:	00002033          	sltz	zero,zero
10001540:	00002033          	sltz	zero,zero
10001544:	bf69                	j	100014de <sleep_ms+0xca>

10001546 <best_effort_wfe_or_timeout>:
10001546:	be5027f3          	csrr	a5,0xbe5
1000154a:	01079713          	slli	a4,a5,0x10
1000154e:	08075163          	bgez	a4,100015d0 <best_effort_wfe_or_timeout+0x8a>
10001552:	200038b7          	lui	a7,0x20003
10001556:	2388a783          	lw	a5,568(a7) # 20003238 <last_added.0>
1000155a:	862e                	mv	a2,a1
1000155c:	882a                	mv	a6,a0
1000155e:	08a78a63          	beq	a5,a0,100015f2 <best_effort_wfe_or_timeout+0xac>
10001562:	200037b7          	lui	a5,0x20003
10001566:	1101                	addi	sp,sp,-32
10001568:	02478793          	addi	a5,a5,36 # 20003024 <default_alarm_pool>
1000156c:	47d8                	lw	a4,12(a5)
1000156e:	ce06                	sw	ra,28(sp)
10001570:	0007c783          	lbu	a5,0(a5)
10001574:	853a                	mv	a0,a4
10001576:	c632                	sw	a2,12(sp)
10001578:	c442                	sw	a6,8(sp)
1000157a:	c23e                	sw	a5,4(sp)
1000157c:	c03a                	sw	a4,0(sp)
1000157e:	22a5                	jal	100016e6 <timer_time_us_64>
10001580:	4702                	lw	a4,0(sp)
10001582:	4792                	lw	a5,4(sp)
10001584:	4822                	lw	a6,8(sp)
10001586:	4632                	lw	a2,12(sp)
10001588:	20e7c7b3          	sh2add	a5,a5,a4
1000158c:	4b9c                	lw	a5,16(a5)
1000158e:	40a80733          	sub	a4,a6,a0
10001592:	40b605b3          	sub	a1,a2,a1
10001596:	00e836b3          	sltu	a3,a6,a4
1000159a:	8d95                	sub	a1,a1,a3
1000159c:	8f89                	sub	a5,a5,a0
1000159e:	0605c763          	bltz	a1,1000160c <best_effort_wfe_or_timeout+0xc6>
100015a2:	e199                	bnez	a1,100015a8 <best_effort_wfe_or_timeout+0x62>
100015a4:	06f76463          	bltu	a4,a5,1000160c <best_effort_wfe_or_timeout+0xc6>
100015a8:	00002033          	sltz	zero,zero
100015ac:	400b0737          	lui	a4,0x400b0
100015b0:	535c                	lw	a5,36(a4)
100015b2:	0ec7ed63          	bltu	a5,a2,100016ac <best_effort_wfe_or_timeout+0x166>
100015b6:	5718                	lw	a4,40(a4)
100015b8:	8f91                	sub	a5,a5,a2
100015ba:	00f037b3          	snez	a5,a5
100015be:	01073733          	sltu	a4,a4,a6
100015c2:	00173713          	seqz	a4,a4
100015c6:	8fd9                	or	a5,a5,a4
100015c8:	40f2                	lw	ra,28(sp)
100015ca:	853e                	mv	a0,a5
100015cc:	6105                	addi	sp,sp,32
100015ce:	8082                	ret
100015d0:	400b06b7          	lui	a3,0x400b0
100015d4:	52d8                	lw	a4,36(a3)
100015d6:	4781                	li	a5,0
100015d8:	00b76b63          	bltu	a4,a1,100015ee <best_effort_wfe_or_timeout+0xa8>
100015dc:	569c                	lw	a5,40(a3)
100015de:	8f0d                	sub	a4,a4,a1
100015e0:	00e03733          	snez	a4,a4
100015e4:	00a7b7b3          	sltu	a5,a5,a0
100015e8:	0017b793          	seqz	a5,a5
100015ec:	8fd9                	or	a5,a5,a4
100015ee:	853e                	mv	a0,a5
100015f0:	8082                	ret
100015f2:	23c8a783          	lw	a5,572(a7)
100015f6:	f6b796e3          	bne	a5,a1,10001562 <best_effort_wfe_or_timeout+0x1c>
100015fa:	00002033          	sltz	zero,zero
100015fe:	400b0737          	lui	a4,0x400b0
10001602:	535c                	lw	a5,36(a4)
10001604:	0ab7f963          	bgeu	a5,a1,100016b6 <best_effort_wfe_or_timeout+0x170>
10001608:	4781                	li	a5,0
1000160a:	b7d5                	j	100015ee <best_effort_wfe_or_timeout+0xa8>
1000160c:	c232                	sw	a2,4(sp)
1000160e:	c042                	sw	a6,0(sp)
10001610:	20dd                	jal	100016f6 <time_us_64>
10001612:	4802                	lw	a6,0(sp)
10001614:	4612                	lw	a2,4(sp)
10001616:	40a80533          	sub	a0,a6,a0
1000161a:	00a83533          	sltu	a0,a6,a0
1000161e:	40b605b3          	sub	a1,a2,a1
10001622:	8d89                	sub	a1,a1,a0
10001624:	0605cf63          	bltz	a1,100016a2 <best_effort_wfe_or_timeout+0x15c>
10001628:	200037b7          	lui	a5,0x20003
1000162c:	100016b7          	lui	a3,0x10001
10001630:	85c2                	mv	a1,a6
10001632:	c9268693          	addi	a3,a3,-878 # 10000c92 <sleep_until_callback>
10001636:	4701                	li	a4,0
10001638:	02478513          	addi	a0,a5,36 # 20003024 <default_alarm_pool>
1000163c:	c242                	sw	a6,4(sp)
1000163e:	c032                	sw	a2,0(sp)
10001640:	318d                	jal	100012a2 <alarm_pool_add_alarm_at_force_in_context>
10001642:	4602                	lw	a2,0(sp)
10001644:	4812                	lw	a6,4(sp)
10001646:	200038b7          	lui	a7,0x20003
1000164a:	04a05c63          	blez	a0,100016a2 <best_effort_wfe_or_timeout+0x15c>
1000164e:	400b0737          	lui	a4,0x400b0
10001652:	535c                	lw	a5,36(a4)
10001654:	2308ac23          	sw	a6,568(a7) # 20003238 <last_added.0>
10001658:	22c8ae23          	sw	a2,572(a7)
1000165c:	00c7e763          	bltu	a5,a2,1000166a <best_effort_wfe_or_timeout+0x124>
10001660:	5718                	lw	a4,40(a4)
10001662:	00c79663          	bne	a5,a2,1000166e <best_effort_wfe_or_timeout+0x128>
10001666:	01077463          	bgeu	a4,a6,1000166e <best_effort_wfe_or_timeout+0x128>
1000166a:	00002033          	sltz	zero,zero
1000166e:	200037b7          	lui	a5,0x20003
10001672:	85aa                	mv	a1,a0
10001674:	02478513          	addi	a0,a5,36 # 20003024 <default_alarm_pool>
10001678:	c032                	sw	a2,0(sp)
1000167a:	c242                	sw	a6,4(sp)
1000167c:	3309                	jal	1000137e <alarm_pool_cancel_alarm>
1000167e:	400b06b7          	lui	a3,0x400b0
10001682:	52d8                	lw	a4,36(a3)
10001684:	4602                	lw	a2,0(sp)
10001686:	4781                	li	a5,0
10001688:	f4c760e3          	bltu	a4,a2,100015c8 <best_effort_wfe_or_timeout+0x82>
1000168c:	569c                	lw	a5,40(a3)
1000168e:	4812                	lw	a6,4(sp)
10001690:	8f11                	sub	a4,a4,a2
10001692:	00e03733          	snez	a4,a4
10001696:	0107b7b3          	sltu	a5,a5,a6
1000169a:	0017b793          	seqz	a5,a5
1000169e:	8fd9                	or	a5,a5,a4
100016a0:	b725                	j	100015c8 <best_effort_wfe_or_timeout+0x82>
100016a2:	400b0737          	lui	a4,0x400b0
100016a6:	535c                	lw	a5,36(a4)
100016a8:	f0c7f7e3          	bgeu	a5,a2,100015b6 <best_effort_wfe_or_timeout+0x70>
100016ac:	40f2                	lw	ra,28(sp)
100016ae:	4781                	li	a5,0
100016b0:	853e                	mv	a0,a5
100016b2:	6105                	addi	sp,sp,32
100016b4:	8082                	ret
100016b6:	5718                	lw	a4,40(a4)
100016b8:	8f8d                	sub	a5,a5,a1
100016ba:	00f037b3          	snez	a5,a5
100016be:	00a73733          	sltu	a4,a4,a0
100016c2:	00173713          	seqz	a4,a4
100016c6:	8fd9                	or	a5,a5,a4
100016c8:	b71d                	j	100015ee <best_effort_wfe_or_timeout+0xa8>

100016ca <timer_hardware_alarm_claim>:
100016ca:	bff487b7          	lui	a5,0xbff48
100016ce:	97aa                	add	a5,a5,a0
100016d0:	0017b793          	seqz	a5,a5
100016d4:	80f18513          	addi	a0,gp,-2033 # 20003b40 <claimed>
100016d8:	1000d637          	lui	a2,0x1000d
100016dc:	953e                	add	a0,a0,a5
100016de:	aa060613          	addi	a2,a2,-1376 # 1000caa0 <__init_array_end+0x48>
100016e2:	a69fe06f          	j	1000014a <hw_claim_or_assert>

100016e6 <timer_time_us_64>:
100016e6:	514c                	lw	a1,36(a0)
100016e8:	87aa                	mv	a5,a0
100016ea:	5788                	lw	a0,40(a5)
100016ec:	872e                	mv	a4,a1
100016ee:	53cc                	lw	a1,36(a5)
100016f0:	feb71de3          	bne	a4,a1,100016ea <timer_time_us_64+0x4>
100016f4:	8082                	ret

100016f6 <time_us_64>:
100016f6:	400b07b7          	lui	a5,0x400b0
100016fa:	53cc                	lw	a1,36(a5)
100016fc:	5788                	lw	a0,40(a5)
100016fe:	872e                	mv	a4,a1
10001700:	53cc                	lw	a1,36(a5)
10001702:	fee59de3          	bne	a1,a4,100016fc <time_us_64+0x6>
10001706:	8082                	ret

10001708 <busy_wait_us>:
10001708:	400b0737          	lui	a4,0x400b0
1000170c:	535c                	lw	a5,36(a4)
1000170e:	02872803          	lw	a6,40(a4) # 400b0028 <__StackTop+0x2002e028>
10001712:	86be                	mv	a3,a5
10001714:	535c                	lw	a5,36(a4)
10001716:	fed79ce3          	bne	a5,a3,1000170e <busy_wait_us+0x6>
1000171a:	01050633          	add	a2,a0,a6
1000171e:	95be                	add	a1,a1,a5
10001720:	00a63533          	sltu	a0,a2,a0
10001724:	952e                	add	a0,a0,a1
10001726:	02f56c63          	bltu	a0,a5,1000175e <busy_wait_us+0x56>
1000172a:	02a78863          	beq	a5,a0,1000175a <busy_wait_us+0x52>
1000172e:	400b07b7          	lui	a5,0x400b0
10001732:	53dc                	lw	a5,36(a5)
10001734:	00a7f763          	bgeu	a5,a0,10001742 <busy_wait_us+0x3a>
10001738:	400b0737          	lui	a4,0x400b0
1000173c:	535c                	lw	a5,36(a4)
1000173e:	fea7efe3          	bltu	a5,a0,1000173c <busy_wait_us+0x34>
10001742:	00a79b63          	bne	a5,a0,10001758 <busy_wait_us+0x50>
10001746:	400b0737          	lui	a4,0x400b0
1000174a:	a021                	j	10001752 <busy_wait_us+0x4a>
1000174c:	5354                	lw	a3,36(a4)
1000174e:	00f69563          	bne	a3,a5,10001758 <busy_wait_us+0x50>
10001752:	5714                	lw	a3,40(a4)
10001754:	fec6ece3          	bltu	a3,a2,1000174c <busy_wait_us+0x44>
10001758:	8082                	ret
1000175a:	fd067ae3          	bgeu	a2,a6,1000172e <busy_wait_us+0x26>
1000175e:	400b07b7          	lui	a5,0x400b0
10001762:	53dc                	lw	a5,36(a5)
10001764:	557d                	li	a0,-1
10001766:	862a                	mv	a2,a0
10001768:	fca798e3          	bne	a5,a0,10001738 <busy_wait_us+0x30>
1000176c:	bfe9                	j	10001746 <busy_wait_us+0x3e>

1000176e <busy_wait_until>:
1000176e:	400b0737          	lui	a4,0x400b0
10001772:	535c                	lw	a5,36(a4)
10001774:	feb7efe3          	bltu	a5,a1,10001772 <busy_wait_until+0x4>
10001778:	00f59b63          	bne	a1,a5,1000178e <busy_wait_until+0x20>
1000177c:	400b07b7          	lui	a5,0x400b0
10001780:	a021                	j	10001788 <busy_wait_until+0x1a>
10001782:	53d8                	lw	a4,36(a5)
10001784:	00e59563          	bne	a1,a4,1000178e <busy_wait_until+0x20>
10001788:	5798                	lw	a4,40(a5)
1000178a:	fea76ce3          	bltu	a4,a0,10001782 <busy_wait_until+0x14>
1000178e:	8082                	ret

10001790 <uart_init>:
10001790:	1101                	addi	sp,sp,-32
10001792:	cc22                	sw	s0,24(sp)
10001794:	842a                	mv	s0,a0
10001796:	4519                	li	a0,6
10001798:	ca26                	sw	s1,20(sp)
1000179a:	ce06                	sw	ra,28(sp)
1000179c:	84ae                	mv	s1,a1
1000179e:	2afd                	jal	1000199c <clock_get_hz>
100017a0:	cd51                	beqz	a0,1000183c <uart_init+0xac>
100017a2:	400787b7          	lui	a5,0x40078
100017a6:	04000737          	lui	a4,0x4000
100017aa:	0ef40d63          	beq	s0,a5,100018a4 <uart_init+0x114>
100017ae:	400227b7          	lui	a5,0x40022
100017b2:	c398                	sw	a4,0(a5)
100017b4:	400206b7          	lui	a3,0x40020
100017b8:	400237b7          	lui	a5,0x40023
100017bc:	c398                	sw	a4,0(a5)
100017be:	06a1                	addi	a3,a3,8 # 40020008 <__StackTop+0x1ff9e008>
100017c0:	429c                	lw	a5,0(a3)
100017c2:	40f777b3          	andn	a5,a4,a5
100017c6:	ffed                	bnez	a5,100017c0 <uart_init+0x30>
100017c8:	bff887b7          	lui	a5,0xbff88
100017cc:	97a2                	add	a5,a5,s0
100017ce:	81318713          	addi	a4,gp,-2029 # 20003b44 <uart_char_to_line_feed>
100017d2:	0017b793          	seqz	a5,a5
100017d6:	20e7a7b3          	sh1add	a5,a5,a4
100017da:	4519                	li	a0,6
100017dc:	10000713          	li	a4,256
100017e0:	00e79023          	sh	a4,0(a5) # bff88000 <__StackTop+0x9ff06000>
100017e4:	2a65                	jal	1000199c <clock_get_hz>
100017e6:	00351793          	slli	a5,a0,0x3
100017ea:	0297d7b3          	divu	a5,a5,s1
100017ee:	0785                	addi	a5,a5,1
100017f0:	0077d713          	srli	a4,a5,0x7
100017f4:	eb29                	bnez	a4,10001846 <uart_init+0xb6>
100017f6:	04000493          	li	s1,64
100017fa:	4685                	li	a3,1
100017fc:	d054                	sw	a3,36(s0)
100017fe:	d418                	sw	a4,40(s0)
10001800:	5818                	lw	a4,48(s0)
10001802:	00177793          	andi	a5,a4,1
10001806:	e3ad                	bnez	a5,10001868 <uart_init+0xd8>
10001808:	6785                	lui	a5,0x1
1000180a:	02c78793          	addi	a5,a5,44 # 102c <SCRATCH_X_LENGTH+0x2c>
1000180e:	97a2                	add	a5,a5,s0
10001810:	5454                	lw	a3,44(s0)
10001812:	0007a023          	sw	zero,0(a5)
10001816:	d818                	sw	a4,48(s0)
10001818:	4519                	li	a0,6
1000181a:	c43e                	sw	a5,8(sp)
1000181c:	2241                	jal	1000199c <clock_get_hz>
1000181e:	050a                	slli	a0,a0,0x2
10001820:	02955533          	divu	a0,a0,s1
10001824:	5458                	lw	a4,44(s0)
10001826:	47a2                	lw	a5,8(sp)
10001828:	30100613          	li	a2,769
1000182c:	07074713          	xori	a4,a4,112
10001830:	07e77713          	andi	a4,a4,126
10001834:	c398                	sw	a4,0(a5)
10001836:	468d                	li	a3,3
10001838:	d810                	sw	a2,48(s0)
1000183a:	c434                	sw	a3,72(s0)
1000183c:	40f2                	lw	ra,28(sp)
1000183e:	4462                	lw	s0,24(sp)
10001840:	44d2                	lw	s1,20(sp)
10001842:	6105                	addi	sp,sp,32
10001844:	8082                	ret
10001846:	6641                	lui	a2,0x10
10001848:	1679                	addi	a2,a2,-2 # fffe <XIP_RAM_LENGTH+0xbffe>
1000184a:	66c1                	lui	a3,0x10
1000184c:	04e67f63          	bgeu	a2,a4,100018aa <uart_init+0x11a>
10001850:	16fd                	addi	a3,a3,-1 # ffff <XIP_RAM_LENGTH+0xbfff>
10001852:	4701                	li	a4,0
10001854:	d054                	sw	a3,36(s0)
10001856:	d418                	sw	a4,40(s0)
10001858:	5818                	lw	a4,48(s0)
1000185a:	004004b7          	lui	s1,0x400
1000185e:	fc048493          	addi	s1,s1,-64 # 3fffc0 <RAM_LENGTH+0x37ffc0>
10001862:	00177793          	andi	a5,a4,1
10001866:	d3cd                	beqz	a5,10001808 <uart_init+0x78>
10001868:	678d                	lui	a5,0x3
1000186a:	03078793          	addi	a5,a5,48 # 3030 <SCRATCH_X_LENGTH+0x2030>
1000186e:	97a2                	add	a5,a5,s0
10001870:	30100693          	li	a3,769
10001874:	c394                	sw	a3,0(a5)
10001876:	505c                	lw	a5,36(s0)
10001878:	5414                	lw	a3,40(s0)
1000187a:	4519                	li	a0,6
1000187c:	079a                	slli	a5,a5,0x6
1000187e:	97b6                	add	a5,a5,a3
10001880:	c63a                	sw	a4,12(sp)
10001882:	c43e                	sw	a5,8(sp)
10001884:	2a21                	jal	1000199c <clock_get_hz>
10001886:	8f2b86b7          	lui	a3,0x8f2b8
1000188a:	b7568693          	addi	a3,a3,-1163 # 8f2b7b75 <__StackTop+0x6f235b75>
1000188e:	02d53533          	mulhu	a0,a0,a3
10001892:	47a2                	lw	a5,8(sp)
10001894:	4581                	li	a1,0
10001896:	07aa                	slli	a5,a5,0xa
10001898:	812d                	srli	a0,a0,0xb
1000189a:	02a7d533          	divu	a0,a5,a0
1000189e:	35ad                	jal	10001708 <busy_wait_us>
100018a0:	4732                	lw	a4,12(sp)
100018a2:	b79d                	j	10001808 <uart_init+0x78>
100018a4:	08000737          	lui	a4,0x8000
100018a8:	b719                	j	100017ae <uart_init+0x1e>
100018aa:	8385                	srli	a5,a5,0x1
100018ac:	00671693          	slli	a3,a4,0x6
100018b0:	03f7f793          	andi	a5,a5,63
100018b4:	00f684b3          	add	s1,a3,a5
100018b8:	86ba                	mv	a3,a4
100018ba:	873e                	mv	a4,a5
100018bc:	b781                	j	100017fc <uart_init+0x6c>
	...

100018c0 <clock_configure_undivided>:
100018c0:	400107b7          	lui	a5,0x40010
100018c4:	20a52733          	sh1add	a4,a0,a0
100018c8:	20f74733          	sh2add	a4,a4,a5
100018cc:	00472803          	lw	a6,4(a4) # 8000004 <RAM_LENGTH+0x7f80004>
100018d0:	67c1                	lui	a5,0x10
100018d2:	00f87363          	bgeu	a6,a5,100018d8 <clock_configure_undivided+0x18>
100018d6:	c35c                	sw	a5,4(a4)
100018d8:	fff58793          	addi	a5,a1,-1
100018dc:	ffc50893          	addi	a7,a0,-4
100018e0:	e781                	bnez	a5,100018e8 <clock_configure_undivided+0x28>
100018e2:	0028b793          	sltiu	a5,a7,2
100018e6:	e7b5                	bnez	a5,10001952 <clock_configure_undivided+0x92>
100018e8:	20003837          	lui	a6,0x20003
100018ec:	6b080813          	addi	a6,a6,1712 # 200036b0 <configured_freq>
100018f0:	210547b3          	sh2add	a5,a0,a6
100018f4:	0007a303          	lw	t1,0(a5) # 10000 <XIP_RAM_LENGTH+0xc000>
100018f8:	678d                	lui	a5,0x3
100018fa:	97ba                	add	a5,a5,a4
100018fc:	28b01e13          	bseti	t3,zero,0xb
10001900:	01c7a023          	sw	t3,0(a5) # 3000 <SCRATCH_X_LENGTH+0x2000>
10001904:	050a                	slli	a0,a0,0x2
10001906:	02031963          	bnez	t1,10001938 <clock_configure_undivided+0x78>
1000190a:	00072303          	lw	t1,0(a4)
1000190e:	0616                	slli	a2,a2,0x5
10001910:	6785                	lui	a5,0x1
10001912:	00664633          	xor	a2,a2,t1
10001916:	0e067613          	andi	a2,a2,224
1000191a:	97ba                	add	a5,a5,a4
1000191c:	c390                	sw	a2,0(a5)
1000191e:	4605                	li	a2,1
10001920:	07167063          	bgeu	a2,a7,10001980 <clock_configure_undivided+0xc0>
10001924:	6789                	lui	a5,0x2
10001926:	97ba                	add	a5,a5,a4
10001928:	28b01613          	bseti	a2,zero,0xb
1000192c:	c390                	sw	a2,0(a5)
1000192e:	9542                	add	a0,a0,a6
10001930:	67c1                	lui	a5,0x10
10001932:	c114                	sw	a3,0(a0)
10001934:	c35c                	sw	a5,4(a4)
10001936:	8082                	ret
10001938:	01482783          	lw	a5,20(a6)
1000193c:	0267d7b3          	divu	a5,a5,t1
10001940:	0785                	addi	a5,a5,1 # 10001 <XIP_RAM_LENGTH+0xc001>
10001942:	20f7a7b3          	sh1add	a5,a5,a5
10001946:	0001                	nop
10001948:	ffe78793          	addi	a5,a5,-2
1000194c:	fe07dee3          	bgez	a5,10001948 <clock_configure_undivided+0x88>
10001950:	bf6d                	j	1000190a <clock_configure_undivided+0x4a>
10001952:	678d                	lui	a5,0x3
10001954:	97ba                	add	a5,a5,a4
10001956:	480d                	li	a6,3
10001958:	0107a023          	sw	a6,0(a5) # 3000 <SCRATCH_X_LENGTH+0x2000>
1000195c:	471c                	lw	a5,8(a4)
1000195e:	8b85                	andi	a5,a5,1
10001960:	dff5                	beqz	a5,1000195c <clock_configure_undivided+0x9c>
10001962:	00072803          	lw	a6,0(a4)
10001966:	0616                	slli	a2,a2,0x5
10001968:	6785                	lui	a5,0x1
1000196a:	01064633          	xor	a2,a2,a6
1000196e:	0e067613          	andi	a2,a2,224
10001972:	97ba                	add	a5,a5,a4
10001974:	20003837          	lui	a6,0x20003
10001978:	050a                	slli	a0,a0,0x2
1000197a:	c390                	sw	a2,0(a5)
1000197c:	6b080813          	addi	a6,a6,1712 # 200036b0 <configured_freq>
10001980:	00072883          	lw	a7,0(a4)
10001984:	28b01633          	bset	a2,zero,a1
10001988:	0115c8b3          	xor	a7,a1,a7
1000198c:	0038f893          	andi	a7,a7,3
10001990:	0117a023          	sw	a7,0(a5) # 1000 <SCRATCH_X_LENGTH>
10001994:	471c                	lw	a5,8(a4)
10001996:	8ff1                	and	a5,a5,a2
10001998:	dff5                	beqz	a5,10001994 <clock_configure_undivided+0xd4>
1000199a:	b769                	j	10001924 <clock_configure_undivided+0x64>

1000199c <clock_get_hz>:
1000199c:	200037b7          	lui	a5,0x20003
100019a0:	6b078793          	addi	a5,a5,1712 # 200036b0 <configured_freq>
100019a4:	20f54533          	sh2add	a0,a0,a5
100019a8:	4108                	lw	a0,0(a0)
100019aa:	8082                	ret

100019ac <pll_init>:
100019ac:	00b727b7          	lui	a5,0xb72
100019b0:	b0078793          	addi	a5,a5,-1280 # b71b00 <RAM_LENGTH+0xaf1b00>
100019b4:	02b7d7b3          	divu	a5,a5,a1
100019b8:	00052883          	lw	a7,0(a0)
100019bc:	06c2                	slli	a3,a3,0x10
100019be:	0732                	slli	a4,a4,0xc
100019c0:	00e6e833          	or	a6,a3,a4
100019c4:	02f65633          	divu	a2,a2,a5
100019c8:	0408c463          	bltz	a7,10001a10 <pll_init+0x64>
100019cc:	400587b7          	lui	a5,0x40058
100019d0:	6711                	lui	a4,0x4
100019d2:	06f50063          	beq	a0,a5,10001a32 <pll_init+0x86>
100019d6:	400227b7          	lui	a5,0x40022
100019da:	c398                	sw	a4,0(a5)
100019dc:	400206b7          	lui	a3,0x40020
100019e0:	400237b7          	lui	a5,0x40023
100019e4:	c398                	sw	a4,0(a5)
100019e6:	06a1                	addi	a3,a3,8 # 40020008 <__StackTop+0x1ff9e008>
100019e8:	429c                	lw	a5,0(a3)
100019ea:	40f777b3          	andn	a5,a4,a5
100019ee:	ffed                	bnez	a5,100019e8 <pll_init+0x3c>
100019f0:	670d                	lui	a4,0x3
100019f2:	c10c                	sw	a1,0(a0)
100019f4:	0711                	addi	a4,a4,4 # 3004 <SCRATCH_X_LENGTH+0x2004>
100019f6:	c510                	sw	a2,8(a0)
100019f8:	972a                	add	a4,a4,a0
100019fa:	02100793          	li	a5,33
100019fe:	c31c                	sw	a5,0(a4)
10001a00:	411c                	lw	a5,0(a0)
10001a02:	fe07dfe3          	bgez	a5,10001a00 <pll_init+0x54>
10001a06:	01052623          	sw	a6,12(a0)
10001a0a:	47a1                	li	a5,8
10001a0c:	c31c                	sw	a5,0(a4)
10001a0e:	8082                	ret
10001a10:	411c                	lw	a5,0(a0)
10001a12:	03f7f793          	andi	a5,a5,63
10001a16:	fab79be3          	bne	a5,a1,100019cc <pll_init+0x20>
10001a1a:	451c                	lw	a5,8(a0)
10001a1c:	07d2                	slli	a5,a5,0x14
10001a1e:	83d1                	srli	a5,a5,0x14
10001a20:	fac796e3          	bne	a5,a2,100019cc <pll_init+0x20>
10001a24:	455c                	lw	a5,12(a0)
10001a26:	00077737          	lui	a4,0x77
10001a2a:	8ff9                	and	a5,a5,a4
10001a2c:	fb0790e3          	bne	a5,a6,100019cc <pll_init+0x20>
10001a30:	8082                	ret
10001a32:	6721                	lui	a4,0x8
10001a34:	b74d                	j	100019d6 <pll_init+0x2a>

10001a36 <watchdog_reboot>:
10001a36:	400db7b7          	lui	a5,0x400db
10001a3a:	40000737          	lui	a4,0x40000
10001a3e:	c398                	sw	a4,0(a5)
10001a40:	c529                	beqz	a0,10001a8a <watchdog_reboot+0x54>
10001a42:	b007c6b7          	lui	a3,0xb007c
10001a46:	4ff847b7          	lui	a5,0x4ff84
10001a4a:	400d8737          	lui	a4,0x400d8
10001a4e:	0d368693          	addi	a3,a3,211 # b007c0d3 <__StackTop+0x8fffa0d3>
10001a52:	f2d78793          	addi	a5,a5,-211 # 4ff83f2d <__StackTop+0x2ff01f2d>
10001a56:	cf54                	sw	a3,28(a4)
10001a58:	8fa9                	xor	a5,a5,a0
10001a5a:	d31c                	sw	a5,32(a4)
10001a5c:	d34c                	sw	a1,36(a4)
10001a5e:	d708                	sw	a0,40(a4)
10001a60:	400db6b7          	lui	a3,0x400db
10001a64:	400007b7          	lui	a5,0x40000
10001a68:	02000737          	lui	a4,0x2000
10001a6c:	c29c                	sw	a5,0(a3)
10001a6e:	174d                	addi	a4,a4,-13 # 1fffff3 <RAM_LENGTH+0x1f7fff3>
10001a70:	4001a7b7          	lui	a5,0x4001a
10001a74:	c798                	sw	a4,8(a5)
10001a76:	070007b7          	lui	a5,0x7000
10001a7a:	c29c                	sw	a5,0(a3)
10001a7c:	ee01                	bnez	a2,10001a94 <watchdog_reboot+0x5e>
10001a7e:	400da7b7          	lui	a5,0x400da
10001a82:	80000737          	lui	a4,0x80000
10001a86:	c398                	sw	a4,0(a5)
10001a88:	8082                	ret
10001a8a:	400d87b7          	lui	a5,0x400d8
10001a8e:	0007ae23          	sw	zero,28(a5) # 400d801c <__StackTop+0x2005601c>
10001a92:	b7f9                	j	10001a60 <watchdog_reboot+0x2a>
10001a94:	20c64633          	sh2add	a2,a2,a2
10001a98:	20c64633          	sh2add	a2,a2,a2
10001a9c:	20c64633          	sh2add	a2,a2,a2
10001aa0:	060e                	slli	a2,a2,0x3
10001aa2:	010007b7          	lui	a5,0x1000
10001aa6:	00f67e63          	bgeu	a2,a5,10001ac2 <watchdog_reboot+0x8c>
10001aaa:	87b2                	mv	a5,a2
10001aac:	80f1aba3          	sw	a5,-2025(gp) # 20003b48 <load_value>
10001ab0:	400d87b7          	lui	a5,0x400d8
10001ab4:	c3d0                	sw	a2,4(a5)
10001ab6:	40000737          	lui	a4,0x40000
10001aba:	400da7b7          	lui	a5,0x400da
10001abe:	c398                	sw	a4,0(a5)
10001ac0:	8082                	ret
10001ac2:	17fd                	addi	a5,a5,-1 # 400d9fff <__StackTop+0x20057fff>
10001ac4:	863e                	mv	a2,a5
10001ac6:	b7dd                	j	10001aac <watchdog_reboot+0x76>

10001ac8 <tick_start>:
10001ac8:	401087b7          	lui	a5,0x40108
10001acc:	20a52533          	sh1add	a0,a0,a0
10001ad0:	20f54533          	sh2add	a0,a0,a5
10001ad4:	c14c                	sw	a1,4(a0)
10001ad6:	4785                	li	a5,1
10001ad8:	c11c                	sw	a5,0(a0)
10001ada:	8082                	ret

10001adc <rom_func_lookup>:
10001adc:	67a1                	lui	a5,0x8
10001ade:	dfa78793          	addi	a5,a5,-518 # 7dfa <XIP_RAM_LENGTH+0x3dfa>
10001ae2:	0007d783          	lhu	a5,0(a5)
10001ae6:	4585                	li	a1,1
10001ae8:	8782                	jr	a5

10001aea <rom_reset_usb_boot_extra>:
10001aea:	1141                	addi	sp,sp,-16
10001aec:	c422                	sw	s0,8(sp)
10001aee:	c226                	sw	s1,4(sp)
10001af0:	c606                	sw	ra,12(sp)
10001af2:	84aa                	mv	s1,a0
10001af4:	842e                	mv	s0,a1
10001af6:	00054563          	bltz	a0,10001b00 <rom_reset_usb_boot_extra+0x16>
10001afa:	c605                	beqz	a2,10001b22 <rom_reset_usb_boot_extra+0x38>
10001afc:	0305e413          	ori	s0,a1,48
10001b00:	67a1                	lui	a5,0x8
10001b02:	dfa78793          	addi	a5,a5,-518 # 7dfa <XIP_RAM_LENGTH+0x3dfa>
10001b06:	0007d783          	lhu	a5,0(a5)
10001b0a:	6511                	lui	a0,0x4
10001b0c:	4585                	li	a1,1
10001b0e:	25250513          	addi	a0,a0,594 # 4252 <XIP_RAM_LENGTH+0x252>
10001b12:	9782                	jalr	a5
10001b14:	87aa                	mv	a5,a0
10001b16:	86a6                	mv	a3,s1
10001b18:	8622                	mv	a2,s0
10001b1a:	45a9                	li	a1,10
10001b1c:	10200513          	li	a0,258
10001b20:	9782                	jalr	a5
10001b22:	0205e413          	ori	s0,a1,32
10001b26:	bfe9                	j	10001b00 <rom_reset_usb_boot_extra+0x16>

10001b28 <runtime_init_bootrom_locking_enable>:
10001b28:	400e17b7          	lui	a5,0x400e1
10001b2c:	82878793          	addi	a5,a5,-2008 # 400e0828 <__StackTop+0x2005e828>
10001b30:	4398                	lw	a4,0(a5)
10001b32:	df7d                	beqz	a4,10001b30 <runtime_init_bootrom_locking_enable+0x8>
10001b34:	0330000f          	fence	rw,rw
10001b38:	8082                	ret

10001b3a <runtime_init_boot_locks_reset>:
10001b3a:	400e17b7          	lui	a5,0x400e1
10001b3e:	400e1737          	lui	a4,0x400e1
10001b42:	80c78793          	addi	a5,a5,-2036 # 400e080c <__StackTop+0x2005e80c>
10001b46:	82c70713          	addi	a4,a4,-2004 # 400e082c <__StackTop+0x2005e82c>
10001b4a:	0330000f          	fence	rw,rw
10001b4e:	0007a023          	sw	zero,0(a5)
10001b52:	0791                	addi	a5,a5,4
10001b54:	fee79be3          	bne	a5,a4,10001b4a <runtime_init_boot_locks_reset+0x10>
10001b58:	8082                	ret

10001b5a <xosc_init>:
10001b5a:	6785                	lui	a5,0x1
10001b5c:	aa078793          	addi	a5,a5,-1376 # aa0 <HeapSize+0x2a0>
10001b60:	40048737          	lui	a4,0x40048
10001b64:	c31c                	sw	a5,0(a4)
10001b66:	11a00793          	li	a5,282
10001b6a:	c75c                	sw	a5,12(a4)
10001b6c:	00fab6b7          	lui	a3,0xfab
10001b70:	4004a7b7          	lui	a5,0x4004a
10001b74:	c394                	sw	a3,0(a5)
10001b76:	435c                	lw	a5,4(a4)
10001b78:	fe07dfe3          	bgez	a5,10001b76 <xosc_init+0x1c>
10001b7c:	8082                	ret

10001b7e <first_per_core_initializer>:
10001b7e:	8082                	ret

10001b80 <hard_assertion_failure>:
10001b80:	1000d537          	lui	a0,0x1000d
10001b84:	1141                	addi	sp,sp,-16
10001b86:	ac450513          	addi	a0,a0,-1340 # 1000cac4 <__init_array_end+0x6c>
10001b8a:	c606                	sw	ra,12(sp)
10001b8c:	d7efe0ef          	jal	1000010a <panic>

10001b90 <runtime_run_initializers>:
10001b90:	1141                	addi	sp,sp,-16
10001b92:	c422                	sw	s0,8(sp)
10001b94:	c226                	sw	s1,4(sp)
10001b96:	1000d437          	lui	s0,0x1000d
10001b9a:	1000d4b7          	lui	s1,0x1000d
10001b9e:	c606                	sw	ra,12(sp)
10001ba0:	a1840413          	addi	s0,s0,-1512 # 1000ca18 <__pre_init_runtime_init_bootrom_reset>
10001ba4:	a5448493          	addi	s1,s1,-1452 # 1000ca54 <__init_array_start>
10001ba8:	00947763          	bgeu	s0,s1,10001bb6 <runtime_run_initializers+0x26>
10001bac:	401c                	lw	a5,0(s0)
10001bae:	0411                	addi	s0,s0,4
10001bb0:	9782                	jalr	a5
10001bb2:	fe946de3          	bltu	s0,s1,10001bac <runtime_run_initializers+0x1c>
10001bb6:	40b2                	lw	ra,12(sp)
10001bb8:	4422                	lw	s0,8(sp)
10001bba:	4492                	lw	s1,4(sp)
10001bbc:	0141                	addi	sp,sp,16
10001bbe:	8082                	ret

10001bc0 <runtime_init_early_resets>:
10001bc0:	efef47b7          	lui	a5,0xefef4
10001bc4:	b7f78793          	addi	a5,a5,-1153 # efef3b7f <__StackTop+0xcfe71b7f>
10001bc8:	400226b7          	lui	a3,0x40022
10001bcc:	03f40737          	lui	a4,0x3f40
10001bd0:	c29c                	sw	a5,0(a3)
10001bd2:	1759                	addi	a4,a4,-10 # 3f3fff6 <RAM_LENGTH+0x3ebfff6>
10001bd4:	400237b7          	lui	a5,0x40023
10001bd8:	400206b7          	lui	a3,0x40020
10001bdc:	c398                	sw	a4,0(a5)
10001bde:	06a1                	addi	a3,a3,8 # 40020008 <__StackTop+0x1ff9e008>
10001be0:	429c                	lw	a5,0(a3)
10001be2:	40f777b3          	andn	a5,a4,a5
10001be6:	ffed                	bnez	a5,10001be0 <runtime_init_early_resets+0x20>
10001be8:	8082                	ret

10001bea <runtime_init_usb_power_down>:
10001bea:	501107b7          	lui	a5,0x50110
10001bee:	47f8                	lw	a4,76(a5)
10001bf0:	67a1                	lui	a5,0x8
10001bf2:	00f70363          	beq	a4,a5,10001bf8 <runtime_init_usb_power_down+0xe>
10001bf6:	8082                	ret
10001bf8:	501127b7          	lui	a5,0x50112
10001bfc:	00040737          	lui	a4,0x40
10001c00:	c7f8                	sw	a4,76(a5)
10001c02:	8082                	ret

10001c04 <runtime_init_post_clock_resets>:
10001c04:	20000737          	lui	a4,0x20000
10001c08:	177d                	addi	a4,a4,-1 # 1fffffff <XIP_RAM_ORIGIN+0xc003fff>
10001c0a:	400237b7          	lui	a5,0x40023
10001c0e:	400206b7          	lui	a3,0x40020
10001c12:	c398                	sw	a4,0(a5)
10001c14:	06a1                	addi	a3,a3,8 # 40020008 <__StackTop+0x1ff9e008>
10001c16:	429c                	lw	a5,0(a3)
10001c18:	40f777b3          	andn	a5,a4,a5
10001c1c:	ffed                	bnez	a5,10001c16 <runtime_init_post_clock_resets+0x12>
10001c1e:	8082                	ret

10001c20 <runtime_init_bootrom_reset>:
10001c20:	6515                	lui	a0,0x5
10001c22:	1141                	addi	sp,sp,-16
10001c24:	25350513          	addi	a0,a0,595 # 5253 <XIP_RAM_LENGTH+0x1253>
10001c28:	c606                	sw	ra,12(sp)
10001c2a:	3d4d                	jal	10001adc <rom_func_lookup>
10001c2c:	40b2                	lw	ra,12(sp)
10001c2e:	87aa                	mv	a5,a0
10001c30:	4511                	li	a0,4
10001c32:	0141                	addi	sp,sp,16
10001c34:	8782                	jr	a5

10001c36 <runtime_init_per_core_bootrom_reset>:
10001c36:	6515                	lui	a0,0x5
10001c38:	1141                	addi	sp,sp,-16
10001c3a:	25350513          	addi	a0,a0,595 # 5253 <XIP_RAM_LENGTH+0x1253>
10001c3e:	c606                	sw	ra,12(sp)
10001c40:	3d71                	jal	10001adc <rom_func_lookup>
10001c42:	40b2                	lw	ra,12(sp)
10001c44:	87aa                	mv	a5,a0
10001c46:	4505                	li	a0,1
10001c48:	0141                	addi	sp,sp,16
10001c4a:	8782                	jr	a5

10001c4c <runtime_init_spin_locks_reset>:
10001c4c:	e1efe06f          	j	1000026a <spin_locks_reset>

10001c50 <runtime_init_clocks>:
10001c50:	1141                	addi	sp,sp,-16
10001c52:	c422                	sw	s0,8(sp)
10001c54:	c606                	sw	ra,12(sp)
10001c56:	c226                	sw	s1,4(sp)
10001c58:	c04a                	sw	s2,0(sp)
10001c5a:	40010437          	lui	s0,0x40010
10001c5e:	08042223          	sw	zero,132(s0) # 40010084 <__StackTop+0x1ff8e084>
10001c62:	3de5                	jal	10001b5a <xosc_init>
10001c64:	400137b7          	lui	a5,0x40013
10001c68:	4705                	li	a4,1
10001c6a:	dfd8                	sw	a4,60(a5)
10001c6c:	407c                	lw	a5,68(s0)
10001c6e:	fee79fe3          	bne	a5,a4,10001c6c <runtime_init_clocks+0x1c>
10001c72:	470d                	li	a4,3
10001c74:	400137b7          	lui	a5,0x40013
10001c78:	db98                	sw	a4,48(a5)
10001c7a:	4405                	li	s0,1
10001c7c:	40010737          	lui	a4,0x40010
10001c80:	5f1c                	lw	a5,56(a4)
10001c82:	fe879fe3          	bne	a5,s0,10001c80 <runtime_init_clocks+0x30>
10001c86:	59683637          	lui	a2,0x59683
10001c8a:	85a2                	mv	a1,s0
10001c8c:	f0060613          	addi	a2,a2,-256 # 59682f00 <__StackTop+0x39600f00>
10001c90:	4709                	li	a4,2
10001c92:	4695                	li	a3,5
10001c94:	40050537          	lui	a0,0x40050
10001c98:	3b11                	jal	100019ac <pll_init>
10001c9a:	4715                	li	a4,5
10001c9c:	47869637          	lui	a2,0x47869
10001ca0:	86ba                	mv	a3,a4
10001ca2:	85a2                	mv	a1,s0
10001ca4:	c0060613          	addi	a2,a2,-1024 # 47868c00 <__StackTop+0x277e6c00>
10001ca8:	40058537          	lui	a0,0x40058
10001cac:	3301                	jal	100019ac <pll_init>
10001cae:	00b726b7          	lui	a3,0xb72
10001cb2:	b0068693          	addi	a3,a3,-1280 # b71b00 <RAM_LENGTH+0xaf1b00>
10001cb6:	4601                	li	a2,0
10001cb8:	4589                	li	a1,2
10001cba:	4511                	li	a0,4
10001cbc:	3111                	jal	100018c0 <clock_configure_undivided>
10001cbe:	08f0d6b7          	lui	a3,0x8f0d
10001cc2:	85a2                	mv	a1,s0
10001cc4:	18068693          	addi	a3,a3,384 # 8f0d180 <RAM_LENGTH+0x8e8d180>
10001cc8:	4601                	li	a2,0
10001cca:	4515                	li	a0,5
10001ccc:	3ed5                	jal	100018c0 <clock_configure_undivided>
10001cce:	02dc76b7          	lui	a3,0x2dc7
10001cd2:	c0068693          	addi	a3,a3,-1024 # 2dc6c00 <RAM_LENGTH+0x2d46c00>
10001cd6:	4601                	li	a2,0
10001cd8:	4581                	li	a1,0
10001cda:	4521                	li	a0,8
10001cdc:	36d5                	jal	100018c0 <clock_configure_undivided>
10001cde:	02dc76b7          	lui	a3,0x2dc7
10001ce2:	c0068693          	addi	a3,a3,-1024 # 2dc6c00 <RAM_LENGTH+0x2d46c00>
10001ce6:	4601                	li	a2,0
10001ce8:	4581                	li	a1,0
10001cea:	4525                	li	a0,9
10001cec:	3ed1                	jal	100018c0 <clock_configure_undivided>
10001cee:	08f0d6b7          	lui	a3,0x8f0d
10001cf2:	18068693          	addi	a3,a3,384 # 8f0d180 <RAM_LENGTH+0x8e8d180>
10001cf6:	4601                	li	a2,0
10001cf8:	4581                	li	a1,0
10001cfa:	4519                	li	a0,6
10001cfc:	36d1                	jal	100018c0 <clock_configure_undivided>
10001cfe:	08f0d6b7          	lui	a3,0x8f0d
10001d02:	18068693          	addi	a3,a3,384 # 8f0d180 <RAM_LENGTH+0x8e8d180>
10001d06:	4601                	li	a2,0
10001d08:	4581                	li	a1,0
10001d0a:	451d                	li	a0,7
10001d0c:	3e55                	jal	100018c0 <clock_configure_undivided>
10001d0e:	4511                	li	a0,4
10001d10:	3171                	jal	1000199c <clock_get_hz>
10001d12:	431be7b7          	lui	a5,0x431be
10001d16:	e8378793          	addi	a5,a5,-381 # 431bde83 <__StackTop+0x2313be83>
10001d1a:	02f534b3          	mulhu	s1,a0,a5
10001d1e:	4401                	li	s0,0
10001d20:	4919                	li	s2,6
10001d22:	80c9                	srli	s1,s1,0x12
10001d24:	8522                	mv	a0,s0
10001d26:	85a6                	mv	a1,s1
10001d28:	0405                	addi	s0,s0,1
10001d2a:	3b79                	jal	10001ac8 <tick_start>
10001d2c:	ff241ce3          	bne	s0,s2,10001d24 <runtime_init_clocks+0xd4>
10001d30:	40b2                	lw	ra,12(sp)
10001d32:	4422                	lw	s0,8(sp)
10001d34:	4492                	lw	s1,4(sp)
10001d36:	4902                	lw	s2,0(sp)
10001d38:	0141                	addi	sp,sp,16
10001d3a:	8082                	ret

10001d3c <_out_null>:
10001d3c:	8082                	ret

10001d3e <_out_rev>:
10001d3e:	7179                	addi	sp,sp,-48
10001d40:	d04a                	sw	s2,32(sp)
10001d42:	ce4e                	sw	s3,28(sp)
10001d44:	cc52                	sw	s4,24(sp)
10001d46:	ca56                	sw	s5,20(sp)
10001d48:	c85a                	sw	s6,16(sp)
10001d4a:	c462                	sw	s8,8(sp)
10001d4c:	c266                	sw	s9,4(sp)
10001d4e:	c06a                	sw	s10,0(sp)
10001d50:	8cc6                	mv	s9,a7
10001d52:	d606                	sw	ra,44(sp)
10001d54:	d422                	sw	s0,40(sp)
10001d56:	d226                	sw	s1,36(sp)
10001d58:	0038f893          	andi	a7,a7,3
10001d5c:	892a                	mv	s2,a0
10001d5e:	8a2e                	mv	s4,a1
10001d60:	89b2                	mv	s3,a2
10001d62:	8ab6                	mv	s5,a3
10001d64:	8b3a                	mv	s6,a4
10001d66:	8d3e                	mv	s10,a5
10001d68:	8c42                	mv	s8,a6
10001d6a:	06088563          	beqz	a7,10001dd4 <_out_rev+0x96>
10001d6e:	c7d1                	beqz	a5,10001dfa <_out_rev+0xbc>
10001d70:	c65e                	sw	s7,12(sp)
10001d72:	84b2                	mv	s1,a2
10001d74:	01ab0433          	add	s0,s6,s10
10001d78:	00848bb3          	add	s7,s1,s0
10001d7c:	fff44503          	lbu	a0,-1(s0)
10001d80:	408b8633          	sub	a2,s7,s0
10001d84:	86d6                	mv	a3,s5
10001d86:	85d2                	mv	a1,s4
10001d88:	147d                	addi	s0,s0,-1
10001d8a:	9902                	jalr	s2
10001d8c:	fe8b18e3          	bne	s6,s0,10001d7c <_out_rev+0x3e>
10001d90:	4bb2                	lw	s7,12(sp)
10001d92:	94ea                	add	s1,s1,s10
10001d94:	002cfc93          	andi	s9,s9,2
10001d98:	020c8063          	beqz	s9,10001db8 <_out_rev+0x7a>
10001d9c:	413489b3          	sub	s3,s1,s3
10001da0:	0189fc63          	bgeu	s3,s8,10001db8 <_out_rev+0x7a>
10001da4:	8626                	mv	a2,s1
10001da6:	86d6                	mv	a3,s5
10001da8:	85d2                	mv	a1,s4
10001daa:	02000513          	li	a0,32
10001dae:	0985                	addi	s3,s3,1
10001db0:	0485                	addi	s1,s1,1
10001db2:	9902                	jalr	s2
10001db4:	ff89e8e3          	bltu	s3,s8,10001da4 <_out_rev+0x66>
10001db8:	50b2                	lw	ra,44(sp)
10001dba:	5422                	lw	s0,40(sp)
10001dbc:	5902                	lw	s2,32(sp)
10001dbe:	49f2                	lw	s3,28(sp)
10001dc0:	4a62                	lw	s4,24(sp)
10001dc2:	4ad2                	lw	s5,20(sp)
10001dc4:	4b42                	lw	s6,16(sp)
10001dc6:	4c22                	lw	s8,8(sp)
10001dc8:	4c92                	lw	s9,4(sp)
10001dca:	4d02                	lw	s10,0(sp)
10001dcc:	8526                	mv	a0,s1
10001dce:	5492                	lw	s1,36(sp)
10001dd0:	6145                	addi	sp,sp,48
10001dd2:	8082                	ret
10001dd4:	0307f563          	bgeu	a5,a6,10001dfe <_out_rev+0xc0>
10001dd8:	40f804b3          	sub	s1,a6,a5
10001ddc:	94b2                	add	s1,s1,a2
10001dde:	8432                	mv	s0,a2
10001de0:	8622                	mv	a2,s0
10001de2:	86d6                	mv	a3,s5
10001de4:	0405                	addi	s0,s0,1
10001de6:	85d2                	mv	a1,s4
10001de8:	02000513          	li	a0,32
10001dec:	9902                	jalr	s2
10001dee:	fe9419e3          	bne	s0,s1,10001de0 <_out_rev+0xa2>
10001df2:	fc0d03e3          	beqz	s10,10001db8 <_out_rev+0x7a>
10001df6:	c65e                	sw	s7,12(sp)
10001df8:	bfb5                	j	10001d74 <_out_rev+0x36>
10001dfa:	84b2                	mv	s1,a2
10001dfc:	bf61                	j	10001d94 <_out_rev+0x56>
10001dfe:	84b2                	mv	s1,a2
10001e00:	bfcd                	j	10001df2 <_out_rev+0xb4>

10001e02 <_ntoa_format>:
10001e02:	4ea2                	lw	t4,8(sp)
10001e04:	833e                	mv	t1,a5
10001e06:	8fc2                	mv	t6,a6
10001e08:	002ef793          	andi	a5,t4,2
10001e0c:	4e02                	lw	t3,0(sp)
10001e0e:	4812                	lw	a6,4(sp)
10001e10:	e7e9                	bnez	a5,10001eda <_ntoa_format+0xd8>
10001e12:	fe030793          	addi	a5,t1,-32 # fffe0 <RAM_LENGTH+0x7ffe0>
10001e16:	00f037b3          	snez	a5,a5
10001e1a:	01c33f33          	sltu	t5,t1,t3
10001e1e:	01e7ff33          	and	t5,a5,t5
10001e22:	001ef293          	andi	t0,t4,1
10001e26:	0e080f63          	beqz	a6,10001f24 <_ntoa_format+0x122>
10001e2a:	0e028d63          	beqz	t0,10001f24 <_ntoa_format+0x122>
10001e2e:	000f9663          	bnez	t6,10001e3a <_ntoa_format+0x38>
10001e32:	00cef393          	andi	t2,t4,12
10001e36:	00038363          	beqz	t2,10001e3c <_ntoa_format+0x3a>
10001e3a:	187d                	addi	a6,a6,-1
10001e3c:	060f0f63          	beqz	t5,10001eba <_ntoa_format+0xb8>
10001e40:	03000f13          	li	t5,48
10001e44:	0305                	addi	t1,t1,1
10001e46:	006707b3          	add	a5,a4,t1
10001e4a:	ffe78fa3          	sb	t5,-1(a5)
10001e4e:	fe030793          	addi	a5,t1,-32
10001e52:	00f037b3          	snez	a5,a5
10001e56:	01c37363          	bgeu	t1,t3,10001e5c <_ntoa_format+0x5a>
10001e5a:	f7ed                	bnez	a5,10001e44 <_ntoa_format+0x42>
10001e5c:	04029f63          	bnez	t0,10001eba <_ntoa_format+0xb8>
10001e60:	010ef793          	andi	a5,t4,16
10001e64:	c3b9                	beqz	a5,10001eaa <_ntoa_format+0xa8>
10001e66:	400ef793          	andi	a5,t4,1024
10001e6a:	e789                	bnez	a5,10001e74 <_ntoa_format+0x72>
10001e6c:	0c6e0963          	beq	t3,t1,10001f3e <_ntoa_format+0x13c>
10001e70:	0d030763          	beq	t1,a6,10001f3e <_ntoa_format+0x13c>
10001e74:	47c1                	li	a5,16
10001e76:	0ef88963          	beq	a7,a5,10001f68 <_ntoa_format+0x166>
10001e7a:	18f9                	addi	a7,a7,-2
10001e7c:	0e089463          	bnez	a7,10001f64 <_ntoa_format+0x162>
10001e80:	fe030793          	addi	a5,t1,-32
10001e84:	c3e5                	beqz	a5,10001f64 <_ntoa_format+0x162>
10001e86:	00130793          	addi	a5,t1,1
10001e8a:	933a                	add	t1,t1,a4
10001e8c:	06200893          	li	a7,98
10001e90:	01130023          	sb	a7,0(t1)
10001e94:	02000893          	li	a7,32
10001e98:	01178d63          	beq	a5,a7,10001eb2 <_ntoa_format+0xb0>
10001e9c:	00178313          	addi	t1,a5,1
10001ea0:	97ba                	add	a5,a5,a4
10001ea2:	03000893          	li	a7,48
10001ea6:	01178023          	sb	a7,0(a5)
10001eaa:	02000793          	li	a5,32
10001eae:	04f31d63          	bne	t1,a5,10001f08 <_ntoa_format+0x106>
10001eb2:	02000793          	li	a5,32
10001eb6:	88f6                	mv	a7,t4
10001eb8:	b559                	j	10001d3e <_out_rev>
10001eba:	03037063          	bgeu	t1,a6,10001eda <_ntoa_format+0xd8>
10001ebe:	cf91                	beqz	a5,10001eda <_ntoa_format+0xd8>
10001ec0:	03000f13          	li	t5,48
10001ec4:	a011                	j	10001ec8 <_ntoa_format+0xc6>
10001ec6:	cb91                	beqz	a5,10001eda <_ntoa_format+0xd8>
10001ec8:	0305                	addi	t1,t1,1
10001eca:	006707b3          	add	a5,a4,t1
10001ece:	ffe78fa3          	sb	t5,-1(a5)
10001ed2:	fe030793          	addi	a5,t1,-32
10001ed6:	ff0368e3          	bltu	t1,a6,10001ec6 <_ntoa_format+0xc4>
10001eda:	010ef793          	andi	a5,t4,16
10001ede:	d7f1                	beqz	a5,10001eaa <_ntoa_format+0xa8>
10001ee0:	400ef793          	andi	a5,t4,1024
10001ee4:	fbc1                	bnez	a5,10001e74 <_ntoa_format+0x72>
10001ee6:	f80313e3          	bnez	t1,10001e6c <_ntoa_format+0x6a>
10001eea:	47c1                	li	a5,16
10001eec:	0ef88763          	beq	a7,a5,10001fda <_ntoa_format+0x1d8>
10001ef0:	4789                	li	a5,2
10001ef2:	0cf89263          	bne	a7,a5,10001fb6 <_ntoa_format+0x1b4>
10001ef6:	06200793          	li	a5,98
10001efa:	03000893          	li	a7,48
10001efe:	00f70023          	sb	a5,0(a4) # 40010000 <__StackTop+0x1ff8e000>
10001f02:	011700a3          	sb	a7,1(a4)
10001f06:	4309                	li	t1,2
10001f08:	020f9163          	bnez	t6,10001f2a <_ntoa_format+0x128>
10001f0c:	004ef793          	andi	a5,t4,4
10001f10:	cbbd                	beqz	a5,10001f86 <_ntoa_format+0x184>
10001f12:	006708b3          	add	a7,a4,t1
10001f16:	02b00e13          	li	t3,43
10001f1a:	00130793          	addi	a5,t1,1
10001f1e:	01c88023          	sb	t3,0(a7)
10001f22:	bf51                	j	10001eb6 <_ntoa_format+0xb4>
10001f24:	f00f1ee3          	bnez	t5,10001e40 <_ntoa_format+0x3e>
10001f28:	bf4d                	j	10001eda <_ntoa_format+0xd8>
10001f2a:	006708b3          	add	a7,a4,t1
10001f2e:	02d00e13          	li	t3,45
10001f32:	01c88023          	sb	t3,0(a7)
10001f36:	00130793          	addi	a5,t1,1
10001f3a:	88f6                	mv	a7,t4
10001f3c:	b509                	j	10001d3e <_out_rev>
10001f3e:	fff30793          	addi	a5,t1,-1
10001f42:	c3d1                	beqz	a5,10001fc6 <_ntoa_format+0x1c4>
10001f44:	ff088e13          	addi	t3,a7,-16
10001f48:	060e1f63          	bnez	t3,10001fc6 <_ntoa_format+0x1c4>
10001f4c:	ffe30893          	addi	a7,t1,-2
10001f50:	020efe13          	andi	t3,t4,32
10001f54:	98ba                	add	a7,a7,a4
10001f56:	080e1a63          	bnez	t3,10001fea <_ntoa_format+0x1e8>
10001f5a:	07800e13          	li	t3,120
10001f5e:	01c88023          	sb	t3,0(a7)
10001f62:	bf3d                	j	10001ea0 <_ntoa_format+0x9e>
10001f64:	879a                	mv	a5,t1
10001f66:	b73d                	j	10001e94 <_ntoa_format+0x92>
10001f68:	020ef793          	andi	a5,t4,32
10001f6c:	cb8d                	beqz	a5,10001f9e <_ntoa_format+0x19c>
10001f6e:	02000793          	li	a5,32
10001f72:	f4f300e3          	beq	t1,a5,10001eb2 <_ntoa_format+0xb0>
10001f76:	00130793          	addi	a5,t1,1
10001f7a:	933a                	add	t1,t1,a4
10001f7c:	05800893          	li	a7,88
10001f80:	01130023          	sb	a7,0(t1)
10001f84:	bf01                	j	10001e94 <_ntoa_format+0x92>
10001f86:	008ef893          	andi	a7,t4,8
10001f8a:	879a                	mv	a5,t1
10001f8c:	f20885e3          	beqz	a7,10001eb6 <_ntoa_format+0xb4>
10001f90:	933a                	add	t1,t1,a4
10001f92:	02000893          	li	a7,32
10001f96:	0785                	addi	a5,a5,1
10001f98:	01130023          	sb	a7,0(t1)
10001f9c:	bf29                	j	10001eb6 <_ntoa_format+0xb4>
10001f9e:	02000793          	li	a5,32
10001fa2:	f0f308e3          	beq	t1,a5,10001eb2 <_ntoa_format+0xb0>
10001fa6:	00130793          	addi	a5,t1,1
10001faa:	933a                	add	t1,t1,a4
10001fac:	07800893          	li	a7,120
10001fb0:	01130023          	sb	a7,0(t1)
10001fb4:	b5c5                	j	10001e94 <_ntoa_format+0x92>
10001fb6:	03000793          	li	a5,48
10001fba:	00f70023          	sb	a5,0(a4)
10001fbe:	4305                	li	t1,1
10001fc0:	f40f86e3          	beqz	t6,10001f0c <_ntoa_format+0x10a>
10001fc4:	b79d                	j	10001f2a <_ntoa_format+0x128>
10001fc6:	4e41                	li	t3,16
10001fc8:	03c88663          	beq	a7,t3,10001ff4 <_ntoa_format+0x1f2>
10001fcc:	4e09                	li	t3,2
10001fce:	edc899e3          	bne	a7,t3,10001ea0 <_ntoa_format+0x9e>
10001fd2:	889a                	mv	a7,t1
10001fd4:	833e                	mv	t1,a5
10001fd6:	87c6                	mv	a5,a7
10001fd8:	bd4d                	j	10001e8a <_ntoa_format+0x88>
10001fda:	485ed793          	bexti	a5,t4,0x5
10001fde:	40f007b3          	neg	a5,a5
10001fe2:	9b81                	andi	a5,a5,-32
10001fe4:	07878793          	addi	a5,a5,120
10001fe8:	bf09                	j	10001efa <_ntoa_format+0xf8>
10001fea:	05800e13          	li	t3,88
10001fee:	01c88023          	sb	t3,0(a7)
10001ff2:	b57d                	j	10001ea0 <_ntoa_format+0x9e>
10001ff4:	020ef893          	andi	a7,t4,32
10001ff8:	00088663          	beqz	a7,10002004 <_ntoa_format+0x202>
10001ffc:	889a                	mv	a7,t1
10001ffe:	833e                	mv	t1,a5
10002000:	87c6                	mv	a5,a7
10002002:	bfa5                	j	10001f7a <_ntoa_format+0x178>
10002004:	889a                	mv	a7,t1
10002006:	833e                	mv	t1,a5
10002008:	87c6                	mv	a5,a7
1000200a:	b745                	j	10001faa <_ntoa_format+0x1a8>

1000200c <_out_char>:
1000200c:	e111                	bnez	a0,10002010 <_out_char+0x4>
1000200e:	8082                	ret
10002010:	0c10106f          	j	100038d0 <__wrap_putchar>

10002014 <_out_fct>:
10002014:	c501                	beqz	a0,1000201c <_out_fct+0x8>
10002016:	419c                	lw	a5,0(a1)
10002018:	41cc                	lw	a1,4(a1)
1000201a:	8782                	jr	a5
1000201c:	8082                	ret

1000201e <_ftoa>:
1000201e:	7119                	addi	sp,sp,-128
10002020:	d8ca                	sw	s2,112(sp)
10002022:	d4d2                	sw	s4,104(sp)
10002024:	d2d6                	sw	s5,100(sp)
10002026:	cede                	sw	s7,92(sp)
10002028:	892a                	mv	s2,a0
1000202a:	8a2e                	mv	s4,a1
1000202c:	8bb2                	mv	s7,a2
1000202e:	8ab6                	mv	s5,a3
10002030:	853a                	mv	a0,a4
10002032:	85be                	mv	a1,a5
10002034:	863a                	mv	a2,a4
10002036:	86be                	mv	a3,a5
10002038:	dca2                	sw	s0,120(sp)
1000203a:	daa6                	sw	s1,116(sp)
1000203c:	d6ce                	sw	s3,108(sp)
1000203e:	d0da                	sw	s6,96(sp)
10002040:	cce2                	sw	s8,88(sp)
10002042:	de86                	sw	ra,124(sp)
10002044:	4b0a                	lw	s6,128(sp)
10002046:	84ba                	mv	s1,a4
10002048:	843e                	mv	s0,a5
1000204a:	8c42                	mv	s8,a6
1000204c:	89c6                	mv	s3,a7
1000204e:	10001097          	auipc	ra,0x10001
10002052:	990080e7          	jalr	-1648(ra) # 200029de <__unorddf2>
10002056:	4a051a63          	bnez	a0,1000250a <_ftoa+0x4ec>
1000205a:	1000d7b7          	lui	a5,0x1000d
1000205e:	4507a603          	lw	a2,1104(a5) # 1000d450 <Rcon+0x1b>
10002062:	4547a683          	lw	a3,1108(a5)
10002066:	8526                	mv	a0,s1
10002068:	85a2                	mv	a1,s0
1000206a:	10000097          	auipc	ra,0x10000
1000206e:	f0c080e7          	jalr	-244(ra) # 20001f76 <__ledf2>
10002072:	24054063          	bltz	a0,100022b2 <_ftoa+0x294>
10002076:	1000d7b7          	lui	a5,0x1000d
1000207a:	4587a603          	lw	a2,1112(a5) # 1000d458 <Rcon+0x23>
1000207e:	45c7a683          	lw	a3,1116(a5)
10002082:	8526                	mv	a0,s1
10002084:	85a2                	mv	a1,s0
10002086:	10000097          	auipc	ra,0x10000
1000208a:	e3a080e7          	jalr	-454(ra) # 20001ec0 <__gedf2>
1000208e:	18a04663          	bgtz	a0,1000221a <_ftoa+0x1fc>
10002092:	1000d7b7          	lui	a5,0x1000d
10002096:	4407a603          	lw	a2,1088(a5) # 1000d440 <Rcon+0xb>
1000209a:	4447a683          	lw	a3,1092(a5)
1000209e:	8526                	mv	a0,s1
100020a0:	85a2                	mv	a1,s0
100020a2:	10000097          	auipc	ra,0x10000
100020a6:	e1e080e7          	jalr	-482(ra) # 20001ec0 <__gedf2>
100020aa:	14a04363          	bgtz	a0,100021f0 <_ftoa+0x1d2>
100020ae:	1000d7b7          	lui	a5,0x1000d
100020b2:	4607a603          	lw	a2,1120(a5) # 1000d460 <Rcon+0x2b>
100020b6:	4647a683          	lw	a3,1124(a5)
100020ba:	8526                	mv	a0,s1
100020bc:	85a2                	mv	a1,s0
100020be:	10000097          	auipc	ra,0x10000
100020c2:	eb8080e7          	jalr	-328(ra) # 20001f76 <__ledf2>
100020c6:	12054563          	bltz	a0,100021f0 <_ftoa+0x1d2>
100020ca:	8526                	mv	a0,s1
100020cc:	85a2                	mv	a1,s0
100020ce:	4601                	li	a2,0
100020d0:	4681                	li	a3,0
100020d2:	c6ee                	sw	s11,76(sp)
100020d4:	cae6                	sw	s9,84(sp)
100020d6:	c8ea                	sw	s10,80(sp)
100020d8:	10000097          	auipc	ra,0x10000
100020dc:	e9e080e7          	jalr	-354(ra) # 20001f76 <__ledf2>
100020e0:	4d81                	li	s11,0
100020e2:	1a054863          	bltz	a0,10002292 <_ftoa+0x274>
100020e6:	400b7793          	andi	a5,s6,1024
100020ea:	16079263          	bnez	a5,1000224e <_ftoa+0x230>
100020ee:	1000d737          	lui	a4,0x1000d
100020f2:	44872683          	lw	a3,1096(a4) # 1000d448 <Rcon+0x13>
100020f6:	44c72703          	lw	a4,1100(a4)
100020fa:	4c19                	li	s8,6
100020fc:	8cb6                	mv	s9,a3
100020fe:	8d3a                	mv	s10,a4
10002100:	1018                	addi	a4,sp,32
10002102:	85a2                	mv	a1,s0
10002104:	8526                	mv	a0,s1
10002106:	ce3a                	sw	a4,28(sp)
10002108:	cc3e                	sw	a5,24(sp)
1000210a:	10001097          	auipc	ra,0x10001
1000210e:	908080e7          	jalr	-1784(ra) # 20002a12 <__fixdfsi>
10002112:	ca2a                	sw	a0,20(sp)
10002114:	10001097          	auipc	ra,0x10001
10002118:	9bc080e7          	jalr	-1604(ra) # 20002ad0 <__floatsidf>
1000211c:	862a                	mv	a2,a0
1000211e:	86ae                	mv	a3,a1
10002120:	8526                	mv	a0,s1
10002122:	85a2                	mv	a1,s0
10002124:	10000097          	auipc	ra,0x10000
10002128:	328080e7          	jalr	808(ra) # 2000244c <__subdf3>
1000212c:	8666                	mv	a2,s9
1000212e:	86ea                	mv	a3,s10
10002130:	10000097          	auipc	ra,0x10000
10002134:	efc080e7          	jalr	-260(ra) # 2000202c <__muldf3>
10002138:	c62e                	sw	a1,12(sp)
1000213a:	c42a                	sw	a0,8(sp)
1000213c:	10001097          	auipc	ra,0x10001
10002140:	936080e7          	jalr	-1738(ra) # 20002a72 <__fixunsdfsi>
10002144:	c82a                	sw	a0,16(sp)
10002146:	10001097          	auipc	ra,0x10001
1000214a:	9da080e7          	jalr	-1574(ra) # 20002b20 <__floatunsidf>
1000214e:	862a                	mv	a2,a0
10002150:	86ae                	mv	a3,a1
10002152:	4522                	lw	a0,8(sp)
10002154:	45b2                	lw	a1,12(sp)
10002156:	10000097          	auipc	ra,0x10000
1000215a:	2f6080e7          	jalr	758(ra) # 2000244c <__subdf3>
1000215e:	1000d7b7          	lui	a5,0x1000d
10002162:	4687a603          	lw	a2,1128(a5) # 1000d468 <Rcon+0x33>
10002166:	46c7a683          	lw	a3,1132(a5)
1000216a:	c42a                	sw	a0,8(sp)
1000216c:	c62e                	sw	a1,12(sp)
1000216e:	10000097          	auipc	ra,0x10000
10002172:	d52080e7          	jalr	-686(ra) # 20001ec0 <__gedf2>
10002176:	48c2                	lw	a7,16(sp)
10002178:	4852                	lw	a6,20(sp)
1000217a:	47e2                	lw	a5,24(sp)
1000217c:	4772                	lw	a4,28(sp)
1000217e:	26a05163          	blez	a0,100023e0 <_ftoa+0x3c2>
10002182:	0885                	addi	a7,a7,1
10002184:	8546                	mv	a0,a7
10002186:	cc3a                	sw	a4,24(sp)
10002188:	ca3e                	sw	a5,20(sp)
1000218a:	c842                	sw	a6,16(sp)
1000218c:	c446                	sw	a7,8(sp)
1000218e:	10001097          	auipc	ra,0x10001
10002192:	992080e7          	jalr	-1646(ra) # 20002b20 <__floatunsidf>
10002196:	8666                	mv	a2,s9
10002198:	86ea                	mv	a3,s10
1000219a:	10000097          	auipc	ra,0x10000
1000219e:	d26080e7          	jalr	-730(ra) # 20001ec0 <__gedf2>
100021a2:	48a2                	lw	a7,8(sp)
100021a4:	4842                	lw	a6,16(sp)
100021a6:	47d2                	lw	a5,20(sp)
100021a8:	4762                	lw	a4,24(sp)
100021aa:	00054463          	bltz	a0,100021b2 <_ftoa+0x194>
100021ae:	0805                	addi	a6,a6,1
100021b0:	4881                	li	a7,0
100021b2:	160c0a63          	beqz	s8,10002326 <_ftoa+0x308>
100021b6:	ccccd537          	lui	a0,0xccccd
100021ba:	ccd50513          	addi	a0,a0,-819 # cccccccd <__StackTop+0xacc4accd>
100021be:	02000313          	li	t1,32
100021c2:	4e25                	li	t3,9
100021c4:	2a678e63          	beq	a5,t1,10002480 <_ftoa+0x462>
100021c8:	02a8b633          	mulhu	a2,a7,a0
100021cc:	0785                	addi	a5,a5,1
100021ce:	00f705b3          	add	a1,a4,a5
100021d2:	1c7d                	addi	s8,s8,-1
100021d4:	820d                	srli	a2,a2,0x3
100021d6:	20c646b3          	sh2add	a3,a2,a2
100021da:	0686                	slli	a3,a3,0x1
100021dc:	40d886b3          	sub	a3,a7,a3
100021e0:	03068693          	addi	a3,a3,48
100021e4:	fed58fa3          	sb	a3,-1(a1)
100021e8:	271e7c63          	bgeu	t3,a7,10002460 <_ftoa+0x442>
100021ec:	88b2                	mv	a7,a2
100021ee:	bfd9                	j	100021c4 <_ftoa+0x1a6>
100021f0:	87a2                	mv	a5,s0
100021f2:	5466                	lw	s0,120(sp)
100021f4:	c15a                	sw	s6,128(sp)
100021f6:	50f6                	lw	ra,124(sp)
100021f8:	5b06                	lw	s6,96(sp)
100021fa:	8726                	mv	a4,s1
100021fc:	88ce                	mv	a7,s3
100021fe:	54d6                	lw	s1,116(sp)
10002200:	59b6                	lw	s3,108(sp)
10002202:	8862                	mv	a6,s8
10002204:	86d6                	mv	a3,s5
10002206:	4c66                	lw	s8,88(sp)
10002208:	5a96                	lw	s5,100(sp)
1000220a:	865e                	mv	a2,s7
1000220c:	85d2                	mv	a1,s4
1000220e:	4bf6                	lw	s7,92(sp)
10002210:	5a26                	lw	s4,104(sp)
10002212:	854a                	mv	a0,s2
10002214:	5946                	lw	s2,112(sp)
10002216:	6109                	addi	sp,sp,128
10002218:	ae59                	j	100025ae <_etoa>
1000221a:	004b7793          	andi	a5,s6,4
1000221e:	e7a5                	bnez	a5,10002286 <_ftoa+0x268>
10002220:	1000d737          	lui	a4,0x1000d
10002224:	b1c70713          	addi	a4,a4,-1252 # 1000cb1c <__init_array_end+0xc4>
10002228:	478d                	li	a5,3
1000222a:	5466                	lw	s0,120(sp)
1000222c:	50f6                	lw	ra,124(sp)
1000222e:	54d6                	lw	s1,116(sp)
10002230:	4c66                	lw	s8,88(sp)
10002232:	88da                	mv	a7,s6
10002234:	884e                	mv	a6,s3
10002236:	5b06                	lw	s6,96(sp)
10002238:	59b6                	lw	s3,108(sp)
1000223a:	86d6                	mv	a3,s5
1000223c:	865e                	mv	a2,s7
1000223e:	5a96                	lw	s5,100(sp)
10002240:	4bf6                	lw	s7,92(sp)
10002242:	85d2                	mv	a1,s4
10002244:	854a                	mv	a0,s2
10002246:	5a26                	lw	s4,104(sp)
10002248:	5946                	lw	s2,112(sp)
1000224a:	6109                	addi	sp,sp,128
1000224c:	bccd                	j	10001d3e <_out_rev>
1000224e:	46a5                	li	a3,9
10002250:	4781                	li	a5,0
10002252:	1018                	addi	a4,sp,32
10002254:	03000593          	li	a1,48
10002258:	3586f063          	bgeu	a3,s8,10002598 <_ftoa+0x57a>
1000225c:	0785                	addi	a5,a5,1
1000225e:	00f706b3          	add	a3,a4,a5
10002262:	feb68fa3          	sb	a1,-1(a3)
10002266:	1c7d                	addi	s8,s8,-1
10002268:	fe078693          	addi	a3,a5,-32
1000226c:	ff7c0613          	addi	a2,s8,-9
10002270:	c291                	beqz	a3,10002274 <_ftoa+0x256>
10002272:	f66d                	bnez	a2,1000225c <_ftoa+0x23e>
10002274:	1000d6b7          	lui	a3,0x1000d
10002278:	4406a603          	lw	a2,1088(a3) # 1000d440 <Rcon+0xb>
1000227c:	4446a683          	lw	a3,1092(a3)
10002280:	8cb2                	mv	s9,a2
10002282:	8d36                	mv	s10,a3
10002284:	bdbd                	j	10002102 <_ftoa+0xe4>
10002286:	1000d737          	lui	a4,0x1000d
1000228a:	b1470713          	addi	a4,a4,-1260 # 1000cb14 <__init_array_end+0xbc>
1000228e:	4791                	li	a5,4
10002290:	bf69                	j	1000222a <_ftoa+0x20c>
10002292:	8626                	mv	a2,s1
10002294:	86a2                	mv	a3,s0
10002296:	4501                	li	a0,0
10002298:	4581                	li	a1,0
1000229a:	10000097          	auipc	ra,0x10000
1000229e:	1b2080e7          	jalr	434(ra) # 2000244c <__subdf3>
100022a2:	400b7793          	andi	a5,s6,1024
100022a6:	84aa                	mv	s1,a0
100022a8:	842e                	mv	s0,a1
100022aa:	4d85                	li	s11,1
100022ac:	e40781e3          	beqz	a5,100020ee <_ftoa+0xd0>
100022b0:	bf79                	j	1000224e <_ftoa+0x230>
100022b2:	cae6                	sw	s9,84(sp)
100022b4:	003b7793          	andi	a5,s6,3
100022b8:	002b7c93          	andi	s9,s6,2
100022bc:	84de                	mv	s1,s7
100022be:	1e078563          	beqz	a5,100024a8 <_ftoa+0x48a>
100022c2:	1000dc37          	lui	s8,0x1000d
100022c6:	b24c0c13          	addi	s8,s8,-1244 # 1000cb24 <__init_array_end+0xcc>
100022ca:	8462                	mv	s0,s8
100022cc:	00940b33          	add	s6,s0,s1
100022d0:	1c71                	addi	s8,s8,-4
100022d2:	00344503          	lbu	a0,3(s0)
100022d6:	408b0633          	sub	a2,s6,s0
100022da:	86d6                	mv	a3,s5
100022dc:	85d2                	mv	a1,s4
100022de:	147d                	addi	s0,s0,-1
100022e0:	9902                	jalr	s2
100022e2:	ff8418e3          	bne	s0,s8,100022d2 <_ftoa+0x2b4>
100022e6:	0491                	addi	s1,s1,4
100022e8:	020c8163          	beqz	s9,1000230a <_ftoa+0x2ec>
100022ec:	417487b3          	sub	a5,s1,s7
100022f0:	0137fd63          	bgeu	a5,s3,1000230a <_ftoa+0x2ec>
100022f4:	8626                	mv	a2,s1
100022f6:	86d6                	mv	a3,s5
100022f8:	85d2                	mv	a1,s4
100022fa:	02000513          	li	a0,32
100022fe:	0485                	addi	s1,s1,1
10002300:	9902                	jalr	s2
10002302:	417487b3          	sub	a5,s1,s7
10002306:	ff37e7e3          	bltu	a5,s3,100022f4 <_ftoa+0x2d6>
1000230a:	50f6                	lw	ra,124(sp)
1000230c:	5466                	lw	s0,120(sp)
1000230e:	4cd6                	lw	s9,84(sp)
10002310:	5946                	lw	s2,112(sp)
10002312:	59b6                	lw	s3,108(sp)
10002314:	5a26                	lw	s4,104(sp)
10002316:	5a96                	lw	s5,100(sp)
10002318:	5b06                	lw	s6,96(sp)
1000231a:	4bf6                	lw	s7,92(sp)
1000231c:	4c66                	lw	s8,88(sp)
1000231e:	8526                	mv	a0,s1
10002320:	54d6                	lw	s1,116(sp)
10002322:	6109                	addi	sp,sp,128
10002324:	8082                	ret
10002326:	8542                	mv	a0,a6
10002328:	ca3a                	sw	a4,20(sp)
1000232a:	c442                	sw	a6,8(sp)
1000232c:	c83e                	sw	a5,16(sp)
1000232e:	10000097          	auipc	ra,0x10000
10002332:	7a2080e7          	jalr	1954(ra) # 20002ad0 <__floatsidf>
10002336:	862a                	mv	a2,a0
10002338:	86ae                	mv	a3,a1
1000233a:	8526                	mv	a0,s1
1000233c:	85a2                	mv	a1,s0
1000233e:	10000097          	auipc	ra,0x10000
10002342:	10e080e7          	jalr	270(ra) # 2000244c <__subdf3>
10002346:	1000d7b7          	lui	a5,0x1000d
1000234a:	4687a403          	lw	s0,1128(a5) # 1000d468 <Rcon+0x33>
1000234e:	46c7a483          	lw	s1,1132(a5)
10002352:	8c2a                	mv	s8,a0
10002354:	8622                	mv	a2,s0
10002356:	86a6                	mv	a3,s1
10002358:	8cae                	mv	s9,a1
1000235a:	10000097          	auipc	ra,0x10000
1000235e:	c1c080e7          	jalr	-996(ra) # 20001f76 <__ledf2>
10002362:	4822                	lw	a6,8(sp)
10002364:	47c2                	lw	a5,16(sp)
10002366:	4752                	lw	a4,20(sp)
10002368:	00054f63          	bltz	a0,10002386 <_ftoa+0x368>
1000236c:	8622                	mv	a2,s0
1000236e:	86a6                	mv	a3,s1
10002370:	8562                	mv	a0,s8
10002372:	85e6                	mv	a1,s9
10002374:	10000097          	auipc	ra,0x10000
10002378:	b4c080e7          	jalr	-1204(ra) # 20001ec0 <__gedf2>
1000237c:	4822                	lw	a6,8(sp)
1000237e:	47c2                	lw	a5,16(sp)
10002380:	4752                	lw	a4,20(sp)
10002382:	10a05f63          	blez	a0,100024a0 <_ftoa+0x482>
10002386:	66666537          	lui	a0,0x66666
1000238a:	66750513          	addi	a0,a0,1639 # 66666667 <__StackTop+0x465e4667>
1000238e:	02000893          	li	a7,32
10002392:	a01d                	j	100023b8 <_ftoa+0x39a>
10002394:	02a81633          	mulh	a2,a6,a0
10002398:	0785                	addi	a5,a5,1
1000239a:	00f705b3          	add	a1,a4,a5
1000239e:	8609                	srai	a2,a2,0x2
100023a0:	8e15                	sub	a2,a2,a3
100023a2:	20c646b3          	sh2add	a3,a2,a2
100023a6:	0686                	slli	a3,a3,0x1
100023a8:	40d806b3          	sub	a3,a6,a3
100023ac:	03068693          	addi	a3,a3,48
100023b0:	fed58fa3          	sb	a3,-1(a1)
100023b4:	8832                	mv	a6,a2
100023b6:	ce39                	beqz	a2,10002414 <_ftoa+0x3f6>
100023b8:	41f85693          	srai	a3,a6,0x1f
100023bc:	fd179ce3          	bne	a5,a7,10002394 <_ftoa+0x376>
100023c0:	003b7693          	andi	a3,s6,3
100023c4:	4605                	li	a2,1
100023c6:	10c68363          	beq	a3,a2,100024cc <_ftoa+0x4ae>
100023ca:	88da                	mv	a7,s6
100023cc:	884e                	mv	a6,s3
100023ce:	86d6                	mv	a3,s5
100023d0:	865e                	mv	a2,s7
100023d2:	85d2                	mv	a1,s4
100023d4:	854a                	mv	a0,s2
100023d6:	32a5                	jal	10001d3e <_out_rev>
100023d8:	84aa                	mv	s1,a0
100023da:	4d46                	lw	s10,80(sp)
100023dc:	4db6                	lw	s11,76(sp)
100023de:	b735                	j	1000230a <_ftoa+0x2ec>
100023e0:	cc3e                	sw	a5,24(sp)
100023e2:	1000d7b7          	lui	a5,0x1000d
100023e6:	4687a603          	lw	a2,1128(a5) # 1000d468 <Rcon+0x33>
100023ea:	46c7a683          	lw	a3,1132(a5)
100023ee:	4522                	lw	a0,8(sp)
100023f0:	45b2                	lw	a1,12(sp)
100023f2:	ce3a                	sw	a4,28(sp)
100023f4:	ca46                	sw	a7,20(sp)
100023f6:	c842                	sw	a6,16(sp)
100023f8:	10000097          	auipc	ra,0x10000
100023fc:	b7e080e7          	jalr	-1154(ra) # 20001f76 <__ledf2>
10002400:	4842                	lw	a6,16(sp)
10002402:	48d2                	lw	a7,20(sp)
10002404:	47e2                	lw	a5,24(sp)
10002406:	4772                	lw	a4,28(sp)
10002408:	da0545e3          	bltz	a0,100021b2 <_ftoa+0x194>
1000240c:	08089463          	bnez	a7,10002494 <_ftoa+0x476>
10002410:	0885                	addi	a7,a7,1
10002412:	b345                	j	100021b2 <_ftoa+0x194>
10002414:	003b7693          	andi	a3,s6,3
10002418:	4605                	li	a2,1
1000241a:	14c68b63          	beq	a3,a2,10002570 <_ftoa+0x552>
1000241e:	02000693          	li	a3,32
10002422:	fad784e3          	beq	a5,a3,100023ca <_ftoa+0x3ac>
10002426:	02d00613          	li	a2,45
1000242a:	020d9563          	bnez	s11,10002454 <_ftoa+0x436>
1000242e:	004b7693          	andi	a3,s6,4
10002432:	ee99                	bnez	a3,10002450 <_ftoa+0x432>
10002434:	008b7693          	andi	a3,s6,8
10002438:	dac9                	beqz	a3,100023ca <_ftoa+0x3ac>
1000243a:	02000613          	li	a2,32
1000243e:	00c786b3          	add	a3,a5,a2
10002442:	00c105b3          	add	a1,sp,a2
10002446:	96ae                	add	a3,a3,a1
10002448:	fec68023          	sb	a2,-32(a3)
1000244c:	0785                	addi	a5,a5,1
1000244e:	bfb5                	j	100023ca <_ftoa+0x3ac>
10002450:	02b00613          	li	a2,43
10002454:	002786b3          	add	a3,a5,sp
10002458:	02c68023          	sb	a2,32(a3)
1000245c:	0785                	addi	a5,a5,1
1000245e:	b7b5                	j	100023ca <_ftoa+0x3ac>
10002460:	02678063          	beq	a5,t1,10002480 <_ftoa+0x462>
10002464:	9c3e                	add	s8,s8,a5
10002466:	03000593          	li	a1,48
1000246a:	02000613          	li	a2,32
1000246e:	00fc0c63          	beq	s8,a5,10002486 <_ftoa+0x468>
10002472:	0785                	addi	a5,a5,1
10002474:	00f706b3          	add	a3,a4,a5
10002478:	feb68fa3          	sb	a1,-1(a3)
1000247c:	fec799e3          	bne	a5,a2,1000246e <_ftoa+0x450>
10002480:	02000793          	li	a5,32
10002484:	b709                	j	10002386 <_ftoa+0x368>
10002486:	9c0a                	add	s8,s8,sp
10002488:	02e00693          	li	a3,46
1000248c:	0785                	addi	a5,a5,1
1000248e:	02dc0023          	sb	a3,32(s8)
10002492:	bdd5                	j	10002386 <_ftoa+0x368>
10002494:	0018f693          	andi	a3,a7,1
10002498:	d0068de3          	beqz	a3,100021b2 <_ftoa+0x194>
1000249c:	0885                	addi	a7,a7,1
1000249e:	bb11                	j	100021b2 <_ftoa+0x194>
100024a0:	0805                	addi	a6,a6,1
100024a2:	ffe87813          	andi	a6,a6,-2
100024a6:	b5c5                	j	10002386 <_ftoa+0x368>
100024a8:	4791                	li	a5,4
100024aa:	e137fce3          	bgeu	a5,s3,100022c2 <_ftoa+0x2a4>
100024ae:	ffcb8413          	addi	s0,s7,-4 # 400b7ffc <__StackTop+0x20035ffc>
100024b2:	013404b3          	add	s1,s0,s3
100024b6:	845e                	mv	s0,s7
100024b8:	8622                	mv	a2,s0
100024ba:	86d6                	mv	a3,s5
100024bc:	0405                	addi	s0,s0,1
100024be:	85d2                	mv	a1,s4
100024c0:	02000513          	li	a0,32
100024c4:	9902                	jalr	s2
100024c6:	fe9419e3          	bne	s0,s1,100024b8 <_ftoa+0x49a>
100024ca:	bbe5                	j	100022c2 <_ftoa+0x2a4>
100024cc:	ee098fe3          	beqz	s3,100023ca <_ftoa+0x3ac>
100024d0:	080d9963          	bnez	s11,10002562 <_ftoa+0x544>
100024d4:	00cb7693          	andi	a3,s6,12
100024d8:	e6c9                	bnez	a3,10002562 <_ftoa+0x544>
100024da:	0337f363          	bgeu	a5,s3,10002500 <_ftoa+0x4e2>
100024de:	fe078693          	addi	a3,a5,-32
100024e2:	ce99                	beqz	a3,10002500 <_ftoa+0x4e2>
100024e4:	03000613          	li	a2,48
100024e8:	a011                	j	100024ec <_ftoa+0x4ce>
100024ea:	da95                	beqz	a3,1000241e <_ftoa+0x400>
100024ec:	0785                	addi	a5,a5,1
100024ee:	00f706b3          	add	a3,a4,a5
100024f2:	fec68fa3          	sb	a2,-1(a3)
100024f6:	fe078693          	addi	a3,a5,-32
100024fa:	ff37e8e3          	bltu	a5,s3,100024ea <_ftoa+0x4cc>
100024fe:	b705                	j	1000241e <_ftoa+0x400>
10002500:	02000693          	li	a3,32
10002504:	f2d795e3          	bne	a5,a3,1000242e <_ftoa+0x410>
10002508:	b5c9                	j	100023ca <_ftoa+0x3ac>
1000250a:	cae6                	sw	s9,84(sp)
1000250c:	003b7793          	andi	a5,s6,3
10002510:	002b7c93          	andi	s9,s6,2
10002514:	845e                	mv	s0,s7
10002516:	c3a5                	beqz	a5,10002576 <_ftoa+0x558>
10002518:	1000d4b7          	lui	s1,0x1000d
1000251c:	b2048493          	addi	s1,s1,-1248 # 1000cb20 <__init_array_end+0xc8>
10002520:	ffd48b13          	addi	s6,s1,-3
10002524:	8c22                	mv	s8,s0
10002526:	0024c503          	lbu	a0,2(s1)
1000252a:	8662                	mv	a2,s8
1000252c:	86d6                	mv	a3,s5
1000252e:	85d2                	mv	a1,s4
10002530:	14fd                	addi	s1,s1,-1
10002532:	0c05                	addi	s8,s8,1
10002534:	9902                	jalr	s2
10002536:	fe9b18e3          	bne	s6,s1,10002526 <_ftoa+0x508>
1000253a:	00340493          	addi	s1,s0,3
1000253e:	dc0c86e3          	beqz	s9,1000230a <_ftoa+0x2ec>
10002542:	417487b3          	sub	a5,s1,s7
10002546:	dd37f2e3          	bgeu	a5,s3,1000230a <_ftoa+0x2ec>
1000254a:	8626                	mv	a2,s1
1000254c:	86d6                	mv	a3,s5
1000254e:	85d2                	mv	a1,s4
10002550:	02000513          	li	a0,32
10002554:	0485                	addi	s1,s1,1
10002556:	9902                	jalr	s2
10002558:	417487b3          	sub	a5,s1,s7
1000255c:	ff37e7e3          	bltu	a5,s3,1000254a <_ftoa+0x52c>
10002560:	b36d                	j	1000230a <_ftoa+0x2ec>
10002562:	19fd                	addi	s3,s3,-1
10002564:	eb37fde3          	bgeu	a5,s3,1000241e <_ftoa+0x400>
10002568:	fe078693          	addi	a3,a5,-32
1000256c:	fea5                	bnez	a3,100024e4 <_ftoa+0x4c6>
1000256e:	bd45                	j	1000241e <_ftoa+0x400>
10002570:	ea0987e3          	beqz	s3,1000241e <_ftoa+0x400>
10002574:	bfb1                	j	100024d0 <_ftoa+0x4b2>
10002576:	478d                	li	a5,3
10002578:	fb37f0e3          	bgeu	a5,s3,10002518 <_ftoa+0x4fa>
1000257c:	ffdb8413          	addi	s0,s7,-3
10002580:	944e                	add	s0,s0,s3
10002582:	84de                	mv	s1,s7
10002584:	8626                	mv	a2,s1
10002586:	86d6                	mv	a3,s5
10002588:	0485                	addi	s1,s1,1
1000258a:	85d2                	mv	a1,s4
1000258c:	02000513          	li	a0,32
10002590:	9902                	jalr	s2
10002592:	fe8499e3          	bne	s1,s0,10002584 <_ftoa+0x566>
10002596:	b749                	j	10002518 <_ftoa+0x4fa>
10002598:	1000d6b7          	lui	a3,0x1000d
1000259c:	de868693          	addi	a3,a3,-536 # 1000cde8 <pow10.0>
100025a0:	20dc66b3          	sh3add	a3,s8,a3
100025a4:	4290                	lw	a2,0(a3)
100025a6:	42d4                	lw	a3,4(a3)
100025a8:	8cb2                	mv	s9,a2
100025aa:	8d36                	mv	s10,a3
100025ac:	be99                	j	10002102 <_ftoa+0xe4>

100025ae <_etoa>:
100025ae:	7175                	addi	sp,sp,-144
100025b0:	c14a                	sw	s2,128(sp)
100025b2:	d8da                	sw	s6,112(sp)
100025b4:	d6de                	sw	s7,108(sp)
100025b6:	d2e6                	sw	s9,100(sp)
100025b8:	892a                	mv	s2,a0
100025ba:	8b2e                	mv	s6,a1
100025bc:	8cb2                	mv	s9,a2
100025be:	8bb6                	mv	s7,a3
100025c0:	853a                	mv	a0,a4
100025c2:	85be                	mv	a1,a5
100025c4:	863a                	mv	a2,a4
100025c6:	86be                	mv	a3,a5
100025c8:	c522                	sw	s0,136(sp)
100025ca:	c326                	sw	s1,132(sp)
100025cc:	dece                	sw	s3,124(sp)
100025ce:	dcd2                	sw	s4,120(sp)
100025d0:	d4e2                	sw	s8,104(sp)
100025d2:	c706                	sw	ra,140(sp)
100025d4:	49ca                	lw	s3,144(sp)
100025d6:	84ba                	mv	s1,a4
100025d8:	843e                	mv	s0,a5
100025da:	8a42                	mv	s4,a6
100025dc:	8c46                	mv	s8,a7
100025de:	10000097          	auipc	ra,0x10000
100025e2:	400080e7          	jalr	1024(ra) # 200029de <__unorddf2>
100025e6:	e141                	bnez	a0,10002666 <_etoa+0xb8>
100025e8:	1000d7b7          	lui	a5,0x1000d
100025ec:	4587a603          	lw	a2,1112(a5) # 1000d458 <Rcon+0x23>
100025f0:	45c7a683          	lw	a3,1116(a5)
100025f4:	8526                	mv	a0,s1
100025f6:	85a2                	mv	a1,s0
100025f8:	10000097          	auipc	ra,0x10000
100025fc:	8c8080e7          	jalr	-1848(ra) # 20001ec0 <__gedf2>
10002600:	06a04363          	bgtz	a0,10002666 <_etoa+0xb8>
10002604:	1000d7b7          	lui	a5,0x1000d
10002608:	4507a603          	lw	a2,1104(a5) # 1000d450 <Rcon+0x1b>
1000260c:	4547a683          	lw	a3,1108(a5)
10002610:	8526                	mv	a0,s1
10002612:	85a2                	mv	a1,s0
10002614:	10000097          	auipc	ra,0x10000
10002618:	962080e7          	jalr	-1694(ra) # 20001f76 <__ledf2>
1000261c:	04054563          	bltz	a0,10002666 <_etoa+0xb8>
10002620:	8526                	mv	a0,s1
10002622:	85a2                	mv	a1,s0
10002624:	4601                	li	a2,0
10002626:	4681                	li	a3,0
10002628:	dad6                	sw	s5,116(sp)
1000262a:	d0ea                	sw	s10,96(sp)
1000262c:	ceee                	sw	s11,92(sp)
1000262e:	10000097          	auipc	ra,0x10000
10002632:	948080e7          	jalr	-1720(ra) # 20001f76 <__ledf2>
10002636:	d026                	sw	s1,32(sp)
10002638:	69f41a93          	binvi	s5,s0,0x1f
1000263c:	00054363          	bltz	a0,10002642 <_etoa+0x94>
10002640:	8aa2                	mv	s5,s0
10002642:	28b01793          	bseti	a5,zero,0xb
10002646:	00f9f7b3          	and	a5,s3,a5
1000264a:	4009f713          	andi	a4,s3,1024
1000264e:	ca3e                	sw	a5,20(sp)
10002650:	c83a                	sw	a4,16(sp)
10002652:	0154e7b3          	or	a5,s1,s5
10002656:	ef0d                	bnez	a4,10002690 <_etoa+0xe2>
10002658:	e3d9                	bnez	a5,100026de <_etoa+0x130>
1000265a:	47d2                	lw	a5,20(sp)
1000265c:	4a19                	li	s4,6
1000265e:	48078563          	beqz	a5,10002ae8 <_etoa+0x53a>
10002662:	4815                	li	a6,5
10002664:	a83d                	j	100026a2 <_etoa+0xf4>
10002666:	8726                	mv	a4,s1
10002668:	87a2                	mv	a5,s0
1000266a:	c94e                	sw	s3,144(sp)
1000266c:	88e2                	mv	a7,s8
1000266e:	8852                	mv	a6,s4
10002670:	86de                	mv	a3,s7
10002672:	8666                	mv	a2,s9
10002674:	85da                	mv	a1,s6
10002676:	854a                	mv	a0,s2
10002678:	442a                	lw	s0,136(sp)
1000267a:	40ba                	lw	ra,140(sp)
1000267c:	449a                	lw	s1,132(sp)
1000267e:	490a                	lw	s2,128(sp)
10002680:	59f6                	lw	s3,124(sp)
10002682:	5a66                	lw	s4,120(sp)
10002684:	5b46                	lw	s6,112(sp)
10002686:	5bb6                	lw	s7,108(sp)
10002688:	5c26                	lw	s8,104(sp)
1000268a:	5c96                	lw	s9,100(sp)
1000268c:	6149                	addi	sp,sp,144
1000268e:	ba41                	j	1000201e <_ftoa>
10002690:	eba1                	bnez	a5,100026e0 <_etoa+0x132>
10002692:	47d2                	lw	a5,20(sp)
10002694:	44078a63          	beqz	a5,10002ae8 <_etoa+0x53a>
10002698:	c802                	sw	zero,16(sp)
1000269a:	47c2                	lw	a5,16(sp)
1000269c:	4801                	li	a6,0
1000269e:	4947ce63          	blt	a5,s4,10002b3a <_etoa+0x58c>
100026a2:	8526                	mv	a0,s1
100026a4:	85a2                	mv	a1,s0
100026a6:	4601                	li	a2,0
100026a8:	4681                	li	a3,0
100026aa:	c842                	sw	a6,16(sp)
100026ac:	10000097          	auipc	ra,0x10000
100026b0:	8ca080e7          	jalr	-1846(ra) # 20001f76 <__ledf2>
100026b4:	4842                	lw	a6,16(sp)
100026b6:	8726                	mv	a4,s1
100026b8:	87d6                	mv	a5,s5
100026ba:	00055463          	bgez	a0,100026c2 <_etoa+0x114>
100026be:	69fa9793          	binvi	a5,s5,0x1f
100026c2:	48b99993          	bclri	s3,s3,0xb
100026c6:	4009e993          	ori	s3,s3,1024
100026ca:	5ad6                	lw	s5,116(sp)
100026cc:	5d06                	lw	s10,96(sp)
100026ce:	4df6                	lw	s11,92(sp)
100026d0:	c94e                	sw	s3,144(sp)
100026d2:	88e2                	mv	a7,s8
100026d4:	86de                	mv	a3,s7
100026d6:	8666                	mv	a2,s9
100026d8:	85da                	mv	a1,s6
100026da:	854a                	mv	a0,s2
100026dc:	bf71                	j	10002678 <_etoa+0xca>
100026de:	4a19                	li	s4,6
100026e0:	014ad513          	srli	a0,s5,0x14
100026e4:	7ff57513          	andi	a0,a0,2047
100026e8:	c0150513          	addi	a0,a0,-1023
100026ec:	10000097          	auipc	ra,0x10000
100026f0:	3e4080e7          	jalr	996(ra) # 20002ad0 <__floatsidf>
100026f4:	1000d7b7          	lui	a5,0x1000d
100026f8:	4707a603          	lw	a2,1136(a5) # 1000d470 <Rcon+0x3b>
100026fc:	4747a683          	lw	a3,1140(a5)
10002700:	10000097          	auipc	ra,0x10000
10002704:	92c080e7          	jalr	-1748(ra) # 2000202c <__muldf3>
10002708:	1000d7b7          	lui	a5,0x1000d
1000270c:	4787a603          	lw	a2,1144(a5) # 1000d478 <Rcon+0x43>
10002710:	47c7a683          	lw	a3,1148(a5)
10002714:	0ffff097          	auipc	ra,0xffff
10002718:	d74080e7          	jalr	-652(ra) # 20001488 <__adddf3>
1000271c:	00ca9793          	slli	a5,s5,0xc
10002720:	3ff00737          	lui	a4,0x3ff00
10002724:	83b1                	srli	a5,a5,0xc
10002726:	8fd9                	or	a5,a5,a4
10002728:	8dae                	mv	s11,a1
1000272a:	85be                	mv	a1,a5
1000272c:	1000d7b7          	lui	a5,0x1000d
10002730:	4807a603          	lw	a2,1152(a5) # 1000d480 <Rcon+0x4b>
10002734:	4847a683          	lw	a3,1156(a5)
10002738:	8d2a                	mv	s10,a0
1000273a:	8526                	mv	a0,s1
1000273c:	10000097          	auipc	ra,0x10000
10002740:	d10080e7          	jalr	-752(ra) # 2000244c <__subdf3>
10002744:	1000d7b7          	lui	a5,0x1000d
10002748:	4887a603          	lw	a2,1160(a5) # 1000d488 <Rcon+0x53>
1000274c:	48c7a683          	lw	a3,1164(a5)
10002750:	10000097          	auipc	ra,0x10000
10002754:	8dc080e7          	jalr	-1828(ra) # 2000202c <__muldf3>
10002758:	862a                	mv	a2,a0
1000275a:	86ae                	mv	a3,a1
1000275c:	856a                	mv	a0,s10
1000275e:	85ee                	mv	a1,s11
10002760:	0ffff097          	auipc	ra,0xffff
10002764:	d28080e7          	jalr	-728(ra) # 20001488 <__adddf3>
10002768:	10000097          	auipc	ra,0x10000
1000276c:	2aa080e7          	jalr	682(ra) # 20002a12 <__fixdfsi>
10002770:	c82a                	sw	a0,16(sp)
10002772:	10000097          	auipc	ra,0x10000
10002776:	35e080e7          	jalr	862(ra) # 20002ad0 <__floatsidf>
1000277a:	1000d7b7          	lui	a5,0x1000d
1000277e:	4907a603          	lw	a2,1168(a5) # 1000d490 <Rcon+0x5b>
10002782:	4947a683          	lw	a3,1172(a5)
10002786:	cc2a                	sw	a0,24(sp)
10002788:	ce2e                	sw	a1,28(sp)
1000278a:	10000097          	auipc	ra,0x10000
1000278e:	8a2080e7          	jalr	-1886(ra) # 2000202c <__muldf3>
10002792:	1000d7b7          	lui	a5,0x1000d
10002796:	4687a603          	lw	a2,1128(a5) # 1000d468 <Rcon+0x33>
1000279a:	46c7a683          	lw	a3,1132(a5)
1000279e:	0ffff097          	auipc	ra,0xffff
100027a2:	cea080e7          	jalr	-790(ra) # 20001488 <__adddf3>
100027a6:	10000097          	auipc	ra,0x10000
100027aa:	26c080e7          	jalr	620(ra) # 20002a12 <__fixdfsi>
100027ae:	1000d7b7          	lui	a5,0x1000d
100027b2:	4987a603          	lw	a2,1176(a5) # 1000d498 <Rcon+0x63>
100027b6:	49c7a683          	lw	a3,1180(a5)
100027ba:	8d2a                	mv	s10,a0
100027bc:	45f2                	lw	a1,28(sp)
100027be:	4562                	lw	a0,24(sp)
100027c0:	10000097          	auipc	ra,0x10000
100027c4:	86c080e7          	jalr	-1940(ra) # 2000202c <__muldf3>
100027c8:	cc2a                	sw	a0,24(sp)
100027ca:	856a                	mv	a0,s10
100027cc:	d26a                	sw	s10,36(sp)
100027ce:	ce2e                	sw	a1,28(sp)
100027d0:	10000097          	auipc	ra,0x10000
100027d4:	300080e7          	jalr	768(ra) # 20002ad0 <__floatsidf>
100027d8:	1000d7b7          	lui	a5,0x1000d
100027dc:	4a07a603          	lw	a2,1184(a5) # 1000d4a0 <Rcon+0x6b>
100027e0:	4a47a683          	lw	a3,1188(a5)
100027e4:	10000097          	auipc	ra,0x10000
100027e8:	848080e7          	jalr	-1976(ra) # 2000202c <__muldf3>
100027ec:	862a                	mv	a2,a0
100027ee:	86ae                	mv	a3,a1
100027f0:	4562                	lw	a0,24(sp)
100027f2:	45f2                	lw	a1,28(sp)
100027f4:	10000097          	auipc	ra,0x10000
100027f8:	c58080e7          	jalr	-936(ra) # 2000244c <__subdf3>
100027fc:	862a                	mv	a2,a0
100027fe:	86ae                	mv	a3,a1
10002800:	8d2a                	mv	s10,a0
10002802:	8dae                	mv	s11,a1
10002804:	10000097          	auipc	ra,0x10000
10002808:	828080e7          	jalr	-2008(ra) # 2000202c <__muldf3>
1000280c:	cc2a                	sw	a0,24(sp)
1000280e:	ce2e                	sw	a1,28(sp)
10002810:	866a                	mv	a2,s10
10002812:	86ee                	mv	a3,s11
10002814:	856a                	mv	a0,s10
10002816:	85ee                	mv	a1,s11
10002818:	0ffff097          	auipc	ra,0xffff
1000281c:	c70080e7          	jalr	-912(ra) # 20001488 <__adddf3>
10002820:	1000d7b7          	lui	a5,0x1000d
10002824:	4a87a603          	lw	a2,1192(a5) # 1000d4a8 <Rcon+0x73>
10002828:	4ac7a683          	lw	a3,1196(a5)
1000282c:	d42a                	sw	a0,40(sp)
1000282e:	d62e                	sw	a1,44(sp)
10002830:	4562                	lw	a0,24(sp)
10002832:	45f2                	lw	a1,28(sp)
10002834:	0ffff097          	auipc	ra,0xffff
10002838:	1d2080e7          	jalr	466(ra) # 20001a06 <__divdf3>
1000283c:	1000d837          	lui	a6,0x1000d
10002840:	4b082603          	lw	a2,1200(a6) # 1000d4b0 <Rcon+0x7b>
10002844:	4b482683          	lw	a3,1204(a6)
10002848:	0ffff097          	auipc	ra,0xffff
1000284c:	c40080e7          	jalr	-960(ra) # 20001488 <__adddf3>
10002850:	862a                	mv	a2,a0
10002852:	86ae                	mv	a3,a1
10002854:	4562                	lw	a0,24(sp)
10002856:	45f2                	lw	a1,28(sp)
10002858:	0ffff097          	auipc	ra,0xffff
1000285c:	1ae080e7          	jalr	430(ra) # 20001a06 <__divdf3>
10002860:	1000d7b7          	lui	a5,0x1000d
10002864:	4b87a603          	lw	a2,1208(a5) # 1000d4b8 <Rcon+0x83>
10002868:	4bc7a683          	lw	a3,1212(a5)
1000286c:	0ffff097          	auipc	ra,0xffff
10002870:	c1c080e7          	jalr	-996(ra) # 20001488 <__adddf3>
10002874:	862a                	mv	a2,a0
10002876:	86ae                	mv	a3,a1
10002878:	4562                	lw	a0,24(sp)
1000287a:	45f2                	lw	a1,28(sp)
1000287c:	0ffff097          	auipc	ra,0xffff
10002880:	18a080e7          	jalr	394(ra) # 20001a06 <__divdf3>
10002884:	1000d7b7          	lui	a5,0x1000d
10002888:	cc2a                	sw	a0,24(sp)
1000288a:	ce2e                	sw	a1,28(sp)
1000288c:	4c07a503          	lw	a0,1216(a5) # 1000d4c0 <Rcon+0x8b>
10002890:	4c47a583          	lw	a1,1220(a5)
10002894:	866a                	mv	a2,s10
10002896:	86ee                	mv	a3,s11
10002898:	10000097          	auipc	ra,0x10000
1000289c:	bb4080e7          	jalr	-1100(ra) # 2000244c <__subdf3>
100028a0:	862a                	mv	a2,a0
100028a2:	86ae                	mv	a3,a1
100028a4:	4562                	lw	a0,24(sp)
100028a6:	45f2                	lw	a1,28(sp)
100028a8:	0ffff097          	auipc	ra,0xffff
100028ac:	be0080e7          	jalr	-1056(ra) # 20001488 <__adddf3>
100028b0:	862a                	mv	a2,a0
100028b2:	86ae                	mv	a3,a1
100028b4:	5522                	lw	a0,40(sp)
100028b6:	55b2                	lw	a1,44(sp)
100028b8:	0ffff097          	auipc	ra,0xffff
100028bc:	14e080e7          	jalr	334(ra) # 20001a06 <__divdf3>
100028c0:	1000d7b7          	lui	a5,0x1000d
100028c4:	4c87a603          	lw	a2,1224(a5) # 1000d4c8 <Rcon+0x93>
100028c8:	4cc7a683          	lw	a3,1228(a5)
100028cc:	0ffff097          	auipc	ra,0xffff
100028d0:	bbc080e7          	jalr	-1092(ra) # 20001488 <__adddf3>
100028d4:	5792                	lw	a5,36(sp)
100028d6:	4601                	li	a2,0
100028d8:	3ff78793          	addi	a5,a5,1023
100028dc:	01479693          	slli	a3,a5,0x14
100028e0:	0ffff097          	auipc	ra,0xffff
100028e4:	74c080e7          	jalr	1868(ra) # 2000202c <__muldf3>
100028e8:	862a                	mv	a2,a0
100028ea:	d22a                	sw	a0,36(sp)
100028ec:	86ae                	mv	a3,a1
100028ee:	cc2e                	sw	a1,24(sp)
100028f0:	8526                	mv	a0,s1
100028f2:	85d6                	mv	a1,s5
100028f4:	0ffff097          	auipc	ra,0xffff
100028f8:	682080e7          	jalr	1666(ra) # 20001f76 <__ledf2>
100028fc:	47e2                	lw	a5,24(sp)
100028fe:	5712                	lw	a4,36(sp)
10002900:	02055363          	bgez	a0,10002926 <_etoa+0x378>
10002904:	1000d837          	lui	a6,0x1000d
10002908:	85be                	mv	a1,a5
1000290a:	47c2                	lw	a5,16(sp)
1000290c:	4b082603          	lw	a2,1200(a6) # 1000d4b0 <Rcon+0x7b>
10002910:	4b482683          	lw	a3,1204(a6)
10002914:	17fd                	addi	a5,a5,-1
10002916:	853a                	mv	a0,a4
10002918:	c83e                	sw	a5,16(sp)
1000291a:	0ffff097          	auipc	ra,0xffff
1000291e:	0ec080e7          	jalr	236(ra) # 20001a06 <__divdf3>
10002922:	872a                	mv	a4,a0
10002924:	87ae                	mv	a5,a1
10002926:	46c2                	lw	a3,16(sp)
10002928:	0c600593          	li	a1,198
1000292c:	863a                	mv	a2,a4
1000292e:	06368693          	addi	a3,a3,99
10002932:	853e                	mv	a0,a5
10002934:	0029fd13          	andi	s10,s3,2
10002938:	12d5e963          	bltu	a1,a3,10002a6a <_etoa+0x4bc>
1000293c:	46d2                	lw	a3,20(sp)
1000293e:	4d91                	li	s11,4
10002940:	14069263          	bnez	a3,10002a84 <_etoa+0x4d6>
10002944:	4691                	li	a3,4
10002946:	8db6                	mv	s11,a3
10002948:	0186f763          	bgeu	a3,s8,10002956 <_etoa+0x3a8>
1000294c:	1e0d1b63          	bnez	s10,10002b42 <_etoa+0x594>
10002950:	ffcc0693          	addi	a3,s8,-4
10002954:	ca36                	sw	a3,20(sp)
10002956:	46c2                	lw	a3,16(sp)
10002958:	ca99                	beqz	a3,1000296e <_etoa+0x3c0>
1000295a:	85d6                	mv	a1,s5
1000295c:	863a                	mv	a2,a4
1000295e:	86be                	mv	a3,a5
10002960:	8526                	mv	a0,s1
10002962:	0ffff097          	auipc	ra,0xffff
10002966:	0a4080e7          	jalr	164(ra) # 20001a06 <__divdf3>
1000296a:	d02a                	sw	a0,32(sp)
1000296c:	8aae                	mv	s5,a1
1000296e:	8526                	mv	a0,s1
10002970:	85a2                	mv	a1,s0
10002972:	4601                	li	a2,0
10002974:	4681                	li	a3,0
10002976:	0ffff097          	auipc	ra,0xffff
1000297a:	600080e7          	jalr	1536(ra) # 20001f76 <__ledf2>
1000297e:	1a054463          	bltz	a0,10002b26 <_etoa+0x578>
10002982:	5702                	lw	a4,32(sp)
10002984:	87d6                	mv	a5,s5
10002986:	48d2                	lw	a7,20(sp)
10002988:	48b99693          	bclri	a3,s3,0xb
1000298c:	4859d993          	bexti	s3,s3,0x5
10002990:	8852                	mv	a6,s4
10002992:	c036                	sw	a3,0(sp)
10002994:	8666                	mv	a2,s9
10002996:	86de                	mv	a3,s7
10002998:	85da                	mv	a1,s6
1000299a:	854a                	mv	a0,s2
1000299c:	19fd                	addi	s3,s3,-1
1000299e:	e80ff0ef          	jal	1000201e <_ftoa>
100029a2:	0209f993          	andi	s3,s3,32
100029a6:	862a                	mv	a2,a0
100029a8:	86de                	mv	a3,s7
100029aa:	04598513          	addi	a0,s3,69
100029ae:	85da                	mv	a1,s6
100029b0:	00160413          	addi	s0,a2,1
100029b4:	9902                	jalr	s2
100029b6:	47c2                	lw	a5,16(sp)
100029b8:	ccccde37          	lui	t3,0xccccd
100029bc:	fffd8e93          	addi	t4,s11,-1
100029c0:	40f006b3          	neg	a3,a5
100029c4:	47c2                	lw	a5,16(sp)
100029c6:	1818                	addi	a4,sp,48
100029c8:	ccde0e13          	addi	t3,t3,-819 # cccccccd <__StackTop+0xacc4accd>
100029cc:	0ad7e6b3          	max	a3,a5,a3
100029d0:	01f7d813          	srli	a6,a5,0x1f
100029d4:	4781                	li	a5,0
100029d6:	03c6b633          	mulhu	a2,a3,t3
100029da:	0785                	addi	a5,a5,1
100029dc:	00a6b593          	sltiu	a1,a3,10
100029e0:	00f708b3          	add	a7,a4,a5
100029e4:	fe078313          	addi	t1,a5,-32
100029e8:	820d                	srli	a2,a2,0x3
100029ea:	20c64533          	sh2add	a0,a2,a2
100029ee:	0506                	slli	a0,a0,0x1
100029f0:	8e89                	sub	a3,a3,a0
100029f2:	03068693          	addi	a3,a3,48
100029f6:	fed88fa3          	sb	a3,-1(a7)
100029fa:	86b2                	mv	a3,a2
100029fc:	e199                	bnez	a1,10002a02 <_etoa+0x454>
100029fe:	fc031ce3          	bnez	t1,100029d6 <_etoa+0x428>
10002a02:	4695                	li	a3,5
10002a04:	c436                	sw	a3,8(sp)
10002a06:	c276                	sw	t4,4(sp)
10002a08:	c002                	sw	zero,0(sp)
10002a0a:	8622                	mv	a2,s0
10002a0c:	48a9                	li	a7,10
10002a0e:	86de                	mv	a3,s7
10002a10:	85da                	mv	a1,s6
10002a12:	854a                	mv	a0,s2
10002a14:	beeff0ef          	jal	10001e02 <_ntoa_format>
10002a18:	84aa                	mv	s1,a0
10002a1a:	020d0863          	beqz	s10,10002a4a <_etoa+0x49c>
10002a1e:	41950433          	sub	s0,a0,s9
10002a22:	03847463          	bgeu	s0,s8,10002a4a <_etoa+0x49c>
10002a26:	008c8633          	add	a2,s9,s0
10002a2a:	86de                	mv	a3,s7
10002a2c:	85da                	mv	a1,s6
10002a2e:	02000513          	li	a0,32
10002a32:	0405                	addi	s0,s0,1
10002a34:	9902                	jalr	s2
10002a36:	ff8468e3          	bltu	s0,s8,10002a26 <_etoa+0x478>
10002a3a:	41948733          	sub	a4,s1,s9
10002a3e:	0705                	addi	a4,a4,1 # 3ff00001 <__StackTop+0x1fe7e001>
10002a40:	4781                	li	a5,0
10002a42:	0cec7d63          	bgeu	s8,a4,10002b1c <_etoa+0x56e>
10002a46:	0485                	addi	s1,s1,1
10002a48:	94be                	add	s1,s1,a5
10002a4a:	40ba                	lw	ra,140(sp)
10002a4c:	442a                	lw	s0,136(sp)
10002a4e:	5ad6                	lw	s5,116(sp)
10002a50:	5d06                	lw	s10,96(sp)
10002a52:	4df6                	lw	s11,92(sp)
10002a54:	490a                	lw	s2,128(sp)
10002a56:	59f6                	lw	s3,124(sp)
10002a58:	5a66                	lw	s4,120(sp)
10002a5a:	5b46                	lw	s6,112(sp)
10002a5c:	5bb6                	lw	s7,108(sp)
10002a5e:	5c26                	lw	s8,104(sp)
10002a60:	5c96                	lw	s9,100(sp)
10002a62:	8526                	mv	a0,s1
10002a64:	449a                	lw	s1,132(sp)
10002a66:	6149                	addi	sp,sp,144
10002a68:	8082                	ret
10002a6a:	46d2                	lw	a3,20(sp)
10002a6c:	ea99                	bnez	a3,10002a82 <_etoa+0x4d4>
10002a6e:	4695                	li	a3,5
10002a70:	8db6                	mv	s11,a3
10002a72:	ef86f4e3          	bgeu	a3,s8,1000295a <_etoa+0x3ac>
10002a76:	0c0d1863          	bnez	s10,10002b46 <_etoa+0x598>
10002a7a:	ffbc0693          	addi	a3,s8,-5
10002a7e:	ca36                	sw	a3,20(sp)
10002a80:	bde9                	j	1000295a <_etoa+0x3ac>
10002a82:	4d95                	li	s11,5
10002a84:	8e49                	or	a2,a2,a0
10002a86:	c0060ae3          	beqz	a2,1000269a <_etoa+0xec>
10002a8a:	1000d6b7          	lui	a3,0x1000d
10002a8e:	4d06a603          	lw	a2,1232(a3) # 1000d4d0 <Rcon+0x9b>
10002a92:	4d46a683          	lw	a3,1236(a3)
10002a96:	8526                	mv	a0,s1
10002a98:	85d6                	mv	a1,s5
10002a9a:	ca3a                	sw	a4,20(sp)
10002a9c:	cc3e                	sw	a5,24(sp)
10002a9e:	0ffff097          	auipc	ra,0xffff
10002aa2:	422080e7          	jalr	1058(ra) # 20001ec0 <__gedf2>
10002aa6:	4752                	lw	a4,20(sp)
10002aa8:	47e2                	lw	a5,24(sp)
10002aaa:	02054263          	bltz	a0,10002ace <_etoa+0x520>
10002aae:	1000d6b7          	lui	a3,0x1000d
10002ab2:	4486a603          	lw	a2,1096(a3) # 1000d448 <Rcon+0x13>
10002ab6:	44c6a683          	lw	a3,1100(a3)
10002aba:	8526                	mv	a0,s1
10002abc:	85d6                	mv	a1,s5
10002abe:	0ffff097          	auipc	ra,0xffff
10002ac2:	4b8080e7          	jalr	1208(ra) # 20001f76 <__ledf2>
10002ac6:	bc054ae3          	bltz	a0,1000269a <_etoa+0xec>
10002aca:	4752                	lw	a4,20(sp)
10002acc:	47e2                	lw	a5,24(sp)
10002ace:	020a0b63          	beqz	s4,10002b04 <_etoa+0x556>
10002ad2:	4009f693          	andi	a3,s3,1024
10002ad6:	c69d                	beqz	a3,10002b04 <_etoa+0x556>
10002ad8:	1a7d                	addi	s4,s4,-1
10002ada:	018df563          	bgeu	s11,s8,10002ae4 <_etoa+0x536>
10002ade:	040d0a63          	beqz	s10,10002b32 <_etoa+0x584>
10002ae2:	4d09                	li	s10,2
10002ae4:	ca02                	sw	zero,20(sp)
10002ae6:	bd85                	j	10002956 <_etoa+0x3a8>
10002ae8:	0029f793          	andi	a5,s3,2
10002aec:	8d3e                	mv	s10,a5
10002aee:	e395                	bnez	a5,10002b12 <_etoa+0x564>
10002af0:	004c3793          	sltiu	a5,s8,4
10002af4:	17fd                	addi	a5,a5,-1
10002af6:	ffcc0713          	addi	a4,s8,-4
10002afa:	8ff9                	and	a5,a5,a4
10002afc:	ca3e                	sw	a5,20(sp)
10002afe:	c802                	sw	zero,16(sp)
10002b00:	4d91                	li	s11,4
10002b02:	b5b5                	j	1000296e <_etoa+0x3c0>
10002b04:	ff8df0e3          	bgeu	s11,s8,10002ae4 <_etoa+0x536>
10002b08:	020d0563          	beqz	s10,10002b32 <_etoa+0x584>
10002b0c:	ca02                	sw	zero,20(sp)
10002b0e:	4d09                	li	s10,2
10002b10:	b599                	j	10002956 <_etoa+0x3a8>
10002b12:	ca02                	sw	zero,20(sp)
10002b14:	c802                	sw	zero,16(sp)
10002b16:	4d09                	li	s10,2
10002b18:	4d91                	li	s11,4
10002b1a:	bd91                	j	1000296e <_etoa+0x3c0>
10002b1c:	fffc8793          	addi	a5,s9,-1
10002b20:	97e2                	add	a5,a5,s8
10002b22:	8f85                	sub	a5,a5,s1
10002b24:	b70d                	j	10002a46 <_etoa+0x498>
10002b26:	5602                	lw	a2,32(sp)
10002b28:	69fa9693          	binvi	a3,s5,0x1f
10002b2c:	87b6                	mv	a5,a3
10002b2e:	8732                	mv	a4,a2
10002b30:	bd99                	j	10002986 <_etoa+0x3d8>
10002b32:	41bc06b3          	sub	a3,s8,s11
10002b36:	ca36                	sw	a3,20(sp)
10002b38:	bd39                	j	10002956 <_etoa+0x3a8>
10002b3a:	40fa0833          	sub	a6,s4,a5
10002b3e:	187d                	addi	a6,a6,-1
10002b40:	b68d                	j	100026a2 <_etoa+0xf4>
10002b42:	4d09                	li	s10,2
10002b44:	bd09                	j	10002956 <_etoa+0x3a8>
10002b46:	4d09                	li	s10,2
10002b48:	bd09                	j	1000295a <_etoa+0x3ac>

10002b4a <_vsnprintf>:
10002b4a:	100037b7          	lui	a5,0x10003
10002b4e:	7135                	addi	sp,sp,-160
10002b50:	b4a78793          	addi	a5,a5,-1206 # 10002b4a <_vsnprintf>
10002b54:	cb26                	sw	s1,148(sp)
10002b56:	c94a                	sw	s2,144(sp)
10002b58:	c74e                	sw	s3,140(sp)
10002b5a:	c552                	sw	s4,136(sp)
10002b5c:	dae6                	sw	s9,116(sp)
10002b5e:	cf06                	sw	ra,156(sp)
10002b60:	cd22                	sw	s0,152(sp)
10002b62:	d8ea                	sw	s10,112(sp)
10002b64:	80f1ada3          	sw	a5,-2021(gp) # 20003b4c <lazy_vsnprintf>
10002b68:	8a2e                	mv	s4,a1
10002b6a:	8cb6                	mv	s9,a3
10002b6c:	893a                	mv	s2,a4
10002b6e:	89b2                	mv	s3,a2
10002b70:	84aa                	mv	s1,a0
10002b72:	3c058663          	beqz	a1,10002f3e <_vsnprintf+0x3f4>
10002b76:	000cc503          	lbu	a0,0(s9)
10002b7a:	4d01                	li	s10,0
10002b7c:	3c050a63          	beqz	a0,10002f50 <_vsnprintf+0x406>
10002b80:	c356                	sw	s5,132(sp)
10002b82:	dede                	sw	s7,124(sp)
10002b84:	1000dab7          	lui	s5,0x1000d
10002b88:	1000dbb7          	lui	s7,0x1000d
10002b8c:	c15a                	sw	s6,128(sp)
10002b8e:	dce2                	sw	s8,120(sp)
10002b90:	d6ee                	sw	s11,108(sp)
10002b92:	c48a8a93          	addi	s5,s5,-952 # 1000cc48 <__bi_26+0xc>
10002b96:	c8cb8b93          	addi	s7,s7,-884 # 1000cc8c <__bi_26+0x50>
10002b9a:	02500b13          	li	s6,37
10002b9e:	4441                	li	s0,16
10002ba0:	a811                	j	10002bb4 <_vsnprintf+0x6a>
10002ba2:	866a                	mv	a2,s10
10002ba4:	86ce                	mv	a3,s3
10002ba6:	85d2                	mv	a1,s4
10002ba8:	9482                	jalr	s1
10002baa:	0d05                	addi	s10,s10,1
10002bac:	000cc503          	lbu	a0,0(s9)
10002bb0:	10050b63          	beqz	a0,10002cc6 <_vsnprintf+0x17c>
10002bb4:	0c85                	addi	s9,s9,1
10002bb6:	ff6516e3          	bne	a0,s6,10002ba2 <_vsnprintf+0x58>
10002bba:	4681                	li	a3,0
10002bbc:	000cc503          	lbu	a0,0(s9)
10002bc0:	001c8713          	addi	a4,s9,1
10002bc4:	fe050793          	addi	a5,a0,-32
10002bc8:	0ff7f793          	zext.b	a5,a5
10002bcc:	00f46663          	bltu	s0,a5,10002bd8 <_vsnprintf+0x8e>
10002bd0:	2157c7b3          	sh2add	a5,a5,s5
10002bd4:	439c                	lw	a5,0(a5)
10002bd6:	8782                	jr	a5
10002bd8:	fd050793          	addi	a5,a0,-48
10002bdc:	0ff7f793          	zext.b	a5,a5
10002be0:	4625                	li	a2,9
10002be2:	08f67963          	bgeu	a2,a5,10002c74 <_vsnprintf+0x12a>
10002be6:	02a00793          	li	a5,42
10002bea:	4d81                	li	s11,0
10002bec:	1af50d63          	beq	a0,a5,10002da6 <_vsnprintf+0x25c>
10002bf0:	02e00793          	li	a5,46
10002bf4:	4801                	li	a6,0
10002bf6:	0af50563          	beq	a0,a5,10002ca0 <_vsnprintf+0x156>
10002bfa:	f9850793          	addi	a5,a0,-104
10002bfe:	0ff7f793          	zext.b	a5,a5
10002c02:	4649                	li	a2,18
10002c04:	02f66f63          	bltu	a2,a5,10002c42 <_vsnprintf+0xf8>
10002c08:	2177c7b3          	sh2add	a5,a5,s7
10002c0c:	439c                	lw	a5,0(a5)
10002c0e:	8782                	jr	a5
10002c10:	0016e693          	ori	a3,a3,1
10002c14:	8cba                	mv	s9,a4
10002c16:	b75d                	j	10002bbc <_vsnprintf+0x72>
10002c18:	0026e693          	ori	a3,a3,2
10002c1c:	8cba                	mv	s9,a4
10002c1e:	bf79                	j	10002bbc <_vsnprintf+0x72>
10002c20:	0046e693          	ori	a3,a3,4
10002c24:	8cba                	mv	s9,a4
10002c26:	bf59                	j	10002bbc <_vsnprintf+0x72>
10002c28:	0106e693          	ori	a3,a3,16
10002c2c:	8cba                	mv	s9,a4
10002c2e:	b779                	j	10002bbc <_vsnprintf+0x72>
10002c30:	0086e693          	ori	a3,a3,8
10002c34:	8cba                	mv	s9,a4
10002c36:	b759                	j	10002bbc <_vsnprintf+0x72>
10002c38:	001cc503          	lbu	a0,1(s9)
10002c3c:	1006e693          	ori	a3,a3,256
10002c40:	0705                	addi	a4,a4,1
10002c42:	06700793          	li	a5,103
10002c46:	8cba                	mv	s9,a4
10002c48:	0aa7e963          	bltu	a5,a0,10002cfa <_vsnprintf+0x1b0>
10002c4c:	02400793          	li	a5,36
10002c50:	f4a7f9e3          	bgeu	a5,a0,10002ba2 <_vsnprintf+0x58>
10002c54:	fdb50793          	addi	a5,a0,-37
10002c58:	0ff7f793          	zext.b	a5,a5
10002c5c:	04200713          	li	a4,66
10002c60:	f4f761e3          	bltu	a4,a5,10002ba2 <_vsnprintf+0x58>
10002c64:	1000d737          	lui	a4,0x1000d
10002c68:	cd870713          	addi	a4,a4,-808 # 1000ccd8 <__bi_26+0x9c>
10002c6c:	20e7c7b3          	sh2add	a5,a5,a4
10002c70:	439c                	lw	a5,0(a5)
10002c72:	8782                	jr	a5
10002c74:	4d81                	li	s11,0
10002c76:	21bdcdb3          	sh2add	s11,s11,s11
10002c7a:	20adadb3          	sh1add	s11,s11,a0
10002c7e:	00074503          	lbu	a0,0(a4)
10002c82:	8cba                	mv	s9,a4
10002c84:	fd0d8d93          	addi	s11,s11,-48
10002c88:	fd050793          	addi	a5,a0,-48
10002c8c:	0ff7f793          	zext.b	a5,a5
10002c90:	0705                	addi	a4,a4,1
10002c92:	fef672e3          	bgeu	a2,a5,10002c76 <_vsnprintf+0x12c>
10002c96:	02e00793          	li	a5,46
10002c9a:	4801                	li	a6,0
10002c9c:	f4f51fe3          	bne	a0,a5,10002bfa <_vsnprintf+0xb0>
10002ca0:	001cc503          	lbu	a0,1(s9)
10002ca4:	45a5                	li	a1,9
10002ca6:	4006e693          	ori	a3,a3,1024
10002caa:	fd050793          	addi	a5,a0,-48
10002cae:	0ff7f793          	zext.b	a5,a5
10002cb2:	863a                	mv	a2,a4
10002cb4:	0cf5f663          	bgeu	a1,a5,10002d80 <_vsnprintf+0x236>
10002cb8:	02a00793          	li	a5,42
10002cbc:	2af50d63          	beq	a0,a5,10002f76 <_vsnprintf+0x42c>
10002cc0:	8cba                	mv	s9,a4
10002cc2:	0705                	addi	a4,a4,1
10002cc4:	bf1d                	j	10002bfa <_vsnprintf+0xb0>
10002cc6:	4a9a                	lw	s5,132(sp)
10002cc8:	4b0a                	lw	s6,128(sp)
10002cca:	5bf6                	lw	s7,124(sp)
10002ccc:	5c66                	lw	s8,120(sp)
10002cce:	5db6                	lw	s11,108(sp)
10002cd0:	846a                	mv	s0,s10
10002cd2:	013d6463          	bltu	s10,s3,10002cda <_vsnprintf+0x190>
10002cd6:	fff98d13          	addi	s10,s3,-1
10002cda:	86ce                	mv	a3,s3
10002cdc:	866a                	mv	a2,s10
10002cde:	85d2                	mv	a1,s4
10002ce0:	4501                	li	a0,0
10002ce2:	9482                	jalr	s1
10002ce4:	40fa                	lw	ra,156(sp)
10002ce6:	8522                	mv	a0,s0
10002ce8:	446a                	lw	s0,152(sp)
10002cea:	44da                	lw	s1,148(sp)
10002cec:	494a                	lw	s2,144(sp)
10002cee:	49ba                	lw	s3,140(sp)
10002cf0:	4a2a                	lw	s4,136(sp)
10002cf2:	5cd6                	lw	s9,116(sp)
10002cf4:	5d46                	lw	s10,112(sp)
10002cf6:	610d                	addi	sp,sp,160
10002cf8:	8082                	ret
10002cfa:	f9750593          	addi	a1,a0,-105
10002cfe:	0ff5f713          	zext.b	a4,a1
10002d02:	47bd                	li	a5,15
10002d04:	e8e7efe3          	bltu	a5,a4,10002ba2 <_vsnprintf+0x58>
10002d08:	6625                	lui	a2,0x9
10002d0a:	04160613          	addi	a2,a2,65 # 9041 <XIP_RAM_LENGTH+0x5041>
10002d0e:	28e017b3          	bset	a5,zero,a4
10002d12:	8ff1                	and	a5,a5,a2
10002d14:	24079263          	bnez	a5,10002f58 <_vsnprintf+0x40e>
10002d18:	4629                	li	a2,10
10002d1a:	0ac70063          	beq	a4,a2,10002dba <_vsnprintf+0x270>
10002d1e:	461d                	li	a2,7
10002d20:	e8c711e3          	bne	a4,a2,10002ba2 <_vsnprintf+0x58>
10002d24:	00092703          	lw	a4,0(s2)
10002d28:	0911                	addi	s2,s2,4
10002d2a:	26070963          	beqz	a4,10002f9c <_vsnprintf+0x452>
10002d2e:	0216e893          	ori	a7,a3,33
10002d32:	86ba                	mv	a3,a4
10002d34:	0098                	addi	a4,sp,64
10002d36:	4525                	li	a0,9
10002d38:	a031                	j	10002d44 <_vsnprintf+0x1fa>
10002d3a:	0106b613          	sltiu	a2,a3,16
10002d3e:	26061863          	bnez	a2,10002fae <_vsnprintf+0x464>
10002d42:	8291                	srli	a3,a3,0x4
10002d44:	00f6f613          	andi	a2,a3,15
10002d48:	03760593          	addi	a1,a2,55
10002d4c:	00c56463          	bltu	a0,a2,10002d54 <_vsnprintf+0x20a>
10002d50:	03060593          	addi	a1,a2,48
10002d54:	0785                	addi	a5,a5,1
10002d56:	00f70633          	add	a2,a4,a5
10002d5a:	feb60fa3          	sb	a1,-1(a2)
10002d5e:	fe078613          	addi	a2,a5,-32
10002d62:	fe61                	bnez	a2,10002d3a <_vsnprintf+0x1f0>
10002d64:	46a1                	li	a3,8
10002d66:	c446                	sw	a7,8(sp)
10002d68:	c042                	sw	a6,0(sp)
10002d6a:	c236                	sw	a3,4(sp)
10002d6c:	866a                	mv	a2,s10
10002d6e:	48c1                	li	a7,16
10002d70:	4801                	li	a6,0
10002d72:	86ce                	mv	a3,s3
10002d74:	85d2                	mv	a1,s4
10002d76:	8526                	mv	a0,s1
10002d78:	88aff0ef          	jal	10001e02 <_ntoa_format>
10002d7c:	8d2a                	mv	s10,a0
10002d7e:	b53d                	j	10002bac <_vsnprintf+0x62>
10002d80:	21084833          	sh2add	a6,a6,a6
10002d84:	0605                	addi	a2,a2,1
10002d86:	20a82833          	sh1add	a6,a6,a0
10002d8a:	00064503          	lbu	a0,0(a2)
10002d8e:	fd080813          	addi	a6,a6,-48
10002d92:	fd050793          	addi	a5,a0,-48
10002d96:	0ff7f793          	zext.b	a5,a5
10002d9a:	fef5f3e3          	bgeu	a1,a5,10002d80 <_vsnprintf+0x236>
10002d9e:	8cb2                	mv	s9,a2
10002da0:	00160713          	addi	a4,a2,1
10002da4:	bd99                	j	10002bfa <_vsnprintf+0xb0>
10002da6:	00092d83          	lw	s11,0(s2)
10002daa:	0911                	addi	s2,s2,4
10002dac:	080dc463          	bltz	s11,10002e34 <_vsnprintf+0x2ea>
10002db0:	001cc503          	lbu	a0,1(s9)
10002db4:	8cba                	mv	s9,a4
10002db6:	0705                	addi	a4,a4,1
10002db8:	bd25                	j	10002bf0 <_vsnprintf+0xa6>
10002dba:	00490793          	addi	a5,s2,4
10002dbe:	d43e                	sw	a5,40(sp)
10002dc0:	00092c03          	lw	s8,0(s2)
10002dc4:	8642                	mv	a2,a6
10002dc6:	1c080363          	beqz	a6,10002f8c <_vsnprintf+0x442>
10002dca:	000c4503          	lbu	a0,0(s8)
10002dce:	9662                	add	a2,a2,s8
10002dd0:	87e2                	mv	a5,s8
10002dd2:	32050a63          	beqz	a0,10003106 <_vsnprintf+0x5bc>
10002dd6:	00c78663          	beq	a5,a2,10002de2 <_vsnprintf+0x298>
10002dda:	0017c703          	lbu	a4,1(a5)
10002dde:	0785                	addi	a5,a5,1
10002de0:	fb7d                	bnez	a4,10002dd6 <_vsnprintf+0x28c>
10002de2:	418787b3          	sub	a5,a5,s8
10002de6:	d23e                	sw	a5,36(sp)
10002de8:	4006f793          	andi	a5,a3,1024
10002dec:	1c078863          	beqz	a5,10002fbc <_vsnprintf+0x472>
10002df0:	0026f793          	andi	a5,a3,2
10002df4:	d03e                	sw	a5,32(sp)
10002df6:	5792                	lw	a5,36(sp)
10002df8:	0b07d7b3          	minu	a5,a5,a6
10002dfc:	d23e                	sw	a5,36(sp)
10002dfe:	5782                	lw	a5,32(sp)
10002e00:	3c078163          	beqz	a5,100031c2 <_vsnprintf+0x678>
10002e04:	4789                	li	a5,2
10002e06:	d03e                	sw	a5,32(sp)
10002e08:	01a807b3          	add	a5,a6,s10
10002e0c:	ce3e                	sw	a5,28(sp)
10002e0e:	896a                	mv	s2,s10
10002e10:	a829                	j	10002e2a <_vsnprintf+0x2e0>
10002e12:	864a                	mv	a2,s2
10002e14:	86ce                	mv	a3,s3
10002e16:	85d2                	mv	a1,s4
10002e18:	9482                	jalr	s1
10002e1a:	0905                	addi	s2,s2,1
10002e1c:	41a90733          	sub	a4,s2,s10
10002e20:	9762                	add	a4,a4,s8
10002e22:	00074503          	lbu	a0,0(a4)
10002e26:	1a050e63          	beqz	a0,10002fe2 <_vsnprintf+0x498>
10002e2a:	47f2                	lw	a5,28(sp)
10002e2c:	ff2793e3          	bne	a5,s2,10002e12 <_vsnprintf+0x2c8>
10002e30:	8d3e                	mv	s10,a5
10002e32:	aa4d                	j	10002fe4 <_vsnprintf+0x49a>
10002e34:	001cc503          	lbu	a0,1(s9)
10002e38:	0026e693          	ori	a3,a3,2
10002e3c:	8cba                	mv	s9,a4
10002e3e:	41b00db3          	neg	s11,s11
10002e42:	0705                	addi	a4,a4,1
10002e44:	b375                	j	10002bf0 <_vsnprintf+0xa6>
10002e46:	001cc503          	lbu	a0,1(s9)
10002e4a:	06c00793          	li	a5,108
10002e4e:	def517e3          	bne	a0,a5,10002c3c <_vsnprintf+0xf2>
10002e52:	002cc503          	lbu	a0,2(s9)
10002e56:	3006e693          	ori	a3,a3,768
10002e5a:	003c8713          	addi	a4,s9,3
10002e5e:	b3d5                	j	10002c42 <_vsnprintf+0xf8>
10002e60:	001cc503          	lbu	a0,1(s9)
10002e64:	2006e693          	ori	a3,a3,512
10002e68:	0705                	addi	a4,a4,1
10002e6a:	bbe1                	j	10002c42 <_vsnprintf+0xf8>
10002e6c:	001cc503          	lbu	a0,1(s9)
10002e70:	06800793          	li	a5,104
10002e74:	22f50963          	beq	a0,a5,100030a6 <_vsnprintf+0x55c>
10002e78:	0806e693          	ori	a3,a3,128
10002e7c:	0705                	addi	a4,a4,1
10002e7e:	b3d1                	j	10002c42 <_vsnprintf+0xf8>
10002e80:	0fd57793          	andi	a5,a0,253
10002e84:	0df57713          	andi	a4,a0,223
10002e88:	091d                	addi	s2,s2,7
10002e8a:	fbb78793          	addi	a5,a5,-69
10002e8e:	fb970713          	addi	a4,a4,-71
10002e92:	ff897913          	andi	s2,s2,-8
10002e96:	0017b793          	seqz	a5,a5
10002e9a:	00173713          	seqz	a4,a4
10002e9e:	00092503          	lw	a0,0(s2)
10002ea2:	00492583          	lw	a1,4(s2)
10002ea6:	072e                	slli	a4,a4,0xb
10002ea8:	0796                	slli	a5,a5,0x5
10002eaa:	8fd9                	or	a5,a5,a4
10002eac:	8fd5                	or	a5,a5,a3
10002eae:	c03e                	sw	a5,0(sp)
10002eb0:	872a                	mv	a4,a0
10002eb2:	87ae                	mv	a5,a1
10002eb4:	866a                	mv	a2,s10
10002eb6:	88ee                	mv	a7,s11
10002eb8:	86ce                	mv	a3,s3
10002eba:	85d2                	mv	a1,s4
10002ebc:	8526                	mv	a0,s1
10002ebe:	ef0ff0ef          	jal	100025ae <_etoa>
10002ec2:	0921                	addi	s2,s2,8
10002ec4:	8d2a                	mv	s10,a0
10002ec6:	b1dd                	j	10002bac <_vsnprintf+0x62>
10002ec8:	04600793          	li	a5,70
10002ecc:	12f50063          	beq	a0,a5,10002fec <_vsnprintf+0x4a2>
10002ed0:	091d                	addi	s2,s2,7
10002ed2:	ff897913          	andi	s2,s2,-8
10002ed6:	00092703          	lw	a4,0(s2)
10002eda:	00492783          	lw	a5,4(s2)
10002ede:	866a                	mv	a2,s10
10002ee0:	c036                	sw	a3,0(sp)
10002ee2:	88ee                	mv	a7,s11
10002ee4:	86ce                	mv	a3,s3
10002ee6:	85d2                	mv	a1,s4
10002ee8:	8526                	mv	a0,s1
10002eea:	934ff0ef          	jal	1000201e <_ftoa>
10002eee:	0921                	addi	s2,s2,8
10002ef0:	8d2a                	mv	s10,a0
10002ef2:	b96d                	j	10002bac <_vsnprintf+0x62>
10002ef4:	866a                	mv	a2,s10
10002ef6:	86ce                	mv	a3,s3
10002ef8:	85d2                	mv	a1,s4
10002efa:	02500513          	li	a0,37
10002efe:	9482                	jalr	s1
10002f00:	0d05                	addi	s10,s10,1
10002f02:	b16d                	j	10002bac <_vsnprintf+0x62>
10002f04:	00490793          	addi	a5,s2,4
10002f08:	8a89                	andi	a3,a3,2
10002f0a:	d03e                	sw	a5,32(sp)
10002f0c:	001d0c13          	addi	s8,s10,1
10002f10:	1a068863          	beqz	a3,100030c0 <_vsnprintf+0x576>
10002f14:	00094503          	lbu	a0,0(s2)
10002f18:	866a                	mv	a2,s10
10002f1a:	86ce                	mv	a3,s3
10002f1c:	85d2                	mv	a1,s4
10002f1e:	9482                	jalr	s1
10002f20:	4785                	li	a5,1
10002f22:	9d6e                	add	s10,s10,s11
10002f24:	21b7f363          	bgeu	a5,s11,1000312a <_vsnprintf+0x5e0>
10002f28:	8662                	mv	a2,s8
10002f2a:	86ce                	mv	a3,s3
10002f2c:	0c05                	addi	s8,s8,1
10002f2e:	85d2                	mv	a1,s4
10002f30:	02000513          	li	a0,32
10002f34:	9482                	jalr	s1
10002f36:	ffac19e3          	bne	s8,s10,10002f28 <_vsnprintf+0x3de>
10002f3a:	5902                	lw	s2,32(sp)
10002f3c:	b985                	j	10002bac <_vsnprintf+0x62>
10002f3e:	000cc503          	lbu	a0,0(s9)
10002f42:	100024b7          	lui	s1,0x10002
10002f46:	d3c48493          	addi	s1,s1,-708 # 10001d3c <_out_null>
10002f4a:	4d01                	li	s10,0
10002f4c:	c2051ae3          	bnez	a0,10002b80 <_vsnprintf+0x36>
10002f50:	4401                	li	s0,0
10002f52:	d93d64e3          	bltu	s10,s3,10002cda <_vsnprintf+0x190>
10002f56:	b341                	j	10002cd6 <_vsnprintf+0x18c>
10002f58:	06f00793          	li	a5,111
10002f5c:	08f50b63          	beq	a0,a5,10002ff2 <_vsnprintf+0x4a8>
10002f60:	2aa7f963          	bgeu	a5,a0,10003212 <_vsnprintf+0x6c8>
10002f64:	07800793          	li	a5,120
10002f68:	18f50863          	beq	a0,a5,100030f8 <_vsnprintf+0x5ae>
10002f6c:	4629                	li	a2,10
10002f6e:	9abd                	andi	a3,a3,-17
10002f70:	8c32                	mv	s8,a2
10002f72:	dc02                	sw	zero,56(sp)
10002f74:	a051                	j	10002ff8 <_vsnprintf+0x4ae>
10002f76:	00092803          	lw	a6,0(s2)
10002f7a:	002cc503          	lbu	a0,2(s9)
10002f7e:	0c89                	addi	s9,s9,2
10002f80:	001c8713          	addi	a4,s9,1
10002f84:	0a086833          	max	a6,a6,zero
10002f88:	0911                	addi	s2,s2,4
10002f8a:	b985                	j	10002bfa <_vsnprintf+0xb0>
10002f8c:	000c4503          	lbu	a0,0(s8)
10002f90:	567d                	li	a2,-1
10002f92:	9662                	add	a2,a2,s8
10002f94:	87e2                	mv	a5,s8
10002f96:	e40510e3          	bnez	a0,10002dd6 <_vsnprintf+0x28c>
10002f9a:	a2b5                	j	10003106 <_vsnprintf+0x5bc>
10002f9c:	fef6f893          	andi	a7,a3,-17
10002fa0:	4006f693          	andi	a3,a3,1024
10002fa4:	0218e893          	ori	a7,a7,33
10002fa8:	0098                	addi	a4,sp,64
10002faa:	d80685e3          	beqz	a3,10002d34 <_vsnprintf+0x1ea>
10002fae:	46a1                	li	a3,8
10002fb0:	c446                	sw	a7,8(sp)
10002fb2:	c042                	sw	a6,0(sp)
10002fb4:	c236                	sw	a3,4(sp)
10002fb6:	866a                	mv	a2,s10
10002fb8:	48c1                	li	a7,16
10002fba:	bb5d                	j	10002d70 <_vsnprintf+0x226>
10002fbc:	0026f793          	andi	a5,a3,2
10002fc0:	d03e                	sw	a5,32(sp)
10002fc2:	24078263          	beqz	a5,10003206 <_vsnprintf+0x6bc>
10002fc6:	4789                	li	a5,2
10002fc8:	d03e                	sw	a5,32(sp)
10002fca:	896a                	mv	s2,s10
10002fcc:	864a                	mv	a2,s2
10002fce:	86ce                	mv	a3,s3
10002fd0:	85d2                	mv	a1,s4
10002fd2:	9482                	jalr	s1
10002fd4:	0905                	addi	s2,s2,1
10002fd6:	41a90733          	sub	a4,s2,s10
10002fda:	9762                	add	a4,a4,s8
10002fdc:	00074503          	lbu	a0,0(a4)
10002fe0:	f575                	bnez	a0,10002fcc <_vsnprintf+0x482>
10002fe2:	8d4a                	mv	s10,s2
10002fe4:	5782                	lw	a5,32(sp)
10002fe6:	e3d1                	bnez	a5,1000306a <_vsnprintf+0x520>
10002fe8:	5922                	lw	s2,40(sp)
10002fea:	b6c9                	j	10002bac <_vsnprintf+0x62>
10002fec:	0206e693          	ori	a3,a3,32
10002ff0:	b5c5                	j	10002ed0 <_vsnprintf+0x386>
10002ff2:	4621                	li	a2,8
10002ff4:	8c32                	mv	s8,a2
10002ff6:	dc02                	sw	zero,56(sp)
10002ff8:	4006ff13          	andi	t5,a3,1024
10002ffc:	ff36f313          	andi	t1,a3,-13
10003000:	000f0663          	beqz	t5,1000300c <_vsnprintf+0x4c2>
10003004:	ff26f313          	andi	t1,a3,-14
10003008:	40000f13          	li	t5,1024
1000300c:	20037693          	andi	a3,t1,512
10003010:	12069063          	bnez	a3,10003130 <_vsnprintf+0x5e6>
10003014:	10037793          	andi	a5,t1,256
10003018:	00490e93          	addi	t4,s2,4
1000301c:	4a079063          	bnez	a5,100034bc <_vsnprintf+0x972>
10003020:	04037713          	andi	a4,t1,64
10003024:	ef71                	bnez	a4,10003100 <_vsnprintf+0x5b6>
10003026:	08037713          	andi	a4,t1,128
1000302a:	52070e63          	beqz	a4,10003566 <_vsnprintf+0xa1c>
1000302e:	00095603          	lhu	a2,0(s2)
10003032:	12061763          	bnez	a2,10003160 <_vsnprintf+0x616>
10003036:	fef37313          	andi	t1,t1,-17
1000303a:	120f0363          	beqz	t5,10003160 <_vsnprintf+0x616>
1000303e:	4781                	li	a5,0
10003040:	0098                	addi	a4,sp,64
10003042:	ce76                	sw	t4,28(sp)
10003044:	c41a                	sw	t1,8(sp)
10003046:	c26e                	sw	s11,4(sp)
10003048:	c042                	sw	a6,0(sp)
1000304a:	88e2                	mv	a7,s8
1000304c:	866a                	mv	a2,s10
1000304e:	4801                	li	a6,0
10003050:	86ce                	mv	a3,s3
10003052:	85d2                	mv	a1,s4
10003054:	8526                	mv	a0,s1
10003056:	dadfe0ef          	jal	10001e02 <_ntoa_format>
1000305a:	8d2a                	mv	s10,a0
1000305c:	4972                	lw	s2,28(sp)
1000305e:	b6b9                	j	10002bac <_vsnprintf+0x62>
10003060:	0026f793          	andi	a5,a3,2
10003064:	d03e                	sw	a5,32(sp)
10003066:	52078063          	beqz	a5,10003586 <_vsnprintf+0xa3c>
1000306a:	896a                	mv	s2,s10
1000306c:	5792                	lw	a5,36(sp)
1000306e:	f7b7fde3          	bgeu	a5,s11,10002fe8 <_vsnprintf+0x49e>
10003072:	9dea                	add	s11,s11,s10
10003074:	40fd8d33          	sub	s10,s11,a5
10003078:	864a                	mv	a2,s2
1000307a:	86ce                	mv	a3,s3
1000307c:	0905                	addi	s2,s2,1
1000307e:	85d2                	mv	a1,s4
10003080:	02000513          	li	a0,32
10003084:	9482                	jalr	s1
10003086:	ffa919e3          	bne	s2,s10,10003078 <_vsnprintf+0x52e>
1000308a:	5922                	lw	s2,40(sp)
1000308c:	b605                	j	10002bac <_vsnprintf+0x62>
1000308e:	05800793          	li	a5,88
10003092:	02f50163          	beq	a0,a5,100030b4 <_vsnprintf+0x56a>
10003096:	06200793          	li	a5,98
1000309a:	50f51363          	bne	a0,a5,100035a0 <_vsnprintf+0xa56>
1000309e:	4609                	li	a2,2
100030a0:	8c32                	mv	s8,a2
100030a2:	dc02                	sw	zero,56(sp)
100030a4:	bf91                	j	10002ff8 <_vsnprintf+0x4ae>
100030a6:	002cc503          	lbu	a0,2(s9)
100030aa:	0c06e693          	ori	a3,a3,192
100030ae:	003c8713          	addi	a4,s9,3
100030b2:	be41                	j	10002c42 <_vsnprintf+0xf8>
100030b4:	4641                	li	a2,16
100030b6:	0206e693          	ori	a3,a3,32
100030ba:	8c32                	mv	s8,a2
100030bc:	dc02                	sw	zero,56(sp)
100030be:	bf2d                	j	10002ff8 <_vsnprintf+0x4ae>
100030c0:	4785                	li	a5,1
100030c2:	05b7fe63          	bgeu	a5,s11,1000311e <_vsnprintf+0x5d4>
100030c6:	fffd0c13          	addi	s8,s10,-1
100030ca:	01bc07b3          	add	a5,s8,s11
100030ce:	ce3e                	sw	a5,28(sp)
100030d0:	8c6a                	mv	s8,s10
100030d2:	8662                	mv	a2,s8
100030d4:	86ce                	mv	a3,s3
100030d6:	85d2                	mv	a1,s4
100030d8:	02000513          	li	a0,32
100030dc:	9482                	jalr	s1
100030de:	47f2                	lw	a5,28(sp)
100030e0:	0c05                	addi	s8,s8,1
100030e2:	fefc18e3          	bne	s8,a5,100030d2 <_vsnprintf+0x588>
100030e6:	00094503          	lbu	a0,0(s2)
100030ea:	8662                	mv	a2,s8
100030ec:	86ce                	mv	a3,s3
100030ee:	85d2                	mv	a1,s4
100030f0:	9482                	jalr	s1
100030f2:	9d6e                	add	s10,s10,s11
100030f4:	5902                	lw	s2,32(sp)
100030f6:	bc5d                	j	10002bac <_vsnprintf+0x62>
100030f8:	4641                	li	a2,16
100030fa:	8c32                	mv	s8,a2
100030fc:	dc02                	sw	zero,56(sp)
100030fe:	bded                	j	10002ff8 <_vsnprintf+0x4ae>
10003100:	00094603          	lbu	a2,0(s2)
10003104:	b73d                	j	10003032 <_vsnprintf+0x4e8>
10003106:	4006f793          	andi	a5,a3,1024
1000310a:	d23e                	sw	a5,36(sp)
1000310c:	dbb1                	beqz	a5,10003060 <_vsnprintf+0x516>
1000310e:	0026f793          	andi	a5,a3,2
10003112:	d23e                	sw	a5,36(sp)
10003114:	46078663          	beqz	a5,10003580 <_vsnprintf+0xa36>
10003118:	896a                	mv	s2,s10
1000311a:	d202                	sw	zero,36(sp)
1000311c:	bf81                	j	1000306c <_vsnprintf+0x522>
1000311e:	00094503          	lbu	a0,0(s2)
10003122:	866a                	mv	a2,s10
10003124:	86ce                	mv	a3,s3
10003126:	85d2                	mv	a1,s4
10003128:	9482                	jalr	s1
1000312a:	5902                	lw	s2,32(sp)
1000312c:	8d62                	mv	s10,s8
1000312e:	bcbd                	j	10002bac <_vsnprintf+0x62>
10003130:	091d                	addi	s2,s2,7
10003132:	ff897913          	andi	s2,s2,-8
10003136:	00092e03          	lw	t3,0(s2)
1000313a:	00492e83          	lw	t4,4(s2)
1000313e:	0921                	addi	s2,s2,8
10003140:	01de67b3          	or	a5,t3,t4
10003144:	22079c63          	bnez	a5,1000337c <_vsnprintf+0x832>
10003148:	fef37313          	andi	t1,t1,-17
1000314c:	220f0863          	beqz	t5,1000337c <_vsnprintf+0x832>
10003150:	4781                	li	a5,0
10003152:	0098                	addi	a4,sp,64
10003154:	c41a                	sw	t1,8(sp)
10003156:	c26e                	sw	s11,4(sp)
10003158:	c042                	sw	a6,0(sp)
1000315a:	88e2                	mv	a7,s8
1000315c:	866a                	mv	a2,s10
1000315e:	b909                	j	10002d70 <_vsnprintf+0x226>
10003160:	48535713          	bexti	a4,t1,0x5
10003164:	06100e13          	li	t3,97
10003168:	c319                	beqz	a4,1000316e <_vsnprintf+0x624>
1000316a:	04100e13          	li	t3,65
1000316e:	1e59                	addi	t3,t3,-10
10003170:	0098                	addi	a4,sp,64
10003172:	45a5                	li	a1,9
10003174:	038676b3          	remu	a3,a2,s8
10003178:	0785                	addi	a5,a5,1
1000317a:	02d5e563          	bltu	a1,a3,100031a4 <_vsnprintf+0x65a>
1000317e:	03068693          	addi	a3,a3,48
10003182:	00f70533          	add	a0,a4,a5
10003186:	fed50fa3          	sb	a3,-1(a0)
1000318a:	fe078693          	addi	a3,a5,-32
1000318e:	ea068ae3          	beqz	a3,10003042 <_vsnprintf+0x4f8>
10003192:	eb8668e3          	bltu	a2,s8,10003042 <_vsnprintf+0x4f8>
10003196:	03865633          	divu	a2,a2,s8
1000319a:	0785                	addi	a5,a5,1
1000319c:	038676b3          	remu	a3,a2,s8
100031a0:	fcd5ffe3          	bgeu	a1,a3,1000317e <_vsnprintf+0x634>
100031a4:	96f2                	add	a3,a3,t3
100031a6:	00f70533          	add	a0,a4,a5
100031aa:	fed50fa3          	sb	a3,-1(a0)
100031ae:	fe078693          	addi	a3,a5,-32
100031b2:	e80688e3          	beqz	a3,10003042 <_vsnprintf+0x4f8>
100031b6:	01063693          	sltiu	a3,a2,16
100031ba:	e80694e3          	bnez	a3,10003042 <_vsnprintf+0x4f8>
100031be:	8211                	srli	a2,a2,0x4
100031c0:	bf55                	j	10003174 <_vsnprintf+0x62a>
100031c2:	5792                	lw	a5,36(sp)
100031c4:	3db7f663          	bgeu	a5,s11,10003590 <_vsnprintf+0xa46>
100031c8:	40000793          	li	a5,1024
100031cc:	d03e                	sw	a5,32(sp)
100031ce:	5792                	lw	a5,36(sp)
100031d0:	01ad8933          	add	s2,s11,s10
100031d4:	40f90933          	sub	s2,s2,a5
100031d8:	ce42                	sw	a6,28(sp)
100031da:	866a                	mv	a2,s10
100031dc:	86ce                	mv	a3,s3
100031de:	85d2                	mv	a1,s4
100031e0:	02000513          	li	a0,32
100031e4:	9482                	jalr	s1
100031e6:	0d05                	addi	s10,s10,1
100031e8:	4872                	lw	a6,28(sp)
100031ea:	ff2d17e3          	bne	s10,s2,100031d8 <_vsnprintf+0x68e>
100031ee:	000c4503          	lbu	a0,0(s8)
100031f2:	de050be3          	beqz	a0,10002fe8 <_vsnprintf+0x49e>
100031f6:	001d8793          	addi	a5,s11,1
100031fa:	d23e                	sw	a5,36(sp)
100031fc:	5782                	lw	a5,32(sp)
100031fe:	dc0786e3          	beqz	a5,10002fca <_vsnprintf+0x480>
10003202:	d002                	sw	zero,32(sp)
10003204:	b111                	j	10002e08 <_vsnprintf+0x2be>
10003206:	5792                	lw	a5,36(sp)
10003208:	fdb7e3e3          	bltu	a5,s11,100031ce <_vsnprintf+0x684>
1000320c:	0785                	addi	a5,a5,1
1000320e:	d23e                	sw	a5,36(sp)
10003210:	bb6d                	j	10002fca <_vsnprintf+0x480>
10003212:	06900793          	li	a5,105
10003216:	fef6f313          	andi	t1,a3,-17
1000321a:	36f51e63          	bne	a0,a5,10003596 <_vsnprintf+0xa4c>
1000321e:	4006ff13          	andi	t5,a3,1024
10003222:	000f0463          	beqz	t5,1000322a <_vsnprintf+0x6e0>
10003226:	fee6f313          	andi	t1,a3,-18
1000322a:	c589                	beqz	a1,10003234 <_vsnprintf+0x6ea>
1000322c:	f9c50513          	addi	a0,a0,-100
10003230:	32051063          	bnez	a0,10003550 <_vsnprintf+0xa06>
10003234:	20037593          	andi	a1,t1,512
10003238:	e9bd                	bnez	a1,100032ae <_vsnprintf+0x764>
1000323a:	10037793          	andi	a5,t1,256
1000323e:	00490c13          	addi	s8,s2,4
10003242:	22079463          	bnez	a5,1000346a <_vsnprintf+0x920>
10003246:	04037713          	andi	a4,t1,64
1000324a:	20070263          	beqz	a4,1000344e <_vsnprintf+0x904>
1000324e:	00094703          	lbu	a4,0(s2)
10003252:	86ba                	mv	a3,a4
10003254:	01f75893          	srli	a7,a4,0x1f
10003258:	1e070163          	beqz	a4,1000343a <_vsnprintf+0x8f0>
1000325c:	ccccdeb7          	lui	t4,0xccccd
10003260:	ccde8e93          	addi	t4,t4,-819 # cccccccd <__StackTop+0xacc4accd>
10003264:	0098                	addi	a4,sp,64
10003266:	a021                	j	1000326e <_vsnprintf+0x724>
10003268:	fe078613          	addi	a2,a5,-32
1000326c:	c21d                	beqz	a2,10003292 <_vsnprintf+0x748>
1000326e:	03d6b633          	mulhu	a2,a3,t4
10003272:	0785                	addi	a5,a5,1
10003274:	00a6b593          	sltiu	a1,a3,10
10003278:	00f70e33          	add	t3,a4,a5
1000327c:	820d                	srli	a2,a2,0x3
1000327e:	20c64533          	sh2add	a0,a2,a2
10003282:	0506                	slli	a0,a0,0x1
10003284:	8e89                	sub	a3,a3,a0
10003286:	03068693          	addi	a3,a3,48
1000328a:	fede0fa3          	sb	a3,-1(t3)
1000328e:	86b2                	mv	a3,a2
10003290:	dde1                	beqz	a1,10003268 <_vsnprintf+0x71e>
10003292:	c042                	sw	a6,0(sp)
10003294:	c41a                	sw	t1,8(sp)
10003296:	c26e                	sw	s11,4(sp)
10003298:	8846                	mv	a6,a7
1000329a:	866a                	mv	a2,s10
1000329c:	48a9                	li	a7,10
1000329e:	86ce                	mv	a3,s3
100032a0:	85d2                	mv	a1,s4
100032a2:	8526                	mv	a0,s1
100032a4:	b5ffe0ef          	jal	10001e02 <_ntoa_format>
100032a8:	8962                	mv	s2,s8
100032aa:	8d2a                	mv	s10,a0
100032ac:	b201                	j	10002bac <_vsnprintf+0x62>
100032ae:	091d                	addi	s2,s2,7
100032b0:	ff897913          	andi	s2,s2,-8
100032b4:	00492383          	lw	t2,4(s2)
100032b8:	00092583          	lw	a1,0(s2)
100032bc:	0921                	addi	s2,s2,8
100032be:	01f3df93          	srli	t6,t2,0x1f
100032c2:	0075e7b3          	or	a5,a1,t2
100032c6:	26078b63          	beqz	a5,1000353c <_vsnprintf+0x9f2>
100032ca:	41f3d793          	srai	a5,t2,0x1f
100032ce:	8dbd                	xor	a1,a1,a5
100032d0:	40f58733          	sub	a4,a1,a5
100032d4:	0077c3b3          	xor	t2,a5,t2
100032d8:	40f387b3          	sub	a5,t2,a5
100032dc:	ccccd537          	lui	a0,0xccccd
100032e0:	00e5b3b3          	sltu	t2,a1,a4
100032e4:	ccccdf37          	lui	t5,0xccccd
100032e8:	407783b3          	sub	t2,a5,t2
100032ec:	85ba                	mv	a1,a4
100032ee:	ccd50513          	addi	a0,a0,-819 # cccccccd <__StackTop+0xacc4accd>
100032f2:	cccf0f13          	addi	t5,t5,-820 # cccccccc <__StackTop+0xacc4accc>
100032f6:	4781                	li	a5,0
100032f8:	0098                	addi	a4,sp,64
100032fa:	42a5                	li	t0,9
100032fc:	007586b3          	add	a3,a1,t2
10003300:	00b6b633          	sltu	a2,a3,a1
10003304:	96b2                	add	a3,a3,a2
10003306:	02a6b633          	mulhu	a2,a3,a0
1000330a:	889e                	mv	a7,t2
1000330c:	0785                	addi	a5,a5,1
1000330e:	00f70e33          	add	t3,a4,a5
10003312:	8eae                	mv	t4,a1
10003314:	00265c13          	srli	s8,a2,0x2
10003318:	9a71                	andi	a2,a2,-4
1000331a:	9662                	add	a2,a2,s8
1000331c:	8e91                	sub	a3,a3,a2
1000331e:	40d586b3          	sub	a3,a1,a3
10003322:	00d5b633          	sltu	a2,a1,a3
10003326:	40c38633          	sub	a2,t2,a2
1000332a:	02a60633          	mul	a2,a2,a0
1000332e:	03e683b3          	mul	t2,a3,t5
10003332:	961e                	add	a2,a2,t2
10003334:	02a6b3b3          	mulhu	t2,a3,a0
10003338:	02a686b3          	mul	a3,a3,a0
1000333c:	961e                	add	a2,a2,t2
1000333e:	01f61c13          	slli	s8,a2,0x1f
10003342:	00165393          	srli	t2,a2,0x1
10003346:	8285                	srli	a3,a3,0x1
10003348:	96e2                	add	a3,a3,s8
1000334a:	20d6c633          	sh2add	a2,a3,a3
1000334e:	0606                	slli	a2,a2,0x1
10003350:	40c58633          	sub	a2,a1,a2
10003354:	03060613          	addi	a2,a2,48
10003358:	fece0fa3          	sb	a2,-1(t3)
1000335c:	85b6                	mv	a1,a3
1000335e:	00089b63          	bnez	a7,10003374 <_vsnprintf+0x82a>
10003362:	01d2e963          	bltu	t0,t4,10003374 <_vsnprintf+0x82a>
10003366:	c042                	sw	a6,0(sp)
10003368:	c41a                	sw	t1,8(sp)
1000336a:	c26e                	sw	s11,4(sp)
1000336c:	887e                	mv	a6,t6
1000336e:	866a                	mv	a2,s10
10003370:	48a9                	li	a7,10
10003372:	b401                	j	10002d72 <_vsnprintf+0x228>
10003374:	fe078693          	addi	a3,a5,-32
10003378:	f2d1                	bnez	a3,100032fc <_vsnprintf+0x7b2>
1000337a:	b7f5                	j	10003366 <_vsnprintf+0x81c>
1000337c:	48535793          	bexti	a5,t1,0x5
10003380:	06100713          	li	a4,97
10003384:	c399                	beqz	a5,1000338a <_vsnprintf+0x840>
10003386:	04100713          	li	a4,65
1000338a:	ff670793          	addi	a5,a4,-10
1000338e:	de3e                	sw	a5,60(sp)
10003390:	0098                	addi	a4,sp,64
10003392:	4781                	li	a5,0
10003394:	4681                	li	a3,0
10003396:	8572                	mv	a0,t3
10003398:	85f6                	mv	a1,t4
1000339a:	da3a                	sw	a4,52(sp)
1000339c:	d81a                	sw	t1,48(sp)
1000339e:	d63e                	sw	a5,44(sp)
100033a0:	d442                	sw	a6,40(sp)
100033a2:	d232                	sw	a2,36(sp)
100033a4:	d072                	sw	t3,32(sp)
100033a6:	ce76                	sw	t4,28(sp)
100033a8:	0fffe097          	auipc	ra,0xfffe
100033ac:	dae080e7          	jalr	-594(ra) # 20001156 <__umoddi3>
100033b0:	57b2                	lw	a5,44(sp)
100033b2:	0ff57693          	zext.b	a3,a0
100033b6:	45a5                	li	a1,9
100033b8:	4ef2                	lw	t4,28(sp)
100033ba:	5e02                	lw	t3,32(sp)
100033bc:	5612                	lw	a2,36(sp)
100033be:	5822                	lw	a6,40(sp)
100033c0:	5342                	lw	t1,48(sp)
100033c2:	5752                	lw	a4,52(sp)
100033c4:	0785                	addi	a5,a5,1
100033c6:	04d5e363          	bltu	a1,a3,1000340c <_vsnprintf+0x8c2>
100033ca:	03068693          	addi	a3,a3,48
100033ce:	00f705b3          	add	a1,a4,a5
100033d2:	fed58fa3          	sb	a3,-1(a1)
100033d6:	fe078693          	addi	a3,a5,-32
100033da:	d6068de3          	beqz	a3,10003154 <_vsnprintf+0x60a>
100033de:	56e2                	lw	a3,56(sp)
100033e0:	15d68b63          	beq	a3,t4,10003536 <_vsnprintf+0x9ec>
100033e4:	8572                	mv	a0,t3
100033e6:	85f6                	mv	a1,t4
100033e8:	4681                	li	a3,0
100033ea:	d63a                	sw	a4,44(sp)
100033ec:	d41a                	sw	t1,40(sp)
100033ee:	d23e                	sw	a5,36(sp)
100033f0:	d042                	sw	a6,32(sp)
100033f2:	ce32                	sw	a2,28(sp)
100033f4:	0fffe097          	auipc	ra,0xfffe
100033f8:	a7c080e7          	jalr	-1412(ra) # 20000e70 <__udivdi3>
100033fc:	4672                	lw	a2,28(sp)
100033fe:	5802                	lw	a6,32(sp)
10003400:	5792                	lw	a5,36(sp)
10003402:	5322                	lw	t1,40(sp)
10003404:	5732                	lw	a4,44(sp)
10003406:	8e2a                	mv	t3,a0
10003408:	8eae                	mv	t4,a1
1000340a:	b769                	j	10003394 <_vsnprintf+0x84a>
1000340c:	55f2                	lw	a1,60(sp)
1000340e:	96ae                	add	a3,a3,a1
10003410:	00f705b3          	add	a1,a4,a5
10003414:	fed58fa3          	sb	a3,-1(a1)
10003418:	000e9563          	bnez	t4,10003422 <_vsnprintf+0x8d8>
1000341c:	46bd                	li	a3,15
1000341e:	d3c6fbe3          	bgeu	a3,t3,10003154 <_vsnprintf+0x60a>
10003422:	fe078693          	addi	a3,a5,-32
10003426:	d20687e3          	beqz	a3,10003154 <_vsnprintf+0x60a>
1000342a:	01ce9693          	slli	a3,t4,0x1c
1000342e:	004e5e13          	srli	t3,t3,0x4
10003432:	9e36                	add	t3,t3,a3
10003434:	004ede93          	srli	t4,t4,0x4
10003438:	bfb1                	j	10003394 <_vsnprintf+0x84a>
1000343a:	0098                	addi	a4,sp,64
1000343c:	e40f1be3          	bnez	t5,10003292 <_vsnprintf+0x748>
10003440:	03000793          	li	a5,48
10003444:	04f10023          	sb	a5,64(sp)
10003448:	0098                	addi	a4,sp,64
1000344a:	4785                	li	a5,1
1000344c:	b599                	j	10003292 <_vsnprintf+0x748>
1000344e:	08037713          	andi	a4,t1,128
10003452:	10070363          	beqz	a4,10003558 <_vsnprintf+0xa0e>
10003456:	00091703          	lh	a4,0(s2)
1000345a:	40f75613          	srai	a2,a4,0xf
1000345e:	00c746b3          	xor	a3,a4,a2
10003462:	8e91                	sub	a3,a3,a2
10003464:	0806c6b3          	zext.h	a3,a3
10003468:	b3f5                	j	10003254 <_vsnprintf+0x70a>
1000346a:	00092683          	lw	a3,0(s2)
1000346e:	01f6d893          	srli	a7,a3,0x1f
10003472:	ceed                	beqz	a3,1000356c <_vsnprintf+0xa22>
10003474:	40d007b3          	neg	a5,a3
10003478:	ccccdeb7          	lui	t4,0xccccd
1000347c:	0af6e6b3          	max	a3,a3,a5
10003480:	ccde8e93          	addi	t4,t4,-819 # cccccccd <__StackTop+0xacc4accd>
10003484:	0098                	addi	a4,sp,64
10003486:	03d6b633          	mulhu	a2,a3,t4
1000348a:	0585                	addi	a1,a1,1
1000348c:	00a6b793          	sltiu	a5,a3,10
10003490:	00b70e33          	add	t3,a4,a1
10003494:	820d                	srli	a2,a2,0x3
10003496:	20c64533          	sh2add	a0,a2,a2
1000349a:	0506                	slli	a0,a0,0x1
1000349c:	8e89                	sub	a3,a3,a0
1000349e:	03068693          	addi	a3,a3,48
100034a2:	fede0fa3          	sb	a3,-1(t3)
100034a6:	86b2                	mv	a3,a2
100034a8:	e781                	bnez	a5,100034b0 <_vsnprintf+0x966>
100034aa:	fe058793          	addi	a5,a1,-32
100034ae:	ffe1                	bnez	a5,10003486 <_vsnprintf+0x93c>
100034b0:	c042                	sw	a6,0(sp)
100034b2:	c41a                	sw	t1,8(sp)
100034b4:	c26e                	sw	s11,4(sp)
100034b6:	8846                	mv	a6,a7
100034b8:	87ae                	mv	a5,a1
100034ba:	b3c5                	j	1000329a <_vsnprintf+0x750>
100034bc:	00092603          	lw	a2,0(s2)
100034c0:	e611                	bnez	a2,100034cc <_vsnprintf+0x982>
100034c2:	fef37313          	andi	t1,t1,-17
100034c6:	0098                	addi	a4,sp,64
100034c8:	060f1063          	bnez	t5,10003528 <_vsnprintf+0x9de>
100034cc:	48535793          	bexti	a5,t1,0x5
100034d0:	06100e13          	li	t3,97
100034d4:	c399                	beqz	a5,100034da <_vsnprintf+0x990>
100034d6:	04100e13          	li	t3,65
100034da:	1e59                	addi	t3,t3,-10
100034dc:	0098                	addi	a4,sp,64
100034de:	45a5                	li	a1,9
100034e0:	038677b3          	remu	a5,a2,s8
100034e4:	0685                	addi	a3,a3,1
100034e6:	02f5e463          	bltu	a1,a5,1000350e <_vsnprintf+0x9c4>
100034ea:	03078793          	addi	a5,a5,48
100034ee:	00d70533          	add	a0,a4,a3
100034f2:	fef50fa3          	sb	a5,-1(a0)
100034f6:	fe068793          	addi	a5,a3,-32
100034fa:	c79d                	beqz	a5,10003528 <_vsnprintf+0x9de>
100034fc:	03866663          	bltu	a2,s8,10003528 <_vsnprintf+0x9de>
10003500:	03865633          	divu	a2,a2,s8
10003504:	0685                	addi	a3,a3,1
10003506:	038677b3          	remu	a5,a2,s8
1000350a:	fef5f0e3          	bgeu	a1,a5,100034ea <_vsnprintf+0x9a0>
1000350e:	97f2                	add	a5,a5,t3
10003510:	00d70533          	add	a0,a4,a3
10003514:	fef50fa3          	sb	a5,-1(a0)
10003518:	01063793          	sltiu	a5,a2,16
1000351c:	e791                	bnez	a5,10003528 <_vsnprintf+0x9de>
1000351e:	fe068793          	addi	a5,a3,-32
10003522:	c399                	beqz	a5,10003528 <_vsnprintf+0x9de>
10003524:	8211                	srli	a2,a2,0x4
10003526:	bf6d                	j	100034e0 <_vsnprintf+0x996>
10003528:	ce76                	sw	t4,28(sp)
1000352a:	c41a                	sw	t1,8(sp)
1000352c:	c26e                	sw	s11,4(sp)
1000352e:	c042                	sw	a6,0(sp)
10003530:	88e2                	mv	a7,s8
10003532:	87b6                	mv	a5,a3
10003534:	be21                	j	1000304c <_vsnprintf+0x502>
10003536:	c0ce6fe3          	bltu	t3,a2,10003154 <_vsnprintf+0x60a>
1000353a:	b56d                	j	100033e4 <_vsnprintf+0x89a>
1000353c:	0098                	addi	a4,sp,64
1000353e:	e20f14e3          	bnez	t5,10003366 <_vsnprintf+0x81c>
10003542:	03000793          	li	a5,48
10003546:	04f10023          	sb	a5,64(sp)
1000354a:	0098                	addi	a4,sp,64
1000354c:	4785                	li	a5,1
1000354e:	bd21                	j	10003366 <_vsnprintf+0x81c>
10003550:	4629                	li	a2,10
10003552:	8c32                	mv	s8,a2
10003554:	dc02                	sw	zero,56(sp)
10003556:	bc5d                	j	1000300c <_vsnprintf+0x4c2>
10003558:	00092703          	lw	a4,0(s2)
1000355c:	40e006b3          	neg	a3,a4
10003560:	0ad766b3          	max	a3,a4,a3
10003564:	b9c5                	j	10003254 <_vsnprintf+0x70a>
10003566:	00092603          	lw	a2,0(s2)
1000356a:	b4e1                	j	10003032 <_vsnprintf+0x4e8>
1000356c:	0098                	addi	a4,sp,64
1000356e:	f40f11e3          	bnez	t5,100034b0 <_vsnprintf+0x966>
10003572:	03000793          	li	a5,48
10003576:	04f10023          	sb	a5,64(sp)
1000357a:	0098                	addi	a4,sp,64
1000357c:	4585                	li	a1,1
1000357e:	bf0d                	j	100034b0 <_vsnprintf+0x966>
10003580:	40000793          	li	a5,1024
10003584:	d03e                	sw	a5,32(sp)
10003586:	c40d94e3          	bnez	s11,100031ce <_vsnprintf+0x684>
1000358a:	5922                	lw	s2,40(sp)
1000358c:	e20ff06f          	j	10002bac <_vsnprintf+0x62>
10003590:	0785                	addi	a5,a5,1
10003592:	d23e                	sw	a5,36(sp)
10003594:	b895                	j	10002e08 <_vsnprintf+0x2be>
10003596:	4629                	li	a2,10
10003598:	869a                	mv	a3,t1
1000359a:	8c32                	mv	s8,a2
1000359c:	dc02                	sw	zero,56(sp)
1000359e:	bca9                	j	10002ff8 <_vsnprintf+0x4ae>
100035a0:	fef6f313          	andi	t1,a3,-17
100035a4:	f9750593          	addi	a1,a0,-105
100035a8:	b99d                	j	1000321e <_vsnprintf+0x6d4>

100035aa <vfctprintf>:
100035aa:	1101                	addi	sp,sp,-32
100035ac:	100028b7          	lui	a7,0x10002
100035b0:	87ae                	mv	a5,a1
100035b2:	c42a                	sw	a0,8(sp)
100035b4:	8736                	mv	a4,a3
100035b6:	002c                	addi	a1,sp,8
100035b8:	86b2                	mv	a3,a2
100035ba:	01488513          	addi	a0,a7,20 # 10002014 <_out_fct>
100035be:	567d                	li	a2,-1
100035c0:	ce06                	sw	ra,28(sp)
100035c2:	c63e                	sw	a5,12(sp)
100035c4:	d86ff0ef          	jal	10002b4a <_vsnprintf>
100035c8:	40f2                	lw	ra,28(sp)
100035ca:	6105                	addi	sp,sp,32
100035cc:	8082                	ret

100035ce <weak_raw_vprintf>:
100035ce:	81b1a783          	lw	a5,-2021(gp) # 20003b4c <lazy_vsnprintf>
100035d2:	1101                	addi	sp,sp,-32
100035d4:	ce06                	sw	ra,28(sp)
100035d6:	cf91                	beqz	a5,100035f2 <weak_raw_vprintf+0x24>
100035d8:	86aa                	mv	a3,a0
100035da:	10002537          	lui	a0,0x10002
100035de:	872e                	mv	a4,a1
100035e0:	00c50513          	addi	a0,a0,12 # 1000200c <_out_char>
100035e4:	006c                	addi	a1,sp,12
100035e6:	567d                	li	a2,-1
100035e8:	9782                	jalr	a5
100035ea:	40f2                	lw	ra,28(sp)
100035ec:	4505                	li	a0,1
100035ee:	6105                	addi	sp,sp,32
100035f0:	8082                	ret
100035f2:	2649                	jal	10003974 <__wrap_puts>
100035f4:	40f2                	lw	ra,28(sp)
100035f6:	4501                	li	a0,0
100035f8:	6105                	addi	sp,sp,32
100035fa:	8082                	ret

100035fc <runtime_init_per_core_h3_irq_registers>:
100035fc:	450d                	li	a0,3
100035fe:	be251073          	csrw	0xbe2,a0
10003602:	157d                	addi	a0,a0,-1
10003604:	fe055de3          	bgez	a0,100035fe <runtime_init_per_core_h3_irq_registers+0x2>
10003608:	6505                	lui	a0,0x1
1000360a:	80050513          	addi	a0,a0,-2048 # 800 <HeapSize>
1000360e:	30451073          	csrw	mie,a0
10003612:	30046073          	csrsi	mstatus,8
10003616:	34001073          	csrw	mscratch,zero
1000361a:	8082                	ret

1000361c <_exit>:
1000361c:	9002                	ebreak
1000361e:	bffd                	j	1000361c <_exit>

10003620 <_fini>:
10003620:	8082                	ret

10003622 <exit>:
10003622:	1141                	addi	sp,sp,-16
10003624:	c606                	sw	ra,12(sp)
10003626:	3fdd                	jal	1000361c <_exit>

10003628 <runtime_init>:
10003628:	1141                	addi	sp,sp,-16
1000362a:	c422                	sw	s0,8(sp)
1000362c:	c226                	sw	s1,4(sp)
1000362e:	1000d437          	lui	s0,0x1000d
10003632:	1000d4b7          	lui	s1,0x1000d
10003636:	a5440413          	addi	s0,s0,-1452 # 1000ca54 <__init_array_start>
1000363a:	a5848493          	addi	s1,s1,-1448 # 1000ca58 <__init_array_end>
1000363e:	c606                	sw	ra,12(sp)
10003640:	d50fe0ef          	jal	10001b90 <runtime_run_initializers>
10003644:	00947763          	bgeu	s0,s1,10003652 <runtime_init+0x2a>
10003648:	401c                	lw	a5,0(s0)
1000364a:	0411                	addi	s0,s0,4
1000364c:	9782                	jalr	a5
1000364e:	fe946de3          	bltu	s0,s1,10003648 <runtime_init+0x20>
10003652:	40b2                	lw	ra,12(sp)
10003654:	4422                	lw	s0,8(sp)
10003656:	4492                	lw	s1,4(sp)
10003658:	0141                	addi	sp,sp,16
1000365a:	8082                	ret

1000365c <stdio_out_chars_no_crlf>:
1000365c:	411c                	lw	a5,0(a0)
1000365e:	852e                	mv	a0,a1
10003660:	85b2                	mv	a1,a2
10003662:	8782                	jr	a5

10003664 <stdio_out_chars_crlf>:
10003664:	01554783          	lbu	a5,21(a0)
10003668:	1101                	addi	sp,sp,-32
1000366a:	c84a                	sw	s2,16(sp)
1000366c:	ce06                	sw	ra,28(sp)
1000366e:	892e                	mv	s2,a1
10003670:	c7c1                	beqz	a5,100036f8 <stdio_out_chars_crlf+0x94>
10003672:	06c05463          	blez	a2,100036da <stdio_out_chars_crlf+0x76>
10003676:	cc22                	sw	s0,24(sp)
10003678:	ca26                	sw	s1,20(sp)
1000367a:	0005c783          	lbu	a5,0(a1)
1000367e:	8432                	mv	s0,a2
10003680:	84aa                	mv	s1,a0
10003682:	17d9                	addi	a5,a5,-10
10003684:	e781                	bnez	a5,1000368c <stdio_out_chars_crlf+0x28>
10003686:	01454783          	lbu	a5,20(a0)
1000368a:	cfa1                	beqz	a5,100036e2 <stdio_out_chars_crlf+0x7e>
1000368c:	4785                	li	a5,1
1000368e:	4601                	li	a2,0
10003690:	02f40463          	beq	s0,a5,100036b8 <stdio_out_chars_crlf+0x54>
10003694:	00190693          	addi	a3,s2,1
10003698:	4785                	li	a5,1
1000369a:	0006c703          	lbu	a4,0(a3)
1000369e:	883e                	mv	a6,a5
100036a0:	0785                	addi	a5,a5,1
100036a2:	1759                	addi	a4,a4,-10
100036a4:	e709                	bnez	a4,100036ae <stdio_out_chars_crlf+0x4a>
100036a6:	fff6c703          	lbu	a4,-1(a3)
100036aa:	174d                	addi	a4,a4,-13
100036ac:	ef29                	bnez	a4,10003706 <stdio_out_chars_crlf+0xa2>
100036ae:	0685                	addi	a3,a3,1
100036b0:	fef415e3          	bne	s0,a5,1000369a <stdio_out_chars_crlf+0x36>
100036b4:	00865863          	bge	a2,s0,100036c4 <stdio_out_chars_crlf+0x60>
100036b8:	409c                	lw	a5,0(s1)
100036ba:	40c405b3          	sub	a1,s0,a2
100036be:	00c90533          	add	a0,s2,a2
100036c2:	9782                	jalr	a5
100036c4:	008905b3          	add	a1,s2,s0
100036c8:	fff5c783          	lbu	a5,-1(a1)
100036cc:	4462                	lw	s0,24(sp)
100036ce:	17cd                	addi	a5,a5,-13
100036d0:	0017b793          	seqz	a5,a5
100036d4:	00f48a23          	sb	a5,20(s1)
100036d8:	44d2                	lw	s1,20(sp)
100036da:	40f2                	lw	ra,28(sp)
100036dc:	4942                	lw	s2,16(sp)
100036de:	6105                	addi	sp,sp,32
100036e0:	8082                	ret
100036e2:	411c                	lw	a5,0(a0)
100036e4:	1000d537          	lui	a0,0x1000d
100036e8:	4d850513          	addi	a0,a0,1240 # 1000d4d8 <crlf_str.0>
100036ec:	4589                	li	a1,2
100036ee:	9782                	jalr	a5
100036f0:	4605                	li	a2,1
100036f2:	fac411e3          	bne	s0,a2,10003694 <stdio_out_chars_crlf+0x30>
100036f6:	b7f9                	j	100036c4 <stdio_out_chars_crlf+0x60>
100036f8:	411c                	lw	a5,0(a0)
100036fa:	40f2                	lw	ra,28(sp)
100036fc:	854a                	mv	a0,s2
100036fe:	4942                	lw	s2,16(sp)
10003700:	85b2                	mv	a1,a2
10003702:	6105                	addi	sp,sp,32
10003704:	8782                	jr	a5
10003706:	40c805b3          	sub	a1,a6,a2
1000370a:	00c90533          	add	a0,s2,a2
1000370e:	01065863          	bge	a2,a6,1000371e <stdio_out_chars_crlf+0xba>
10003712:	4098                	lw	a4,0(s1)
10003714:	c636                	sw	a3,12(sp)
10003716:	c43e                	sw	a5,8(sp)
10003718:	9702                	jalr	a4
1000371a:	46b2                	lw	a3,12(sp)
1000371c:	47a2                	lw	a5,8(sp)
1000371e:	4098                	lw	a4,0(s1)
10003720:	1000d537          	lui	a0,0x1000d
10003724:	4d850513          	addi	a0,a0,1240 # 1000d4d8 <crlf_str.0>
10003728:	4589                	li	a1,2
1000372a:	c636                	sw	a3,12(sp)
1000372c:	c43e                	sw	a5,8(sp)
1000372e:	9702                	jalr	a4
10003730:	47a2                	lw	a5,8(sp)
10003732:	46b2                	lw	a3,12(sp)
10003734:	863e                	mv	a2,a5
10003736:	bfa5                	j	100036ae <stdio_out_chars_crlf+0x4a>

10003738 <stdio_buffered_printer>:
10003738:	419c                	lw	a5,0(a1)
1000373a:	08000693          	li	a3,128
1000373e:	00178713          	addi	a4,a5,1
10003742:	c198                	sw	a4,0(a1)
10003744:	97ae                	add	a5,a5,a1
10003746:	00a78223          	sb	a0,4(a5)
1000374a:	00d70363          	beq	a4,a3,10003750 <stdio_buffered_printer+0x18>
1000374e:	8082                	ret
10003750:	8231a783          	lw	a5,-2013(gp) # 20003b54 <drivers>
10003754:	1101                	addi	sp,sp,-32
10003756:	ca26                	sw	s1,20(sp)
10003758:	ce06                	sw	ra,28(sp)
1000375a:	84ae                	mv	s1,a1
1000375c:	c79d                	beqz	a5,1000378a <stdio_buffered_printer+0x52>
1000375e:	cc22                	sw	s0,24(sp)
10003760:	00458413          	addi	s0,a1,4
10003764:	a021                	j	1000376c <stdio_buffered_printer+0x34>
10003766:	cb19                	beqz	a4,1000377c <stdio_buffered_printer+0x44>
10003768:	4b9c                	lw	a5,16(a5)
1000376a:	cf99                	beqz	a5,10003788 <stdio_buffered_printer+0x50>
1000376c:	4398                	lw	a4,0(a5)
1000376e:	85a2                	mv	a1,s0
10003770:	853e                	mv	a0,a5
10003772:	db7d                	beqz	a4,10003768 <stdio_buffered_printer+0x30>
10003774:	81f1a703          	lw	a4,-2017(gp) # 20003b50 <filter>
10003778:	fef717e3          	bne	a4,a5,10003766 <stdio_buffered_printer+0x2e>
1000377c:	4090                	lw	a2,0(s1)
1000377e:	c63e                	sw	a5,12(sp)
10003780:	35d5                	jal	10003664 <stdio_out_chars_crlf>
10003782:	47b2                	lw	a5,12(sp)
10003784:	4b9c                	lw	a5,16(a5)
10003786:	f3fd                	bnez	a5,1000376c <stdio_buffered_printer+0x34>
10003788:	4462                	lw	s0,24(sp)
1000378a:	40f2                	lw	ra,28(sp)
1000378c:	0004a023          	sw	zero,0(s1)
10003790:	44d2                	lw	s1,20(sp)
10003792:	6105                	addi	sp,sp,32
10003794:	8082                	ret

10003796 <stdio_put_string>:
10003796:	7139                	addi	sp,sp,-64
10003798:	dc22                	sw	s0,56(sp)
1000379a:	da26                	sw	s1,52(sp)
1000379c:	d84a                	sw	s2,48(sp)
1000379e:	d256                	sw	s5,36(sp)
100037a0:	de06                	sw	ra,60(sp)
100037a2:	8ab2                	mv	s5,a2
100037a4:	d64e                	sw	s3,44(sp)
100037a6:	d452                	sw	s4,40(sp)
100037a8:	ce5e                	sw	s7,28(sp)
100037aa:	84ae                	mv	s1,a1
100037ac:	892a                	mv	s2,a0
100037ae:	8436                	mv	s0,a3
100037b0:	f47fd0ef          	jal	100016f6 <time_us_64>
100037b4:	000f47b7          	lui	a5,0xf4
100037b8:	24078793          	addi	a5,a5,576 # f4240 <RAM_LENGTH+0x74240>
100037bc:	97aa                	add	a5,a5,a0
100037be:	00a7b633          	sltu	a2,a5,a0
100037c2:	80000737          	lui	a4,0x80000
100037c6:	962e                	add	a2,a2,a1
100037c8:	177d                	addi	a4,a4,-1 # 7fffffff <__StackTop+0x5ff7dfff>
100037ca:	85be                	mv	a1,a5
100037cc:	00c77463          	bgeu	a4,a2,100037d4 <stdio_put_string+0x3e>
100037d0:	863a                	mv	a2,a4
100037d2:	55fd                	li	a1,-1
100037d4:	20003a37          	lui	s4,0x20003
100037d8:	244a0513          	addi	a0,s4,580 # 20003244 <print_mutex>
100037dc:	0fffd097          	auipc	ra,0xfffd
100037e0:	938080e7          	jalr	-1736(ra) # 20000114 <mutex_try_enter_block_until>
100037e4:	57fd                	li	a5,-1
100037e6:	8baa                	mv	s7,a0
100037e8:	0af48163          	beq	s1,a5,1000388a <stdio_put_string+0xf4>
100037ec:	c439                	beqz	s0,1000383a <stdio_put_string+0xa4>
100037ee:	100039b7          	lui	s3,0x10003
100037f2:	66498993          	addi	s3,s3,1636 # 10003664 <stdio_out_chars_crlf>
100037f6:	8231a403          	lw	s0,-2013(gp) # 20003b54 <drivers>
100037fa:	c01d                	beqz	s0,10003820 <stdio_put_string+0x8a>
100037fc:	040a9463          	bnez	s5,10003844 <stdio_put_string+0xae>
10003800:	a029                	j	1000380a <stdio_put_string+0x74>
10003802:	00878c63          	beq	a5,s0,1000381a <stdio_put_string+0x84>
10003806:	4800                	lw	s0,16(s0)
10003808:	cc01                	beqz	s0,10003820 <stdio_put_string+0x8a>
1000380a:	401c                	lw	a5,0(s0)
1000380c:	8626                	mv	a2,s1
1000380e:	85ca                	mv	a1,s2
10003810:	8522                	mv	a0,s0
10003812:	dbf5                	beqz	a5,10003806 <stdio_put_string+0x70>
10003814:	81f1a783          	lw	a5,-2017(gp) # 20003b50 <filter>
10003818:	f7ed                	bnez	a5,10003802 <stdio_put_string+0x6c>
1000381a:	9982                	jalr	s3
1000381c:	4800                	lw	s0,16(s0)
1000381e:	f475                	bnez	s0,1000380a <stdio_put_string+0x74>
10003820:	040b9e63          	bnez	s7,1000387c <stdio_put_string+0xe6>
10003824:	50f2                	lw	ra,60(sp)
10003826:	5462                	lw	s0,56(sp)
10003828:	5942                	lw	s2,48(sp)
1000382a:	59b2                	lw	s3,44(sp)
1000382c:	5a22                	lw	s4,40(sp)
1000382e:	5a92                	lw	s5,36(sp)
10003830:	4bf2                	lw	s7,28(sp)
10003832:	8526                	mv	a0,s1
10003834:	54d2                	lw	s1,52(sp)
10003836:	6121                	addi	sp,sp,64
10003838:	8082                	ret
1000383a:	100039b7          	lui	s3,0x10003
1000383e:	65c98993          	addi	s3,s3,1628 # 1000365c <stdio_out_chars_no_crlf>
10003842:	bf55                	j	100037f6 <stdio_put_string+0x60>
10003844:	d05a                	sw	s6,32(sp)
10003846:	4b29                	li	s6,10
10003848:	a029                	j	10003852 <stdio_put_string+0xbc>
1000384a:	00878c63          	beq	a5,s0,10003862 <stdio_put_string+0xcc>
1000384e:	4800                	lw	s0,16(s0)
10003850:	c01d                	beqz	s0,10003876 <stdio_put_string+0xe0>
10003852:	401c                	lw	a5,0(s0)
10003854:	8626                	mv	a2,s1
10003856:	85ca                	mv	a1,s2
10003858:	8522                	mv	a0,s0
1000385a:	dbf5                	beqz	a5,1000384e <stdio_put_string+0xb8>
1000385c:	81f1a783          	lw	a5,-2017(gp) # 20003b50 <filter>
10003860:	f7ed                	bnez	a5,1000384a <stdio_put_string+0xb4>
10003862:	9982                	jalr	s3
10003864:	8522                	mv	a0,s0
10003866:	00f10593          	addi	a1,sp,15
1000386a:	4605                	li	a2,1
1000386c:	016107a3          	sb	s6,15(sp)
10003870:	9982                	jalr	s3
10003872:	4800                	lw	s0,16(s0)
10003874:	fc79                	bnez	s0,10003852 <stdio_put_string+0xbc>
10003876:	5b02                	lw	s6,32(sp)
10003878:	fa0b86e3          	beqz	s7,10003824 <stdio_put_string+0x8e>
1000387c:	244a0513          	addi	a0,s4,580
10003880:	0fffd097          	auipc	ra,0xfffd
10003884:	91e080e7          	jalr	-1762(ra) # 2000019e <mutex_exit>
10003888:	bf71                	j	10003824 <stdio_put_string+0x8e>
1000388a:	854a                	mv	a0,s2
1000388c:	0ffff097          	auipc	ra,0xffff
10003890:	5b6080e7          	jalr	1462(ra) # 20002e42 <strlen>
10003894:	84aa                	mv	s1,a0
10003896:	bf99                	j	100037ec <stdio_put_string+0x56>

10003898 <stdio_set_driver_enabled>:
10003898:	8231a783          	lw	a5,-2013(gp) # 20003b54 <drivers>
1000389c:	82318713          	addi	a4,gp,-2013 # 20003b54 <drivers>
100038a0:	c799                	beqz	a5,100038ae <stdio_set_driver_enabled+0x16>
100038a2:	00a78963          	beq	a5,a0,100038b4 <stdio_set_driver_enabled+0x1c>
100038a6:	01078713          	addi	a4,a5,16
100038aa:	4b9c                	lw	a5,16(a5)
100038ac:	fbfd                	bnez	a5,100038a2 <stdio_set_driver_enabled+0xa>
100038ae:	c191                	beqz	a1,100038b2 <stdio_set_driver_enabled+0x1a>
100038b0:	c308                	sw	a0,0(a4)
100038b2:	8082                	ret
100038b4:	fdfd                	bnez	a1,100038b2 <stdio_set_driver_enabled+0x1a>
100038b6:	4b94                	lw	a3,16(a5)
100038b8:	c314                	sw	a3,0(a4)
100038ba:	0007a823          	sw	zero,16(a5)
100038be:	8082                	ret

100038c0 <stdio_init_all>:
100038c0:	1141                	addi	sp,sp,-16
100038c2:	c606                	sw	ra,12(sp)
100038c4:	26bd                	jal	10003c32 <stdio_uart_init>
100038c6:	2f99                	jal	1000401c <stdio_usb_init>
100038c8:	40b2                	lw	ra,12(sp)
100038ca:	4505                	li	a0,1
100038cc:	0141                	addi	sp,sp,16
100038ce:	8082                	ret

100038d0 <__wrap_putchar>:
100038d0:	7179                	addi	sp,sp,-48
100038d2:	d04a                	sw	s2,32(sp)
100038d4:	d606                	sw	ra,44(sp)
100038d6:	d422                	sw	s0,40(sp)
100038d8:	ce4e                	sw	s3,28(sp)
100038da:	cc52                	sw	s4,24(sp)
100038dc:	892a                	mv	s2,a0
100038de:	00a107a3          	sb	a0,15(sp)
100038e2:	e15fd0ef          	jal	100016f6 <time_us_64>
100038e6:	000f47b7          	lui	a5,0xf4
100038ea:	24078793          	addi	a5,a5,576 # f4240 <RAM_LENGTH+0x74240>
100038ee:	97aa                	add	a5,a5,a0
100038f0:	00a7b633          	sltu	a2,a5,a0
100038f4:	80000737          	lui	a4,0x80000
100038f8:	962e                	add	a2,a2,a1
100038fa:	177d                	addi	a4,a4,-1 # 7fffffff <__StackTop+0x5ff7dfff>
100038fc:	85be                	mv	a1,a5
100038fe:	00c77463          	bgeu	a4,a2,10003906 <__wrap_putchar+0x36>
10003902:	863a                	mv	a2,a4
10003904:	55fd                	li	a1,-1
10003906:	200039b7          	lui	s3,0x20003
1000390a:	24498513          	addi	a0,s3,580 # 20003244 <print_mutex>
1000390e:	0fffd097          	auipc	ra,0xfffd
10003912:	806080e7          	jalr	-2042(ra) # 20000114 <mutex_try_enter_block_until>
10003916:	8231a403          	lw	s0,-2013(gp) # 20003b54 <drivers>
1000391a:	8a2a                	mv	s4,a0
1000391c:	c405                	beqz	s0,10003944 <__wrap_putchar+0x74>
1000391e:	d226                	sw	s1,36(sp)
10003920:	a029                	j	1000392a <__wrap_putchar+0x5a>
10003922:	00f40d63          	beq	s0,a5,1000393c <__wrap_putchar+0x6c>
10003926:	4800                	lw	s0,16(s0)
10003928:	cc09                	beqz	s0,10003942 <__wrap_putchar+0x72>
1000392a:	401c                	lw	a5,0(s0)
1000392c:	4605                	li	a2,1
1000392e:	00f10593          	addi	a1,sp,15
10003932:	8522                	mv	a0,s0
10003934:	dbed                	beqz	a5,10003926 <__wrap_putchar+0x56>
10003936:	81f1a783          	lw	a5,-2017(gp) # 20003b50 <filter>
1000393a:	f7e5                	bnez	a5,10003922 <__wrap_putchar+0x52>
1000393c:	3325                	jal	10003664 <stdio_out_chars_crlf>
1000393e:	4800                	lw	s0,16(s0)
10003940:	f46d                	bnez	s0,1000392a <__wrap_putchar+0x5a>
10003942:	5492                	lw	s1,36(sp)
10003944:	000a1a63          	bnez	s4,10003958 <__wrap_putchar+0x88>
10003948:	50b2                	lw	ra,44(sp)
1000394a:	5422                	lw	s0,40(sp)
1000394c:	49f2                	lw	s3,28(sp)
1000394e:	4a62                	lw	s4,24(sp)
10003950:	854a                	mv	a0,s2
10003952:	5902                	lw	s2,32(sp)
10003954:	6145                	addi	sp,sp,48
10003956:	8082                	ret
10003958:	24498513          	addi	a0,s3,580
1000395c:	0fffd097          	auipc	ra,0xfffd
10003960:	842080e7          	jalr	-1982(ra) # 2000019e <mutex_exit>
10003964:	50b2                	lw	ra,44(sp)
10003966:	5422                	lw	s0,40(sp)
10003968:	49f2                	lw	s3,28(sp)
1000396a:	4a62                	lw	s4,24(sp)
1000396c:	854a                	mv	a0,s2
1000396e:	5902                	lw	s2,32(sp)
10003970:	6145                	addi	sp,sp,48
10003972:	8082                	ret

10003974 <__wrap_puts>:
10003974:	1141                	addi	sp,sp,-16
10003976:	c606                	sw	ra,12(sp)
10003978:	c422                	sw	s0,8(sp)
1000397a:	c226                	sw	s1,4(sp)
1000397c:	842a                	mv	s0,a0
1000397e:	0ffff097          	auipc	ra,0xffff
10003982:	4c4080e7          	jalr	1220(ra) # 20002e42 <strlen>
10003986:	84aa                	mv	s1,a0
10003988:	4685                	li	a3,1
1000398a:	8522                	mv	a0,s0
1000398c:	85a6                	mv	a1,s1
1000398e:	8636                	mv	a2,a3
10003990:	3519                	jal	10003796 <stdio_put_string>
10003992:	8231a403          	lw	s0,-2013(gp) # 20003b54 <drivers>
10003996:	c411                	beqz	s0,100039a2 <__wrap_puts+0x2e>
10003998:	405c                	lw	a5,4(s0)
1000399a:	cb91                	beqz	a5,100039ae <__wrap_puts+0x3a>
1000399c:	9782                	jalr	a5
1000399e:	4800                	lw	s0,16(s0)
100039a0:	fc65                	bnez	s0,10003998 <__wrap_puts+0x24>
100039a2:	40b2                	lw	ra,12(sp)
100039a4:	4422                	lw	s0,8(sp)
100039a6:	8526                	mv	a0,s1
100039a8:	4492                	lw	s1,4(sp)
100039aa:	0141                	addi	sp,sp,16
100039ac:	8082                	ret
100039ae:	4800                	lw	s0,16(s0)
100039b0:	f465                	bnez	s0,10003998 <__wrap_puts+0x24>
100039b2:	40b2                	lw	ra,12(sp)
100039b4:	4422                	lw	s0,8(sp)
100039b6:	8526                	mv	a0,s1
100039b8:	4492                	lw	s1,4(sp)
100039ba:	0141                	addi	sp,sp,16
100039bc:	8082                	ret

100039be <__wrap_vprintf>:
100039be:	7171                	addi	sp,sp,-176
100039c0:	d522                	sw	s0,168(sp)
100039c2:	d326                	sw	s1,164(sp)
100039c4:	d706                	sw	ra,172(sp)
100039c6:	d14a                	sw	s2,160(sp)
100039c8:	cf4e                	sw	s3,156(sp)
100039ca:	cd52                	sw	s4,152(sp)
100039cc:	cb56                	sw	s5,148(sp)
100039ce:	842a                	mv	s0,a0
100039d0:	84ae                	mv	s1,a1
100039d2:	d25fd0ef          	jal	100016f6 <time_us_64>
100039d6:	000f47b7          	lui	a5,0xf4
100039da:	24078793          	addi	a5,a5,576 # f4240 <RAM_LENGTH+0x74240>
100039de:	97aa                	add	a5,a5,a0
100039e0:	00a7b633          	sltu	a2,a5,a0
100039e4:	80000737          	lui	a4,0x80000
100039e8:	962e                	add	a2,a2,a1
100039ea:	177d                	addi	a4,a4,-1 # 7fffffff <__StackTop+0x5ff7dfff>
100039ec:	85be                	mv	a1,a5
100039ee:	00c77463          	bgeu	a4,a2,100039f6 <__wrap_vprintf+0x38>
100039f2:	863a                	mv	a2,a4
100039f4:	55fd                	li	a1,-1
100039f6:	200039b7          	lui	s3,0x20003
100039fa:	24498513          	addi	a0,s3,580 # 20003244 <print_mutex>
100039fe:	0fffc097          	auipc	ra,0xfffc
10003a02:	716080e7          	jalr	1814(ra) # 20000114 <mutex_try_enter_block_until>
10003a06:	8a2a                	mv	s4,a0
10003a08:	10003537          	lui	a0,0x10003
10003a0c:	8622                	mv	a2,s0
10003a0e:	86a6                	mv	a3,s1
10003a10:	006c                	addi	a1,sp,12
10003a12:	73850513          	addi	a0,a0,1848 # 10003738 <stdio_buffered_printer>
10003a16:	c602                	sw	zero,12(sp)
10003a18:	3e49                	jal	100035aa <vfctprintf>
10003a1a:	47b2                	lw	a5,12(sp)
10003a1c:	8231a403          	lw	s0,-2013(gp) # 20003b54 <drivers>
10003a20:	8aaa                	mv	s5,a0
10003a22:	c3a9                	beqz	a5,10003a64 <__wrap_vprintf+0xa6>
10003a24:	e015                	bnez	s0,10003a48 <__wrap_vprintf+0x8a>
10003a26:	c602                	sw	zero,12(sp)
10003a28:	040a1863          	bnez	s4,10003a78 <__wrap_vprintf+0xba>
10003a2c:	50ba                	lw	ra,172(sp)
10003a2e:	542a                	lw	s0,168(sp)
10003a30:	549a                	lw	s1,164(sp)
10003a32:	590a                	lw	s2,160(sp)
10003a34:	49fa                	lw	s3,156(sp)
10003a36:	4a6a                	lw	s4,152(sp)
10003a38:	8556                	mv	a0,s5
10003a3a:	4ada                	lw	s5,148(sp)
10003a3c:	614d                	addi	sp,sp,176
10003a3e:	8082                	ret
10003a40:	00878b63          	beq	a5,s0,10003a56 <__wrap_vprintf+0x98>
10003a44:	4800                	lw	s0,16(s0)
10003a46:	cc01                	beqz	s0,10003a5e <__wrap_vprintf+0xa0>
10003a48:	401c                	lw	a5,0(s0)
10003a4a:	080c                	addi	a1,sp,16
10003a4c:	8522                	mv	a0,s0
10003a4e:	dbfd                	beqz	a5,10003a44 <__wrap_vprintf+0x86>
10003a50:	81f1a783          	lw	a5,-2017(gp) # 20003b50 <filter>
10003a54:	f7f5                	bnez	a5,10003a40 <__wrap_vprintf+0x82>
10003a56:	4632                	lw	a2,12(sp)
10003a58:	3131                	jal	10003664 <stdio_out_chars_crlf>
10003a5a:	4800                	lw	s0,16(s0)
10003a5c:	f475                	bnez	s0,10003a48 <__wrap_vprintf+0x8a>
10003a5e:	8231a403          	lw	s0,-2013(gp) # 20003b54 <drivers>
10003a62:	c602                	sw	zero,12(sp)
10003a64:	d071                	beqz	s0,10003a28 <__wrap_vprintf+0x6a>
10003a66:	405c                	lw	a5,4(s0)
10003a68:	c791                	beqz	a5,10003a74 <__wrap_vprintf+0xb6>
10003a6a:	9782                	jalr	a5
10003a6c:	4800                	lw	s0,16(s0)
10003a6e:	dc4d                	beqz	s0,10003a28 <__wrap_vprintf+0x6a>
10003a70:	405c                	lw	a5,4(s0)
10003a72:	ffe5                	bnez	a5,10003a6a <__wrap_vprintf+0xac>
10003a74:	4800                	lw	s0,16(s0)
10003a76:	b7fd                	j	10003a64 <__wrap_vprintf+0xa6>
10003a78:	24498513          	addi	a0,s3,580
10003a7c:	0fffc097          	auipc	ra,0xfffc
10003a80:	722080e7          	jalr	1826(ra) # 2000019e <mutex_exit>
10003a84:	b765                	j	10003a2c <__wrap_vprintf+0x6e>

10003a86 <__wrap_printf>:
10003a86:	7139                	addi	sp,sp,-64
10003a88:	02410313          	addi	t1,sp,36
10003a8c:	d22e                	sw	a1,36(sp)
10003a8e:	859a                	mv	a1,t1
10003a90:	ce06                	sw	ra,28(sp)
10003a92:	d432                	sw	a2,40(sp)
10003a94:	d636                	sw	a3,44(sp)
10003a96:	d83a                	sw	a4,48(sp)
10003a98:	da3e                	sw	a5,52(sp)
10003a9a:	dc42                	sw	a6,56(sp)
10003a9c:	de46                	sw	a7,60(sp)
10003a9e:	c61a                	sw	t1,12(sp)
10003aa0:	3f39                	jal	100039be <__wrap_vprintf>
10003aa2:	40f2                	lw	ra,28(sp)
10003aa4:	6121                	addi	sp,sp,64
10003aa6:	8082                	ret

10003aa8 <stdio_uart_out_chars>:
10003aa8:	02b05e63          	blez	a1,10003ae4 <stdio_uart_out_chars+0x3c>
10003aac:	82f1a703          	lw	a4,-2001(gp) # 20003b60 <uart_instance>
10003ab0:	bff887b7          	lui	a5,0xbff88
10003ab4:	97ba                	add	a5,a5,a4
10003ab6:	0017b793          	seqz	a5,a5
10003aba:	81318693          	addi	a3,gp,-2029 # 20003b44 <uart_char_to_line_feed>
10003abe:	20d7a7b3          	sh1add	a5,a5,a3
10003ac2:	00079803          	lh	a6,0(a5) # bff88000 <__StackTop+0x9ff06000>
10003ac6:	00b50633          	add	a2,a0,a1
10003aca:	45b5                	li	a1,13
10003acc:	00054683          	lbu	a3,0(a0)
10003ad0:	00d80b63          	beq	a6,a3,10003ae6 <stdio_uart_out_chars+0x3e>
10003ad4:	4f1c                	lw	a5,24(a4)
10003ad6:	0207f793          	andi	a5,a5,32
10003ada:	ffed                	bnez	a5,10003ad4 <stdio_uart_out_chars+0x2c>
10003adc:	c314                	sw	a3,0(a4)
10003ade:	0505                	addi	a0,a0,1
10003ae0:	fec516e3          	bne	a0,a2,10003acc <stdio_uart_out_chars+0x24>
10003ae4:	8082                	ret
10003ae6:	4f1c                	lw	a5,24(a4)
10003ae8:	0207f793          	andi	a5,a5,32
10003aec:	ffed                	bnez	a5,10003ae6 <stdio_uart_out_chars+0x3e>
10003aee:	c30c                	sw	a1,0(a4)
10003af0:	b7d5                	j	10003ad4 <stdio_uart_out_chars+0x2c>

10003af2 <stdio_uart_in_chars>:
10003af2:	82b1a803          	lw	a6,-2005(gp) # 20003b5c <chars_available_callback>
10003af6:	06b05363          	blez	a1,10003b5c <stdio_uart_in_chars+0x6a>
10003afa:	82f1a703          	lw	a4,-2001(gp) # 20003b60 <uart_instance>
10003afe:	4681                	li	a3,0
10003b00:	4f1c                	lw	a5,24(a4)
10003b02:	8bc1                	andi	a5,a5,16
10003b04:	ef85                	bnez	a5,10003b3c <stdio_uart_in_chars+0x4a>
10003b06:	0685                	addi	a3,a3,1
10003b08:	4f1c                	lw	a5,24(a4)
10003b0a:	8bc1                	andi	a5,a5,16
10003b0c:	fff5                	bnez	a5,10003b08 <stdio_uart_in_chars+0x16>
10003b0e:	4310                	lw	a2,0(a4)
10003b10:	00d507b3          	add	a5,a0,a3
10003b14:	fec78fa3          	sb	a2,-1(a5)
10003b18:	fed594e3          	bne	a1,a3,10003b00 <stdio_uart_in_chars+0xe>
10003b1c:	00080d63          	beqz	a6,10003b36 <stdio_uart_in_chars+0x44>
10003b20:	05000793          	li	a5,80
10003b24:	df1c                	sw	a5,56(a4)
10003b26:	5b5c                	lw	a5,52(a4)
10003b28:	6685                	lui	a3,0x1
10003b2a:	03468693          	addi	a3,a3,52 # 1034 <SCRATCH_X_LENGTH+0x34>
10003b2e:	0387f793          	andi	a5,a5,56
10003b32:	9736                	add	a4,a4,a3
10003b34:	c31c                	sw	a5,0(a4)
10003b36:	86ae                	mv	a3,a1
10003b38:	8536                	mv	a0,a3
10003b3a:	8082                	ret
10003b3c:	00080d63          	beqz	a6,10003b56 <stdio_uart_in_chars+0x64>
10003b40:	05000793          	li	a5,80
10003b44:	df1c                	sw	a5,56(a4)
10003b46:	5b5c                	lw	a5,52(a4)
10003b48:	6605                	lui	a2,0x1
10003b4a:	03460613          	addi	a2,a2,52 # 1034 <SCRATCH_X_LENGTH+0x34>
10003b4e:	0387f793          	andi	a5,a5,56
10003b52:	9732                	add	a4,a4,a2
10003b54:	c31c                	sw	a5,0(a4)
10003b56:	f2ed                	bnez	a3,10003b38 <stdio_uart_in_chars+0x46>
10003b58:	56f5                	li	a3,-3
10003b5a:	bff9                	j	10003b38 <stdio_uart_in_chars+0x46>
10003b5c:	fe080ee3          	beqz	a6,10003b58 <stdio_uart_in_chars+0x66>
10003b60:	82f1a783          	lw	a5,-2001(gp) # 20003b60 <uart_instance>
10003b64:	05000713          	li	a4,80
10003b68:	6685                	lui	a3,0x1
10003b6a:	df98                	sw	a4,56(a5)
10003b6c:	5bd8                	lw	a4,52(a5)
10003b6e:	03468693          	addi	a3,a3,52 # 1034 <SCRATCH_X_LENGTH+0x34>
10003b72:	97b6                	add	a5,a5,a3
10003b74:	03877713          	andi	a4,a4,56
10003b78:	c398                	sw	a4,0(a5)
10003b7a:	56f5                	li	a3,-3
10003b7c:	bf75                	j	10003b38 <stdio_uart_in_chars+0x46>

10003b7e <on_uart_rx>:
10003b7e:	82b1a783          	lw	a5,-2005(gp) # 20003b5c <chars_available_callback>
10003b82:	cb81                	beqz	a5,10003b92 <on_uart_rx+0x14>
10003b84:	82f1a703          	lw	a4,-2001(gp) # 20003b60 <uart_instance>
10003b88:	8271a503          	lw	a0,-2009(gp) # 20003b58 <chars_available_param>
10003b8c:	02072c23          	sw	zero,56(a4)
10003b90:	8782                	jr	a5
10003b92:	8082                	ret

10003b94 <stdio_uart_out_flush>:
10003b94:	82f1a703          	lw	a4,-2001(gp) # 20003b60 <uart_instance>
10003b98:	4f1c                	lw	a5,24(a4)
10003b9a:	8ba1                	andi	a5,a5,8
10003b9c:	fff5                	bnez	a5,10003b98 <stdio_uart_out_flush+0x4>
10003b9e:	8082                	ret

10003ba0 <stdio_uart_set_chars_available_callback>:
10003ba0:	82f1a703          	lw	a4,-2001(gp) # 20003b60 <uart_instance>
10003ba4:	400787b7          	lui	a5,0x40078
10003ba8:	1101                	addi	sp,sp,-32
10003baa:	862a                	mv	a2,a0
10003bac:	40f70533          	sub	a0,a4,a5
10003bb0:	00153513          	seqz	a0,a0
10003bb4:	ce06                	sw	ra,28(sp)
10003bb6:	882e                	mv	a6,a1
10003bb8:	02150513          	addi	a0,a0,33
10003bbc:	82b1a583          	lw	a1,-2005(gp) # 20003b5c <chars_available_callback>
10003bc0:	c609                	beqz	a2,10003bca <stdio_uart_set_chars_available_callback+0x2a>
10003bc2:	c98d                	beqz	a1,10003bf4 <stdio_uart_set_chars_available_callback+0x54>
10003bc4:	40f2                	lw	ra,28(sp)
10003bc6:	6105                	addi	sp,sp,32
10003bc8:	8082                	ret
10003bca:	dded                	beqz	a1,10003bc4 <stdio_uart_set_chars_available_callback+0x24>
10003bcc:	02072c23          	sw	zero,56(a4)
10003bd0:	4581                	li	a1,0
10003bd2:	c62a                	sw	a0,12(sp)
10003bd4:	ef0fc0ef          	jal	100002c4 <irq_set_enabled>
10003bd8:	4532                	lw	a0,12(sp)
10003bda:	100045b7          	lui	a1,0x10004
10003bde:	b7e58593          	addi	a1,a1,-1154 # 10003b7e <on_uart_rx>
10003be2:	b83fc0ef          	jal	10000764 <irq_remove_handler>
10003be6:	40f2                	lw	ra,28(sp)
10003be8:	8201a5a3          	sw	zero,-2005(gp) # 20003b5c <chars_available_callback>
10003bec:	8201a3a3          	sw	zero,-2009(gp) # 20003b58 <chars_available_param>
10003bf0:	6105                	addi	sp,sp,32
10003bf2:	8082                	ret
10003bf4:	100045b7          	lui	a1,0x10004
10003bf8:	b7e58593          	addi	a1,a1,-1154 # 10003b7e <on_uart_rx>
10003bfc:	c62a                	sw	a0,12(sp)
10003bfe:	82c1a5a3          	sw	a2,-2005(gp) # 20003b5c <chars_available_callback>
10003c02:	8301a3a3          	sw	a6,-2009(gp) # 20003b58 <chars_available_param>
10003c06:	f38fc0ef          	jal	1000033e <irq_set_exclusive_handler>
10003c0a:	4532                	lw	a0,12(sp)
10003c0c:	4585                	li	a1,1
10003c0e:	eb6fc0ef          	jal	100002c4 <irq_set_enabled>
10003c12:	82f1a783          	lw	a5,-2001(gp) # 20003b60 <uart_instance>
10003c16:	05000713          	li	a4,80
10003c1a:	6685                	lui	a3,0x1
10003c1c:	df98                	sw	a4,56(a5)
10003c1e:	5bd8                	lw	a4,52(a5)
10003c20:	40f2                	lw	ra,28(sp)
10003c22:	03468693          	addi	a3,a3,52 # 1034 <SCRATCH_X_LENGTH+0x34>
10003c26:	97b6                	add	a5,a5,a3
10003c28:	03877713          	andi	a4,a4,56
10003c2c:	c398                	sw	a4,0(a5)
10003c2e:	6105                	addi	sp,sp,32
10003c30:	8082                	ret

10003c32 <stdio_uart_init>:
10003c32:	1000d7b7          	lui	a5,0x1000d
10003c36:	5187c783          	lbu	a5,1304(a5) # 1000d518 <__bi_ptr45.13>
10003c3a:	1141                	addi	sp,sp,-16
10003c3c:	1000d7b7          	lui	a5,0x1000d
10003c40:	5147c783          	lbu	a5,1300(a5) # 1000d514 <__bi_ptr49.12>
10003c44:	c422                	sw	s0,8(sp)
10003c46:	1000d7b7          	lui	a5,0x1000d
10003c4a:	5107c783          	lbu	a5,1296(a5) # 1000d510 <__bi_ptr50.11>
10003c4e:	400707b7          	lui	a5,0x40070
10003c52:	4589                	li	a1,2
10003c54:	4501                	li	a0,0
10003c56:	c606                	sw	ra,12(sp)
10003c58:	82f1a7a3          	sw	a5,-2001(gp) # 20003b60 <uart_instance>
10003c5c:	c7efc0ef          	jal	100000da <gpio_set_function>
10003c60:	4589                	li	a1,2
10003c62:	4505                	li	a0,1
10003c64:	c76fc0ef          	jal	100000da <gpio_set_function>
10003c68:	82f1a503          	lw	a0,-2001(gp) # 20003b60 <uart_instance>
10003c6c:	65f1                	lui	a1,0x1c
10003c6e:	20058593          	addi	a1,a1,512 # 1c200 <XIP_RAM_LENGTH+0x18200>
10003c72:	b1ffd0ef          	jal	10001790 <uart_init>
10003c76:	4422                	lw	s0,8(sp)
10003c78:	40b2                	lw	ra,12(sp)
10003c7a:	20003537          	lui	a0,0x20003
10003c7e:	1e850513          	addi	a0,a0,488 # 200031e8 <stdio_uart>
10003c82:	4585                	li	a1,1
10003c84:	0141                	addi	sp,sp,16
10003c86:	b909                	j	10003898 <stdio_set_driver_enabled>

10003c88 <stdio_usb_set_chars_available_callback>:
10003c88:	84a1a7a3          	sw	a0,-1969(gp) # 20003b80 <chars_available_callback>
10003c8c:	84b1a5a3          	sw	a1,-1973(gp) # 20003b7c <chars_available_param>
10003c90:	8082                	ret

10003c92 <usb_irq>:
10003c92:	83f1c503          	lbu	a0,-1985(gp) # 20003b70 <low_priority_irq_num>
10003c96:	e76fc06f          	j	1000030c <irq_set_pending>

10003c9a <timer_task>:
10003c9a:	84318713          	addi	a4,gp,-1981 # 20003b74 <one_shot_timer_crit_sec>
10003c9e:	431c                	lw	a5,0(a4)
10003ca0:	1141                	addi	sp,sp,-16
10003ca2:	c606                	sw	ra,12(sp)
10003ca4:	c422                	sw	s0,8(sp)
10003ca6:	c226                	sw	s1,4(sp)
10003ca8:	c04a                	sw	s2,0(sp)
10003caa:	c7b5                	beqz	a5,10003d16 <timer_task+0x7c>
10003cac:	300476f3          	csrrci	a3,mstatus,8
10003cb0:	00379613          	slli	a2,a5,0x3
10003cb4:	28c01633          	bset	a2,zero,a2
10003cb8:	9bf1                	andi	a5,a5,-4
10003cba:	44c7a5af          	amoor.w.aq	a1,a2,(a5)
10003cbe:	8df1                	and	a1,a1,a2
10003cc0:	fded                	bnez	a1,10003cba <timer_task+0x20>
10003cc2:	0330000f          	fence	rw,rw
10003cc6:	c354                	sw	a3,4(a4)
10003cc8:	431c                	lw	a5,0(a4)
10003cca:	84018023          	sb	zero,-1984(gp) # 20003b71 <one_shot_timer_pending>
10003cce:	0330000f          	fence	rw,rw
10003cd2:	00078023          	sb	zero,0(a5) # 40070000 <__StackTop+0x1ffee000>
10003cd6:	8aa1                	andi	a3,a3,8
10003cd8:	3006a073          	csrs	mstatus,a3
10003cdc:	4401                	li	s0,0
10003cde:	4481                	li	s1,0
10003ce0:	83f1c503          	lbu	a0,-1985(gp) # 20003b70 <low_priority_irq_num>
10003ce4:	e16fc0ef          	jal	100002fa <irq_is_enabled>
10003ce8:	e919                	bnez	a0,10003cfe <timer_task+0x64>
10003cea:	4401                	li	s0,0
10003cec:	40b2                	lw	ra,12(sp)
10003cee:	8522                	mv	a0,s0
10003cf0:	4422                	lw	s0,8(sp)
10003cf2:	4481                	li	s1,0
10003cf4:	4902                	lw	s2,0(sp)
10003cf6:	85a6                	mv	a1,s1
10003cf8:	4492                	lw	s1,4(sp)
10003cfa:	0141                	addi	sp,sp,16
10003cfc:	8082                	ret
10003cfe:	83f1c503          	lbu	a0,-1985(gp) # 20003b70 <low_priority_irq_num>
10003d02:	e0afc0ef          	jal	1000030c <irq_set_pending>
10003d06:	40b2                	lw	ra,12(sp)
10003d08:	8522                	mv	a0,s0
10003d0a:	4422                	lw	s0,8(sp)
10003d0c:	4902                	lw	s2,0(sp)
10003d0e:	85a6                	mv	a1,s1
10003d10:	4492                	lw	s1,4(sp)
10003d12:	0141                	addi	sp,sp,16
10003d14:	8082                	ret
10003d16:	3e800413          	li	s0,1000
10003d1a:	4481                	li	s1,0
10003d1c:	b7d1                	j	10003ce0 <timer_task+0x46>

10003d1e <stdio_usb_in_chars>:
10003d1e:	1141                	addi	sp,sp,-16
10003d20:	c226                	sw	s1,4(sp)
10003d22:	84aa                	mv	s1,a0
10003d24:	4501                	li	a0,0
10003d26:	c04a                	sw	s2,0(sp)
10003d28:	c606                	sw	ra,12(sp)
10003d2a:	892e                	mv	s2,a1
10003d2c:	265010ef          	jal	10005790 <tud_cdc_n_connected>
10003d30:	c159                	beqz	a0,10003db6 <stdio_usb_in_chars+0x98>
10003d32:	4501                	li	a0,0
10003d34:	29d010ef          	jal	100057d0 <tud_cdc_n_available>
10003d38:	cd3d                	beqz	a0,10003db6 <stdio_usb_in_chars+0x98>
10003d3a:	c422                	sw	s0,8(sp)
10003d3c:	9bbfd0ef          	jal	100016f6 <time_us_64>
10003d40:	000f47b7          	lui	a5,0xf4
10003d44:	24078793          	addi	a5,a5,576 # f4240 <RAM_LENGTH+0x74240>
10003d48:	97aa                	add	a5,a5,a0
10003d4a:	00a7b633          	sltu	a2,a5,a0
10003d4e:	80000737          	lui	a4,0x80000
10003d52:	962e                	add	a2,a2,a1
10003d54:	177d                	addi	a4,a4,-1 # 7fffffff <__StackTop+0x5ff7dfff>
10003d56:	85be                	mv	a1,a5
10003d58:	04c76363          	bltu	a4,a2,10003d9e <stdio_usb_in_chars+0x80>
10003d5c:	85318513          	addi	a0,gp,-1965 # 20003b84 <stdio_usb_mutex>
10003d60:	0fffc097          	auipc	ra,0xfffc
10003d64:	3b4080e7          	jalr	948(ra) # 20000114 <mutex_try_enter_block_until>
10003d68:	c531                	beqz	a0,10003db4 <stdio_usb_in_chars+0x96>
10003d6a:	4501                	li	a0,0
10003d6c:	225010ef          	jal	10005790 <tud_cdc_n_connected>
10003d70:	c509                	beqz	a0,10003d7a <stdio_usb_in_chars+0x5c>
10003d72:	4501                	li	a0,0
10003d74:	25d010ef          	jal	100057d0 <tud_cdc_n_available>
10003d78:	e515                	bnez	a0,10003da4 <stdio_usb_in_chars+0x86>
10003d7a:	4581                	li	a1,0
10003d7c:	557d                	li	a0,-1
10003d7e:	41f000ef          	jal	1000499c <tud_task_ext>
10003d82:	54f5                	li	s1,-3
10003d84:	85318513          	addi	a0,gp,-1965 # 20003b84 <stdio_usb_mutex>
10003d88:	0fffc097          	auipc	ra,0xfffc
10003d8c:	416080e7          	jalr	1046(ra) # 2000019e <mutex_exit>
10003d90:	4422                	lw	s0,8(sp)
10003d92:	40b2                	lw	ra,12(sp)
10003d94:	4902                	lw	s2,0(sp)
10003d96:	8526                	mv	a0,s1
10003d98:	4492                	lw	s1,4(sp)
10003d9a:	0141                	addi	sp,sp,16
10003d9c:	8082                	ret
10003d9e:	863a                	mv	a2,a4
10003da0:	55fd                	li	a1,-1
10003da2:	bf6d                	j	10003d5c <stdio_usb_in_chars+0x3e>
10003da4:	85a6                	mv	a1,s1
10003da6:	864a                	mv	a2,s2
10003da8:	4501                	li	a0,0
10003daa:	24d010ef          	jal	100057f6 <tud_cdc_n_read>
10003dae:	84aa                	mv	s1,a0
10003db0:	f971                	bnez	a0,10003d84 <stdio_usb_in_chars+0x66>
10003db2:	bfc1                	j	10003d82 <stdio_usb_in_chars+0x64>
10003db4:	4422                	lw	s0,8(sp)
10003db6:	54f5                	li	s1,-3
10003db8:	bfe9                	j	10003d92 <stdio_usb_in_chars+0x74>

10003dba <stdio_usb_out_flush>:
10003dba:	1141                	addi	sp,sp,-16
10003dbc:	c606                	sw	ra,12(sp)
10003dbe:	c422                	sw	s0,8(sp)
10003dc0:	937fd0ef          	jal	100016f6 <time_us_64>
10003dc4:	000f47b7          	lui	a5,0xf4
10003dc8:	24078793          	addi	a5,a5,576 # f4240 <RAM_LENGTH+0x74240>
10003dcc:	97aa                	add	a5,a5,a0
10003dce:	00a7b633          	sltu	a2,a5,a0
10003dd2:	80000737          	lui	a4,0x80000
10003dd6:	962e                	add	a2,a2,a1
10003dd8:	177d                	addi	a4,a4,-1 # 7fffffff <__StackTop+0x5ff7dfff>
10003dda:	85be                	mv	a1,a5
10003ddc:	00c77463          	bgeu	a4,a2,10003de4 <stdio_usb_out_flush+0x2a>
10003de0:	863a                	mv	a2,a4
10003de2:	55fd                	li	a1,-1
10003de4:	85318513          	addi	a0,gp,-1965 # 20003b84 <stdio_usb_mutex>
10003de8:	0fffc097          	auipc	ra,0xfffc
10003dec:	32c080e7          	jalr	812(ra) # 20000114 <mutex_try_enter_block_until>
10003df0:	c115                	beqz	a0,10003e14 <stdio_usb_out_flush+0x5a>
10003df2:	557d                	li	a0,-1
10003df4:	4581                	li	a1,0
10003df6:	3a7000ef          	jal	1000499c <tud_task_ext>
10003dfa:	4501                	li	a0,0
10003dfc:	2a7010ef          	jal	100058a2 <tud_cdc_n_write_flush>
10003e00:	f96d                	bnez	a0,10003df2 <stdio_usb_out_flush+0x38>
10003e02:	85318513          	addi	a0,gp,-1965 # 20003b84 <stdio_usb_mutex>
10003e06:	4422                	lw	s0,8(sp)
10003e08:	40b2                	lw	ra,12(sp)
10003e0a:	0141                	addi	sp,sp,16
10003e0c:	0fffc317          	auipc	t1,0xfffc
10003e10:	39230067          	jr	914(t1) # 2000019e <mutex_exit>
10003e14:	40b2                	lw	ra,12(sp)
10003e16:	4422                	lw	s0,8(sp)
10003e18:	0141                	addi	sp,sp,16
10003e1a:	8082                	ret

10003e1c <stdio_usb_out_chars>:
10003e1c:	1101                	addi	sp,sp,-32
10003e1e:	c84a                	sw	s2,16(sp)
10003e20:	c64e                	sw	s3,12(sp)
10003e22:	ce06                	sw	ra,28(sp)
10003e24:	c452                	sw	s4,8(sp)
10003e26:	89aa                	mv	s3,a0
10003e28:	892e                	mv	s2,a1
10003e2a:	8cdfd0ef          	jal	100016f6 <time_us_64>
10003e2e:	000f47b7          	lui	a5,0xf4
10003e32:	24078793          	addi	a5,a5,576 # f4240 <RAM_LENGTH+0x74240>
10003e36:	97aa                	add	a5,a5,a0
10003e38:	00a7b633          	sltu	a2,a5,a0
10003e3c:	80000737          	lui	a4,0x80000
10003e40:	962e                	add	a2,a2,a1
10003e42:	177d                	addi	a4,a4,-1 # 7fffffff <__StackTop+0x5ff7dfff>
10003e44:	85be                	mv	a1,a5
10003e46:	00c77463          	bgeu	a4,a2,10003e4e <stdio_usb_out_chars+0x32>
10003e4a:	863a                	mv	a2,a4
10003e4c:	55fd                	li	a1,-1
10003e4e:	85318513          	addi	a0,gp,-1965 # 20003b84 <stdio_usb_mutex>
10003e52:	0fffc097          	auipc	ra,0xfffc
10003e56:	2c2080e7          	jalr	706(ra) # 20000114 <mutex_try_enter_block_until>
10003e5a:	e519                	bnez	a0,10003e68 <stdio_usb_out_chars+0x4c>
10003e5c:	40f2                	lw	ra,28(sp)
10003e5e:	4942                	lw	s2,16(sp)
10003e60:	49b2                	lw	s3,12(sp)
10003e62:	4a22                	lw	s4,8(sp)
10003e64:	6105                	addi	sp,sp,32
10003e66:	8082                	ret
10003e68:	4501                	li	a0,0
10003e6a:	127010ef          	jal	10005790 <tud_cdc_n_connected>
10003e6e:	c945                	beqz	a0,10003f1e <stdio_usb_out_chars+0x102>
10003e70:	cc22                	sw	s0,24(sp)
10003e72:	c256                	sw	s5,4(sp)
10003e74:	4401                	li	s0,0
10003e76:	05205063          	blez	s2,10003eb6 <stdio_usb_out_chars+0x9a>
10003e7a:	4501                	li	a0,0
10003e7c:	341010ef          	jal	100059bc <tud_cdc_n_write_available>
10003e80:	862a                	mv	a2,a0
10003e82:	408907b3          	sub	a5,s2,s0
10003e86:	0af64633          	min	a2,a2,a5
10003e8a:	008985b3          	add	a1,s3,s0
10003e8e:	4501                	li	a0,0
10003e90:	c221                	beqz	a2,10003ed0 <stdio_usb_out_chars+0xb4>
10003e92:	2c3010ef          	jal	10005954 <tud_cdc_n_write>
10003e96:	4581                	li	a1,0
10003e98:	942a                	add	s0,s0,a0
10003e9a:	557d                	li	a0,-1
10003e9c:	301000ef          	jal	1000499c <tud_task_ext>
10003ea0:	4501                	li	a0,0
10003ea2:	201010ef          	jal	100058a2 <tud_cdc_n_write_flush>
10003ea6:	851fd0ef          	jal	100016f6 <time_us_64>
10003eaa:	82a1aba3          	sw	a0,-1993(gp) # 20003b68 <last_avail_time.1>
10003eae:	82b1ada3          	sw	a1,-1989(gp) # 20003b6c <last_avail_time.1+0x4>
10003eb2:	fd2444e3          	blt	s0,s2,10003e7a <stdio_usb_out_chars+0x5e>
10003eb6:	4462                	lw	s0,24(sp)
10003eb8:	4a92                	lw	s5,4(sp)
10003eba:	40f2                	lw	ra,28(sp)
10003ebc:	4942                	lw	s2,16(sp)
10003ebe:	49b2                	lw	s3,12(sp)
10003ec0:	85318513          	addi	a0,gp,-1965 # 20003b84 <stdio_usb_mutex>
10003ec4:	4a22                	lw	s4,8(sp)
10003ec6:	6105                	addi	sp,sp,32
10003ec8:	0fffc317          	auipc	t1,0xfffc
10003ecc:	2d630067          	jr	726(t1) # 2000019e <mutex_exit>
10003ed0:	4581                	li	a1,0
10003ed2:	557d                	li	a0,-1
10003ed4:	2c9000ef          	jal	1000499c <tud_task_ext>
10003ed8:	4501                	li	a0,0
10003eda:	1c9010ef          	jal	100058a2 <tud_cdc_n_write_flush>
10003ede:	4501                	li	a0,0
10003ee0:	0b1010ef          	jal	10005790 <tud_cdc_n_connected>
10003ee4:	87aa                	mv	a5,a0
10003ee6:	4501                	li	a0,0
10003ee8:	d7f9                	beqz	a5,10003eb6 <stdio_usb_out_chars+0x9a>
10003eea:	2d3010ef          	jal	100059bc <tud_cdc_n_write_available>
10003eee:	f171                	bnez	a0,10003eb2 <stdio_usb_out_chars+0x96>
10003ef0:	807fd0ef          	jal	100016f6 <time_us_64>
10003ef4:	8371a783          	lw	a5,-1993(gp) # 20003b68 <last_avail_time.1>
10003ef8:	0007a737          	lui	a4,0x7a
10003efc:	83b1a683          	lw	a3,-1989(gp) # 20003b6c <last_avail_time.1+0x4>
10003f00:	12070713          	addi	a4,a4,288 # 7a120 <XIP_RAM_LENGTH+0x76120>
10003f04:	973e                	add	a4,a4,a5
10003f06:	00f737b3          	sltu	a5,a4,a5
10003f0a:	97b6                	add	a5,a5,a3
10003f0c:	fab7e5e3          	bltu	a5,a1,10003eb6 <stdio_usb_out_chars+0x9a>
10003f10:	faf591e3          	bne	a1,a5,10003eb2 <stdio_usb_out_chars+0x96>
10003f14:	faa761e3          	bltu	a4,a0,10003eb6 <stdio_usb_out_chars+0x9a>
10003f18:	f72441e3          	blt	s0,s2,10003e7a <stdio_usb_out_chars+0x5e>
10003f1c:	bf69                	j	10003eb6 <stdio_usb_out_chars+0x9a>
10003f1e:	40f2                	lw	ra,28(sp)
10003f20:	4942                	lw	s2,16(sp)
10003f22:	49b2                	lw	s3,12(sp)
10003f24:	4681                	li	a3,0
10003f26:	4701                	li	a4,0
10003f28:	85318513          	addi	a0,gp,-1965 # 20003b84 <stdio_usb_mutex>
10003f2c:	4a22                	lw	s4,8(sp)
10003f2e:	82d1aba3          	sw	a3,-1993(gp) # 20003b68 <last_avail_time.1>
10003f32:	82e1ada3          	sw	a4,-1989(gp) # 20003b6c <last_avail_time.1+0x4>
10003f36:	6105                	addi	sp,sp,32
10003f38:	0fffc317          	auipc	t1,0xfffc
10003f3c:	26630067          	jr	614(t1) # 2000019e <mutex_exit>

10003f40 <low_priority_worker_irq>:
10003f40:	1141                	addi	sp,sp,-16
10003f42:	c422                	sw	s0,8(sp)
10003f44:	85318513          	addi	a0,gp,-1965 # 20003b84 <stdio_usb_mutex>
10003f48:	4581                	li	a1,0
10003f4a:	c606                	sw	ra,12(sp)
10003f4c:	0fffc097          	auipc	ra,0xfffc
10003f50:	0b4080e7          	jalr	180(ra) # 20000000 <mutex_try_enter>
10003f54:	e539                	bnez	a0,10003fa2 <low_priority_worker_irq+0x62>
10003f56:	84318713          	addi	a4,gp,-1981 # 20003b74 <one_shot_timer_crit_sec>
10003f5a:	431c                	lw	a5,0(a4)
10003f5c:	cf9d                	beqz	a5,10003f9a <low_priority_worker_irq+0x5a>
10003f5e:	300476f3          	csrrci	a3,mstatus,8
10003f62:	00379613          	slli	a2,a5,0x3
10003f66:	28c01633          	bset	a2,zero,a2
10003f6a:	9bf1                	andi	a5,a5,-4
10003f6c:	44c7a5af          	amoor.w.aq	a1,a2,(a5)
10003f70:	8df1                	and	a1,a1,a2
10003f72:	fded                	bnez	a1,10003f6c <low_priority_worker_irq+0x2c>
10003f74:	0330000f          	fence	rw,rw
10003f78:	8401c783          	lbu	a5,-1984(gp) # 20003b71 <one_shot_timer_pending>
10003f7c:	4585                	li	a1,1
10003f7e:	c354                	sw	a3,4(a4)
10003f80:	0ff7f793          	zext.b	a5,a5
10003f84:	4318                	lw	a4,0(a4)
10003f86:	84b18023          	sb	a1,-1984(gp) # 20003b71 <one_shot_timer_pending>
10003f8a:	0330000f          	fence	rw,rw
10003f8e:	00070023          	sb	zero,0(a4)
10003f92:	8aa1                	andi	a3,a3,8
10003f94:	3006a073          	csrs	mstatus,a3
10003f98:	c7a1                	beqz	a5,10003fe0 <low_priority_worker_irq+0xa0>
10003f9a:	40b2                	lw	ra,12(sp)
10003f9c:	4422                	lw	s0,8(sp)
10003f9e:	0141                	addi	sp,sp,16
10003fa0:	8082                	ret
10003fa2:	4581                	li	a1,0
10003fa4:	557d                	li	a0,-1
10003fa6:	c226                	sw	s1,4(sp)
10003fa8:	1f5000ef          	jal	1000499c <tud_task_ext>
10003fac:	4501                	li	a0,0
10003fae:	023010ef          	jal	100057d0 <tud_cdc_n_available>
10003fb2:	84aa                	mv	s1,a0
10003fb4:	85318513          	addi	a0,gp,-1965 # 20003b84 <stdio_usb_mutex>
10003fb8:	0fffc097          	auipc	ra,0xfffc
10003fbc:	1e6080e7          	jalr	486(ra) # 2000019e <mutex_exit>
10003fc0:	c899                	beqz	s1,10003fd6 <low_priority_worker_irq+0x96>
10003fc2:	84f1a783          	lw	a5,-1969(gp) # 20003b80 <chars_available_callback>
10003fc6:	cb81                	beqz	a5,10003fd6 <low_priority_worker_irq+0x96>
10003fc8:	4422                	lw	s0,8(sp)
10003fca:	4492                	lw	s1,4(sp)
10003fcc:	40b2                	lw	ra,12(sp)
10003fce:	84b1a503          	lw	a0,-1973(gp) # 20003b7c <chars_available_param>
10003fd2:	0141                	addi	sp,sp,16
10003fd4:	8782                	jr	a5
10003fd6:	40b2                	lw	ra,12(sp)
10003fd8:	4422                	lw	s0,8(sp)
10003fda:	4492                	lw	s1,4(sp)
10003fdc:	0141                	addi	sp,sp,16
10003fde:	8082                	ret
10003fe0:	9a2fd0ef          	jal	10001182 <alarm_pool_get_default>
10003fe4:	842a                	mv	s0,a0
10003fe6:	f10fd0ef          	jal	100016f6 <time_us_64>
10003fea:	3e850793          	addi	a5,a0,1000
10003fee:	00a7b633          	sltu	a2,a5,a0
10003ff2:	80000737          	lui	a4,0x80000
10003ff6:	962e                	add	a2,a2,a1
10003ff8:	177d                	addi	a4,a4,-1 # 7fffffff <__StackTop+0x5ff7dfff>
10003ffa:	85be                	mv	a1,a5
10003ffc:	00c77463          	bgeu	a4,a2,10004004 <low_priority_worker_irq+0xc4>
10004000:	863a                	mv	a2,a4
10004002:	55fd                	li	a1,-1
10004004:	8522                	mv	a0,s0
10004006:	4422                	lw	s0,8(sp)
10004008:	40b2                	lw	ra,12(sp)
1000400a:	100046b7          	lui	a3,0x10004
1000400e:	c9a68693          	addi	a3,a3,-870 # 10003c9a <timer_task>
10004012:	4785                	li	a5,1
10004014:	4701                	li	a4,0
10004016:	0141                	addi	sp,sp,16
10004018:	974fd06f          	j	1000118c <alarm_pool_add_alarm_at>

1000401c <stdio_usb_init>:
1000401c:	1141                	addi	sp,sp,-16
1000401e:	d00007b7          	lui	a5,0xd0000
10004022:	c422                	sw	s0,8(sp)
10004024:	4380                	lw	s0,0(a5)
10004026:	c606                	sw	ra,12(sp)
10004028:	95afd0ef          	jal	10001182 <alarm_pool_get_default>
1000402c:	be2fd0ef          	jal	1000140e <alarm_pool_core_num>
10004030:	00850763          	beq	a0,s0,1000403e <stdio_usb_init+0x22>
10004034:	40b2                	lw	ra,12(sp)
10004036:	4422                	lw	s0,8(sp)
10004038:	4501                	li	a0,0
1000403a:	0141                	addi	sp,sp,16
1000403c:	8082                	ret
1000403e:	1000d7b7          	lui	a5,0x1000d
10004042:	51c7c783          	lbu	a5,1308(a5) # 1000d51c <__bi_ptr204.2>
10004046:	4581                	li	a1,0
10004048:	4501                	li	a0,0
1000404a:	62d010ef          	jal	10005e76 <tusb_rhport_init>
1000404e:	85318513          	addi	a0,gp,-1965 # 20003b84 <stdio_usb_mutex>
10004052:	411c                	lw	a5,0(a0)
10004054:	cbc5                	beqz	a5,10004104 <stdio_usb_init+0xe8>
10004056:	4505                	li	a0,1
10004058:	b37fc0ef          	jal	10000b8e <user_irq_claim_unused>
1000405c:	100045b7          	lui	a1,0x10004
10004060:	87aa                	mv	a5,a0
10004062:	0ff57513          	zext.b	a0,a0
10004066:	f4058593          	addi	a1,a1,-192 # 10003f40 <low_priority_worker_irq>
1000406a:	82f18fa3          	sb	a5,-1985(gp) # 20003b70 <low_priority_irq_num>
1000406e:	ad0fc0ef          	jal	1000033e <irq_set_exclusive_handler>
10004072:	83f1c503          	lbu	a0,-1985(gp) # 20003b70 <low_priority_irq_num>
10004076:	4585                	li	a1,1
10004078:	a4cfc0ef          	jal	100002c4 <irq_set_enabled>
1000407c:	4539                	li	a0,14
1000407e:	aa2fc0ef          	jal	10000320 <irq_has_shared_handler>
10004082:	e125                	bnez	a0,100040e2 <stdio_usb_init+0xc6>
10004084:	84318793          	addi	a5,gp,-1981 # 20003b74 <one_shot_timer_crit_sec>
10004088:	0007a023          	sw	zero,0(a5)
1000408c:	0007a223          	sw	zero,4(a5)
10004090:	8f2fd0ef          	jal	10001182 <alarm_pool_get_default>
10004094:	842a                	mv	s0,a0
10004096:	e60fd0ef          	jal	100016f6 <time_us_64>
1000409a:	3e850793          	addi	a5,a0,1000
1000409e:	00a7b633          	sltu	a2,a5,a0
100040a2:	80000737          	lui	a4,0x80000
100040a6:	962e                	add	a2,a2,a1
100040a8:	177d                	addi	a4,a4,-1 # 7fffffff <__StackTop+0x5ff7dfff>
100040aa:	85be                	mv	a1,a5
100040ac:	00c77463          	bgeu	a4,a2,100040b4 <stdio_usb_init+0x98>
100040b0:	863a                	mv	a2,a4
100040b2:	55fd                	li	a1,-1
100040b4:	100046b7          	lui	a3,0x10004
100040b8:	8522                	mv	a0,s0
100040ba:	c9a68693          	addi	a3,a3,-870 # 10003c9a <timer_task>
100040be:	4785                	li	a5,1
100040c0:	4701                	li	a4,0
100040c2:	8cafd0ef          	jal	1000118c <alarm_pool_add_alarm_at>
100040c6:	f60547e3          	bltz	a0,10004034 <stdio_usb_init+0x18>
100040ca:	20003537          	lui	a0,0x20003
100040ce:	20050513          	addi	a0,a0,512 # 20003200 <stdio_usb>
100040d2:	4585                	li	a1,1
100040d4:	fc4ff0ef          	jal	10003898 <stdio_set_driver_enabled>
100040d8:	40b2                	lw	ra,12(sp)
100040da:	4422                	lw	s0,8(sp)
100040dc:	4505                	li	a0,1
100040de:	0141                	addi	sp,sp,16
100040e0:	8082                	ret
100040e2:	4505                	li	a0,1
100040e4:	96efc0ef          	jal	10000252 <spin_lock_claim_unused>
100040e8:	85aa                	mv	a1,a0
100040ea:	84318513          	addi	a0,gp,-1981 # 20003b74 <one_shot_timer_crit_sec>
100040ee:	b93fc0ef          	jal	10000c80 <critical_section_init_with_lock_num>
100040f2:	100045b7          	lui	a1,0x10004
100040f6:	c9258593          	addi	a1,a1,-878 # 10003c92 <usb_irq>
100040fa:	4601                	li	a2,0
100040fc:	4539                	li	a0,14
100040fe:	ab2fc0ef          	jal	100003b0 <irq_add_shared_handler>
10004102:	b7e1                	j	100040ca <stdio_usb_init+0xae>
10004104:	b33fc0ef          	jal	10000c36 <mutex_init>
10004108:	b7b9                	j	10004056 <stdio_usb_init+0x3a>

1000410a <tud_descriptor_device_cb>:
1000410a:	1000d537          	lui	a0,0x1000d
1000410e:	ebc50513          	addi	a0,a0,-324 # 1000cebc <usbd_desc_device>
10004112:	8082                	ret

10004114 <tud_descriptor_configuration_cb>:
10004114:	1000d537          	lui	a0,0x1000d
10004118:	e6850513          	addi	a0,a0,-408 # 1000ce68 <usbd_desc_cfg>
1000411c:	8082                	ret

1000411e <tud_descriptor_string_cb>:
1000411e:	200047b7          	lui	a5,0x20004
10004122:	b207c683          	lbu	a3,-1248(a5) # 20003b20 <usbd_serial_str>
10004126:	1101                	addi	sp,sp,-32
10004128:	ce06                	sw	ra,28(sp)
1000412a:	872a                	mv	a4,a0
1000412c:	c6a5                	beqz	a3,10004194 <tud_descriptor_string_cb+0x76>
1000412e:	e305                	bnez	a4,1000414e <tud_descriptor_string_cb+0x30>
10004130:	20003537          	lui	a0,0x20003
10004134:	40900793          	li	a5,1033
10004138:	6d850513          	addi	a0,a0,1752 # 200036d8 <desc_str.0>
1000413c:	00f51123          	sh	a5,2(a0)
10004140:	30400793          	li	a5,772
10004144:	00f51023          	sh	a5,0(a0)
10004148:	40f2                	lw	ra,28(sp)
1000414a:	6105                	addi	sp,sp,32
1000414c:	8082                	ret
1000414e:	4795                	li	a5,5
10004150:	04e7ec63          	bltu	a5,a4,100041a8 <tud_descriptor_string_cb+0x8a>
10004154:	1000d7b7          	lui	a5,0x1000d
10004158:	e5078793          	addi	a5,a5,-432 # 1000ce50 <usbd_desc_str>
1000415c:	20003537          	lui	a0,0x20003
10004160:	20f74733          	sh2add	a4,a4,a5
10004164:	6d850513          	addi	a0,a0,1752 # 200036d8 <desc_str.0>
10004168:	4318                	lw	a4,0(a4)
1000416a:	00250613          	addi	a2,a0,2
1000416e:	4781                	li	a5,0
10004170:	45cd                	li	a1,19
10004172:	a039                	j	10004180 <tud_descriptor_string_cb+0x62>
10004174:	00d61023          	sh	a3,0(a2)
10004178:	0705                	addi	a4,a4,1
1000417a:	0609                	addi	a2,a2,2
1000417c:	02b78363          	beq	a5,a1,100041a2 <tud_descriptor_string_cb+0x84>
10004180:	00074683          	lbu	a3,0(a4)
10004184:	0785                	addi	a5,a5,1
10004186:	0ff7f793          	zext.b	a5,a5
1000418a:	f6ed                	bnez	a3,10004174 <tud_descriptor_string_cb+0x56>
1000418c:	0786                	slli	a5,a5,0x1
1000418e:	3007e793          	ori	a5,a5,768
10004192:	bf4d                	j	10004144 <tud_descriptor_string_cb+0x26>
10004194:	c62a                	sw	a0,12(sp)
10004196:	45c5                	li	a1,17
10004198:	b2078513          	addi	a0,a5,-1248
1000419c:	2091                	jal	100041e0 <pico_get_unique_board_id_string>
1000419e:	4732                	lw	a4,12(sp)
100041a0:	b779                	j	1000412e <tud_descriptor_string_cb+0x10>
100041a2:	32800793          	li	a5,808
100041a6:	bf79                	j	10004144 <tud_descriptor_string_cb+0x26>
100041a8:	4501                	li	a0,0
100041aa:	bf79                	j	10004148 <tud_descriptor_string_cb+0x2a>

100041ac <_retrieve_unique_id_on_boot>:
100041ac:	6515                	lui	a0,0x5
100041ae:	7139                	addi	sp,sp,-64
100041b0:	34750513          	addi	a0,a0,839 # 5347 <XIP_RAM_LENGTH+0x1347>
100041b4:	de06                	sw	ra,60(sp)
100041b6:	927fd0ef          	jal	10001adc <rom_func_lookup>
100041ba:	87aa                	mv	a5,a0
100041bc:	4605                	li	a2,1
100041be:	0068                	addi	a0,sp,12
100041c0:	45a5                	li	a1,9
100041c2:	9782                	jalr	a5
100041c4:	47d2                	lw	a5,20(sp)
100041c6:	4762                	lw	a4,24(sp)
100041c8:	85b18613          	addi	a2,gp,-1957 # 20003b8c <retrieved_id>
100041cc:	6987d793          	rev8	a5,a5
100041d0:	c25c                	sw	a5,4(a2)
100041d2:	50f2                	lw	ra,60(sp)
100041d4:	69875713          	rev8	a4,a4
100041d8:	84e1ada3          	sw	a4,-1957(gp) # 20003b8c <retrieved_id>
100041dc:	6121                	addi	sp,sp,64
100041de:	8082                	ret

100041e0 <pico_get_unique_board_id_string>:
100041e0:	4785                	li	a5,1
100041e2:	1af58563          	beq	a1,a5,1000438c <pico_get_unique_board_id_string+0x1ac>
100041e6:	85b18793          	addi	a5,gp,-1957 # 20003b8c <retrieved_id>
100041ea:	0007c703          	lbu	a4,0(a5)
100041ee:	4825                	li	a6,9
100041f0:	15fd                	addi	a1,a1,-1
100041f2:	40475693          	srai	a3,a4,0x4
100041f6:	03068613          	addi	a2,a3,48
100041fa:	18d84c63          	blt	a6,a3,10004392 <pico_get_unique_board_id_string+0x1b2>
100041fe:	00c50023          	sb	a2,0(a0)
10004202:	4685                	li	a3,1
10004204:	1cd58f63          	beq	a1,a3,100043e2 <pico_get_unique_board_id_string+0x202>
10004208:	8b3d                	andi	a4,a4,15
1000420a:	4625                	li	a2,9
1000420c:	03070693          	addi	a3,a4,48
10004210:	18e66463          	bltu	a2,a4,10004398 <pico_get_unique_board_id_string+0x1b8>
10004214:	00d500a3          	sb	a3,1(a0)
10004218:	4709                	li	a4,2
1000421a:	1ce58463          	beq	a1,a4,100043e2 <pico_get_unique_board_id_string+0x202>
1000421e:	0017c703          	lbu	a4,1(a5)
10004222:	4825                	li	a6,9
10004224:	40475693          	srai	a3,a4,0x4
10004228:	03068613          	addi	a2,a3,48
1000422c:	16d84963          	blt	a6,a3,1000439e <pico_get_unique_board_id_string+0x1be>
10004230:	00c50123          	sb	a2,2(a0)
10004234:	468d                	li	a3,3
10004236:	1ad58663          	beq	a1,a3,100043e2 <pico_get_unique_board_id_string+0x202>
1000423a:	8b3d                	andi	a4,a4,15
1000423c:	4625                	li	a2,9
1000423e:	03070693          	addi	a3,a4,48
10004242:	16e66163          	bltu	a2,a4,100043a4 <pico_get_unique_board_id_string+0x1c4>
10004246:	00d501a3          	sb	a3,3(a0)
1000424a:	4711                	li	a4,4
1000424c:	18e58b63          	beq	a1,a4,100043e2 <pico_get_unique_board_id_string+0x202>
10004250:	0027c703          	lbu	a4,2(a5)
10004254:	4825                	li	a6,9
10004256:	40475693          	srai	a3,a4,0x4
1000425a:	03068613          	addi	a2,a3,48
1000425e:	14d84663          	blt	a6,a3,100043aa <pico_get_unique_board_id_string+0x1ca>
10004262:	00c50223          	sb	a2,4(a0)
10004266:	4695                	li	a3,5
10004268:	16d58d63          	beq	a1,a3,100043e2 <pico_get_unique_board_id_string+0x202>
1000426c:	8b3d                	andi	a4,a4,15
1000426e:	4625                	li	a2,9
10004270:	03070693          	addi	a3,a4,48
10004274:	12e66e63          	bltu	a2,a4,100043b0 <pico_get_unique_board_id_string+0x1d0>
10004278:	00d502a3          	sb	a3,5(a0)
1000427c:	4719                	li	a4,6
1000427e:	16e58263          	beq	a1,a4,100043e2 <pico_get_unique_board_id_string+0x202>
10004282:	0037c703          	lbu	a4,3(a5)
10004286:	4825                	li	a6,9
10004288:	40475693          	srai	a3,a4,0x4
1000428c:	03068613          	addi	a2,a3,48
10004290:	12d84363          	blt	a6,a3,100043b6 <pico_get_unique_board_id_string+0x1d6>
10004294:	00c50323          	sb	a2,6(a0)
10004298:	469d                	li	a3,7
1000429a:	14d58463          	beq	a1,a3,100043e2 <pico_get_unique_board_id_string+0x202>
1000429e:	8b3d                	andi	a4,a4,15
100042a0:	4625                	li	a2,9
100042a2:	03070693          	addi	a3,a4,48
100042a6:	10e66b63          	bltu	a2,a4,100043bc <pico_get_unique_board_id_string+0x1dc>
100042aa:	00d503a3          	sb	a3,7(a0)
100042ae:	4721                	li	a4,8
100042b0:	12e58963          	beq	a1,a4,100043e2 <pico_get_unique_board_id_string+0x202>
100042b4:	0047c703          	lbu	a4,4(a5)
100042b8:	4825                	li	a6,9
100042ba:	40475693          	srai	a3,a4,0x4
100042be:	03068613          	addi	a2,a3,48
100042c2:	10d84063          	blt	a6,a3,100043c2 <pico_get_unique_board_id_string+0x1e2>
100042c6:	00c50423          	sb	a2,8(a0)
100042ca:	46a5                	li	a3,9
100042cc:	10d58b63          	beq	a1,a3,100043e2 <pico_get_unique_board_id_string+0x202>
100042d0:	8b3d                	andi	a4,a4,15
100042d2:	03070613          	addi	a2,a4,48
100042d6:	0ee6e963          	bltu	a3,a4,100043c8 <pico_get_unique_board_id_string+0x1e8>
100042da:	00c504a3          	sb	a2,9(a0)
100042de:	4729                	li	a4,10
100042e0:	10e58163          	beq	a1,a4,100043e2 <pico_get_unique_board_id_string+0x202>
100042e4:	0057c703          	lbu	a4,5(a5)
100042e8:	4825                	li	a6,9
100042ea:	40475693          	srai	a3,a4,0x4
100042ee:	03068613          	addi	a2,a3,48
100042f2:	0cd84e63          	blt	a6,a3,100043ce <pico_get_unique_board_id_string+0x1ee>
100042f6:	00c50523          	sb	a2,10(a0)
100042fa:	46ad                	li	a3,11
100042fc:	0ed58363          	beq	a1,a3,100043e2 <pico_get_unique_board_id_string+0x202>
10004300:	8b3d                	andi	a4,a4,15
10004302:	4625                	li	a2,9
10004304:	03070693          	addi	a3,a4,48
10004308:	0ce66663          	bltu	a2,a4,100043d4 <pico_get_unique_board_id_string+0x1f4>
1000430c:	00d505a3          	sb	a3,11(a0)
10004310:	4731                	li	a4,12
10004312:	0ce58863          	beq	a1,a4,100043e2 <pico_get_unique_board_id_string+0x202>
10004316:	0067c703          	lbu	a4,6(a5)
1000431a:	4825                	li	a6,9
1000431c:	40475693          	srai	a3,a4,0x4
10004320:	03068613          	addi	a2,a3,48
10004324:	00d85463          	bge	a6,a3,1000432c <pico_get_unique_board_id_string+0x14c>
10004328:	03768613          	addi	a2,a3,55
1000432c:	00c50623          	sb	a2,12(a0)
10004330:	46b5                	li	a3,13
10004332:	0ad58863          	beq	a1,a3,100043e2 <pico_get_unique_board_id_string+0x202>
10004336:	8b3d                	andi	a4,a4,15
10004338:	4625                	li	a2,9
1000433a:	03070693          	addi	a3,a4,48
1000433e:	00e67463          	bgeu	a2,a4,10004346 <pico_get_unique_board_id_string+0x166>
10004342:	03770693          	addi	a3,a4,55
10004346:	00d506a3          	sb	a3,13(a0)
1000434a:	4739                	li	a4,14
1000434c:	08e58b63          	beq	a1,a4,100043e2 <pico_get_unique_board_id_string+0x202>
10004350:	0077c783          	lbu	a5,7(a5)
10004354:	4625                	li	a2,9
10004356:	4047d713          	srai	a4,a5,0x4
1000435a:	03070693          	addi	a3,a4,48
1000435e:	00e65463          	bge	a2,a4,10004366 <pico_get_unique_board_id_string+0x186>
10004362:	03770693          	addi	a3,a4,55
10004366:	00d50723          	sb	a3,14(a0)
1000436a:	473d                	li	a4,15
1000436c:	06e58b63          	beq	a1,a4,100043e2 <pico_get_unique_board_id_string+0x202>
10004370:	8ff9                	and	a5,a5,a4
10004372:	46a5                	li	a3,9
10004374:	03778713          	addi	a4,a5,55
10004378:	00f6e463          	bltu	a3,a5,10004380 <pico_get_unique_board_id_string+0x1a0>
1000437c:	03078713          	addi	a4,a5,48
10004380:	00e507a3          	sb	a4,15(a0)
10004384:	47c1                	li	a5,16
10004386:	04f58e63          	beq	a1,a5,100043e2 <pico_get_unique_board_id_string+0x202>
1000438a:	0541                	addi	a0,a0,16
1000438c:	00050023          	sb	zero,0(a0)
10004390:	8082                	ret
10004392:	03768613          	addi	a2,a3,55
10004396:	b5a5                	j	100041fe <pico_get_unique_board_id_string+0x1e>
10004398:	03770693          	addi	a3,a4,55
1000439c:	bda5                	j	10004214 <pico_get_unique_board_id_string+0x34>
1000439e:	03768613          	addi	a2,a3,55
100043a2:	b579                	j	10004230 <pico_get_unique_board_id_string+0x50>
100043a4:	03770693          	addi	a3,a4,55
100043a8:	bd79                	j	10004246 <pico_get_unique_board_id_string+0x66>
100043aa:	03768613          	addi	a2,a3,55
100043ae:	bd55                	j	10004262 <pico_get_unique_board_id_string+0x82>
100043b0:	03770693          	addi	a3,a4,55
100043b4:	b5d1                	j	10004278 <pico_get_unique_board_id_string+0x98>
100043b6:	03768613          	addi	a2,a3,55
100043ba:	bde9                	j	10004294 <pico_get_unique_board_id_string+0xb4>
100043bc:	03770693          	addi	a3,a4,55
100043c0:	b5ed                	j	100042aa <pico_get_unique_board_id_string+0xca>
100043c2:	03768613          	addi	a2,a3,55
100043c6:	b701                	j	100042c6 <pico_get_unique_board_id_string+0xe6>
100043c8:	03770613          	addi	a2,a4,55
100043cc:	b739                	j	100042da <pico_get_unique_board_id_string+0xfa>
100043ce:	03768613          	addi	a2,a3,55
100043d2:	b715                	j	100042f6 <pico_get_unique_board_id_string+0x116>
100043d4:	03770693          	addi	a3,a4,55
100043d8:	00d505a3          	sb	a3,11(a0)
100043dc:	4731                	li	a4,12
100043de:	f2e59ce3          	bne	a1,a4,10004316 <pico_get_unique_board_id_string+0x136>
100043e2:	952e                	add	a0,a0,a1
100043e4:	00050023          	sb	zero,0(a0)
100043e8:	8082                	ret

100043ea <usb_reset_interface_init>:
100043ea:	8082                	ret

100043ec <usb_reset_interface_reset>:
100043ec:	860181a3          	sb	zero,-1949(gp) # 20003b94 <itf_num>
100043f0:	8082                	ret

100043f2 <usb_reset_interface_open>:
100043f2:	0055c703          	lbu	a4,5(a1)
100043f6:	0ff00793          	li	a5,255
100043fa:	4501                	li	a0,0
100043fc:	00f71d63          	bne	a4,a5,10004416 <usb_reset_interface_open+0x24>
10004400:	0065c783          	lbu	a5,6(a1)
10004404:	eb89                	bnez	a5,10004416 <usb_reset_interface_open+0x24>
10004406:	0075c783          	lbu	a5,7(a1)
1000440a:	17fd                	addi	a5,a5,-1
1000440c:	e781                	bnez	a5,10004414 <usb_reset_interface_open+0x22>
1000440e:	00963613          	sltiu	a2,a2,9
10004412:	c219                	beqz	a2,10004418 <usb_reset_interface_open+0x26>
10004414:	4501                	li	a0,0
10004416:	8082                	ret
10004418:	0025c703          	lbu	a4,2(a1)
1000441c:	4525                	li	a0,9
1000441e:	86e181a3          	sb	a4,-1949(gp) # 20003b94 <itf_num>
10004422:	8082                	ret

10004424 <usb_reset_interface_xfer_cb>:
10004424:	4505                	li	a0,1
10004426:	8082                	ret

10004428 <usb_reset_interface_control_xfer_cb>:
10004428:	4785                	li	a5,1
1000442a:	00f58463          	beq	a1,a5,10004432 <usb_reset_interface_control_xfer_cb+0xa>
1000442e:	4505                	li	a0,1
10004430:	8082                	ret
10004432:	00564783          	lbu	a5,5(a2)
10004436:	00464683          	lbu	a3,4(a2)
1000443a:	8631c703          	lbu	a4,-1949(gp) # 20003b94 <itf_num>
1000443e:	07a2                	slli	a5,a5,0x8
10004440:	8fd5                	or	a5,a5,a3
10004442:	4501                	li	a0,0
10004444:	00f70363          	beq	a4,a5,1000444a <usb_reset_interface_control_xfer_cb+0x22>
10004448:	8082                	ret
1000444a:	1141                	addi	sp,sp,-16
1000444c:	c606                	sw	ra,12(sp)
1000444e:	00164783          	lbu	a5,1(a2)
10004452:	02b78063          	beq	a5,a1,10004472 <usb_reset_interface_control_xfer_cb+0x4a>
10004456:	4709                	li	a4,2
10004458:	00e78563          	beq	a5,a4,10004462 <usb_reset_interface_control_xfer_cb+0x3a>
1000445c:	40b2                	lw	ra,12(sp)
1000445e:	0141                	addi	sp,sp,16
10004460:	8082                	ret
10004462:	4501                	li	a0,0
10004464:	06400613          	li	a2,100
10004468:	4581                	li	a1,0
1000446a:	dccfd0ef          	jal	10001a36 <watchdog_reboot>
1000446e:	4505                	li	a0,1
10004470:	b7f5                	j	1000445c <usb_reset_interface_control_xfer_cb+0x34>
10004472:	00364583          	lbu	a1,3(a2)
10004476:	00264703          	lbu	a4,2(a2)
1000447a:	05a2                	slli	a1,a1,0x8
1000447c:	1005f793          	andi	a5,a1,256
10004480:	8dd9                	or	a1,a1,a4
10004482:	cb81                	beqz	a5,10004492 <usb_reset_interface_control_xfer_cb+0x6a>
10004484:	4875d613          	bexti	a2,a1,0x7
10004488:	0095d513          	srli	a0,a1,0x9
1000448c:	898d                	andi	a1,a1,3
1000448e:	e5cfd0ef          	jal	10001aea <rom_reset_usb_boot_extra>
10004492:	4601                	li	a2,0
10004494:	557d                	li	a0,-1
10004496:	bfdd                	j	1000448c <usb_reset_interface_control_xfer_cb+0x64>

10004498 <tud_descriptor_bos_cb>:
10004498:	1000d537          	lui	a0,0x1000d
1000449c:	f7850513          	addi	a0,a0,-136 # 1000cf78 <desc_bos>
100044a0:	8082                	ret

100044a2 <tud_vendor_control_xfer_cb>:
100044a2:	4785                	li	a5,1
100044a4:	02f59063          	bne	a1,a5,100044c4 <tud_vendor_control_xfer_cb+0x22>
100044a8:	00164783          	lbu	a5,1(a2)
100044ac:	00b79e63          	bne	a5,a1,100044c8 <tud_vendor_control_xfer_cb+0x26>
100044b0:	00564703          	lbu	a4,5(a2)
100044b4:	00464783          	lbu	a5,4(a2)
100044b8:	469d                	li	a3,7
100044ba:	0722                	slli	a4,a4,0x8
100044bc:	8f5d                	or	a4,a4,a5
100044be:	4781                	li	a5,0
100044c0:	00d70763          	beq	a4,a3,100044ce <tud_vendor_control_xfer_cb+0x2c>
100044c4:	853e                	mv	a0,a5
100044c6:	8082                	ret
100044c8:	4781                	li	a5,0
100044ca:	853e                	mv	a0,a5
100044cc:	8082                	ret
100044ce:	1000d7b7          	lui	a5,0x1000d
100044d2:	85b2                	mv	a1,a2
100044d4:	0a600693          	li	a3,166
100044d8:	ed078613          	addi	a2,a5,-304 # 1000ced0 <desc_ms_os_20>
100044dc:	76d0006f          	j	10005448 <tud_control_xfer>

100044e0 <usbd_app_driver_get_cb>:
100044e0:	4705                	li	a4,1
100044e2:	1000d7b7          	lui	a5,0x1000d
100044e6:	00e50023          	sb	a4,0(a0)
100044ea:	f9c78513          	addi	a0,a5,-100 # 1000cf9c <usb_reset_interface_driver>
100044ee:	8082                	ret

100044f0 <tud_cdc_line_coding_cb>:
100044f0:	0015c683          	lbu	a3,1(a1)
100044f4:	0005c603          	lbu	a2,0(a1)
100044f8:	0025c703          	lbu	a4,2(a1)
100044fc:	0035c783          	lbu	a5,3(a1)
10004500:	06a2                	slli	a3,a3,0x8
10004502:	8ed1                	or	a3,a3,a2
10004504:	0742                	slli	a4,a4,0x10
10004506:	8f55                	or	a4,a4,a3
10004508:	07e2                	slli	a5,a5,0x18
1000450a:	8fd9                	or	a5,a5,a4
1000450c:	4b000713          	li	a4,1200
10004510:	00e78363          	beq	a5,a4,10004516 <tud_cdc_line_coding_cb+0x26>
10004514:	8082                	ret
10004516:	1141                	addi	sp,sp,-16
10004518:	4601                	li	a2,0
1000451a:	4581                	li	a1,0
1000451c:	557d                	li	a0,-1
1000451e:	c606                	sw	ra,12(sp)
10004520:	dcafd0ef          	jal	10001aea <rom_reset_usb_boot_extra>

10004524 <dcd_init>:
10004524:	1141                	addi	sp,sp,-16
10004526:	c606                	sw	ra,12(sp)
10004528:	c422                	sw	s0,8(sp)
1000452a:	2c61                	jal	100047c2 <rp2040_usb_init>
1000452c:	50110437          	lui	s0,0x50110
10004530:	47b1                	li	a5,12
10004532:	200005b7          	lui	a1,0x20000
10004536:	dc3c                	sw	a5,120(s0)
10004538:	33c58593          	addi	a1,a1,828 # 2000033c <dcd_rp2040_irq>
1000453c:	0ff00613          	li	a2,255
10004540:	4539                	li	a0,14
10004542:	e6ffb0ef          	jal	100003b0 <irq_add_shared_handler>
10004546:	200037b7          	lui	a5,0x20003
1000454a:	04000613          	li	a2,64
1000454e:	70078513          	addi	a0,a5,1792 # 20003700 <hw_endpoints>
10004552:	4581                	li	a1,0
10004554:	0fffe097          	auipc	ra,0xfffe
10004558:	608080e7          	jalr	1544(ra) # 20002b5c <memset>
1000455c:	87aa                	mv	a5,a0
1000455e:	4505                	li	a0,1
10004560:	00a780a3          	sb	a0,1(a5)
10004564:	501005b7          	lui	a1,0x50100
10004568:	0805a223          	sw	zero,132(a1) # 50100084 <__StackTop+0x3007e084>
1000456c:	872e                	mv	a4,a1
1000456e:	08000813          	li	a6,128
10004572:	08072023          	sw	zero,128(a4)
10004576:	10070693          	addi	a3,a4,256
1000457a:	04000613          	li	a2,64
1000457e:	9742                	add	a4,a4,a6
10004580:	08458593          	addi	a1,a1,132
10004584:	d798                	sw	a4,40(a5)
10004586:	00c79c23          	sh	a2,24(a5)
1000458a:	0007a223          	sw	zero,4(a5)
1000458e:	020780a3          	sb	zero,33(a5)
10004592:	02c79c23          	sh	a2,56(a5)
10004596:	02078da3          	sb	zero,59(a5)
1000459a:	0207a223          	sw	zero,36(a5)
1000459e:	03079123          	sh	a6,34(a5)
100045a2:	c78c                	sw	a1,8(a5)
100045a4:	c7d4                	sw	a3,12(a5)
100045a6:	d7d4                	sw	a3,44(a5)
100045a8:	0fffc097          	auipc	ra,0xfffc
100045ac:	c38080e7          	jalr	-968(ra) # 200001e0 <reset_non_control_endpoints>
100045b0:	4505                	li	a0,1
100045b2:	c028                	sw	a0,64(s0)
100045b4:	20000737          	lui	a4,0x20000
100045b8:	67f5                	lui	a5,0x1d
100045ba:	c478                	sw	a4,76(s0)
100045bc:	07c1                	addi	a5,a5,16 # 1d010 <XIP_RAM_LENGTH+0x19010>
100045be:	08f42823          	sw	a5,144(s0) # 50110090 <__StackTop+0x3008e090>
100045c2:	40b2                	lw	ra,12(sp)
100045c4:	4422                	lw	s0,8(sp)
100045c6:	501127b7          	lui	a5,0x50112
100045ca:	6741                	lui	a4,0x10
100045cc:	c7f8                	sw	a4,76(a5)
100045ce:	0141                	addi	sp,sp,16
100045d0:	8082                	ret

100045d2 <dcd_int_enable>:
100045d2:	4585                	li	a1,1
100045d4:	4539                	li	a0,14
100045d6:	ceffb06f          	j	100002c4 <irq_set_enabled>

100045da <dcd_set_address>:
100045da:	20003537          	lui	a0,0x20003
100045de:	72050513          	addi	a0,a0,1824 # 20003720 <hw_endpoints+0x20>
100045e2:	4601                	li	a2,0
100045e4:	4581                	li	a1,0
100045e6:	ac31                	j	10004802 <hw_endpoint_xfer_start>

100045e8 <dcd_sof_enable>:
100045e8:	86b18223          	sb	a1,-1948(gp) # 20003b95 <_sof_enable>
100045ec:	c599                	beqz	a1,100045fa <dcd_sof_enable+0x12>
100045ee:	501127b7          	lui	a5,0x50112
100045f2:	00020737          	lui	a4,0x20
100045f6:	08e7a823          	sw	a4,144(a5) # 50112090 <__StackTop+0x30090090>
100045fa:	8082                	ret

100045fc <dcd_edpt0_status_complete>:
100045fc:	0005c783          	lbu	a5,0(a1)
10004600:	07f7f793          	andi	a5,a5,127
10004604:	c391                	beqz	a5,10004608 <dcd_edpt0_status_complete+0xc>
10004606:	8082                	ret
10004608:	0015c703          	lbu	a4,1(a1)
1000460c:	4795                	li	a5,5
1000460e:	fef71ce3          	bne	a4,a5,10004606 <dcd_edpt0_status_complete+0xa>
10004612:	0025c703          	lbu	a4,2(a1)
10004616:	501107b7          	lui	a5,0x50110
1000461a:	c398                	sw	a4,0(a5)
1000461c:	8082                	ret

1000461e <dcd_edpt_open>:
1000461e:	0035c683          	lbu	a3,3(a1)
10004622:	4505                	li	a0,1
10004624:	8a8d                	andi	a3,a3,3
10004626:	0ea68763          	beq	a3,a0,10004714 <dcd_edpt_open+0xf6>
1000462a:	0025c803          	lbu	a6,2(a1)
1000462e:	0055c703          	lbu	a4,5(a1)
10004632:	0045c583          	lbu	a1,4(a1)
10004636:	00785613          	srli	a2,a6,0x7
1000463a:	07f87893          	andi	a7,a6,127
1000463e:	20c8a7b3          	sh1add	a5,a7,a2
10004642:	20003337          	lui	t1,0x20003
10004646:	0722                	slli	a4,a4,0x8
10004648:	8f4d                	or	a4,a4,a1
1000464a:	0796                	slli	a5,a5,0x5
1000464c:	70030313          	addi	t1,t1,1792 # 20003700 <hw_endpoints>
10004650:	979a                	add	a5,a5,t1
10004652:	7ff77713          	andi	a4,a4,2047
10004656:	00a645b3          	xor	a1,a2,a0
1000465a:	01078123          	sb	a6,2(a5) # 50110002 <__StackTop+0x3008e002>
1000465e:	000781a3          	sb	zero,3(a5)
10004662:	00d78da3          	sb	a3,27(a5)
10004666:	00e79c23          	sh	a4,24(a5)
1000466a:	00b780a3          	sb	a1,1(a5)
1000466e:	06a60a63          	beq	a2,a0,100046e2 <dcd_edpt_open+0xc4>
10004672:	501005b7          	lui	a1,0x50100
10004676:	08458593          	addi	a1,a1,132 # 50100084 <__StackTop+0x3007e084>
1000467a:	00689513          	slli	a0,a7,0x6
1000467e:	20b8e5b3          	sh3add	a1,a7,a1
10004682:	951a                	add	a0,a0,t1
10004684:	c50c                	sw	a1,8(a0)
10004686:	0005a023          	sw	zero,0(a1)
1000468a:	06088a63          	beqz	a7,100046fe <dcd_edpt_open+0xe0>
1000468e:	501007b7          	lui	a5,0x50100
10004692:	0791                	addi	a5,a5,4 # 50100004 <__StackTop+0x3007e004>
10004694:	20f8e7b3          	sh3add	a5,a7,a5
10004698:	c15c                	sw	a5,4(a0)
1000469a:	03f70713          	addi	a4,a4,63 # 2003f <XIP_RAM_LENGTH+0x1c03f>
1000469e:	8319                	srli	a4,a4,0x6
100046a0:	4789                	li	a5,2
100046a2:	00771593          	slli	a1,a4,0x7
100046a6:	00f68463          	beq	a3,a5,100046ae <dcd_edpt_open+0x90>
100046aa:	00671593          	slli	a1,a4,0x6
100046ae:	8671a703          	lw	a4,-1945(gp) # 20003b98 <next_buffer_ptr>
100046b2:	20c8a7b3          	sh1add	a5,a7,a2
100046b6:	0796                	slli	a5,a5,0x5
100046b8:	00b70633          	add	a2,a4,a1
100046bc:	979a                	add	a5,a5,t1
100046be:	c7d8                	sw	a4,12(a5)
100046c0:	86c1a3a3          	sw	a2,-1945(gp) # 20003b98 <next_buffer_ptr>
100046c4:	501015b7          	lui	a1,0x50101
100046c8:	06b67163          	bgeu	a2,a1,1000472a <dcd_edpt_open+0x10c>
100046cc:	50100637          	lui	a2,0x50100
100046d0:	43dc                	lw	a5,4(a5)
100046d2:	8f31                	xor	a4,a4,a2
100046d4:	06ea                	slli	a3,a3,0x1a
100046d6:	8ed9                	or	a3,a3,a4
100046d8:	29f69693          	bseti	a3,a3,0x1f
100046dc:	c394                	sw	a3,0(a5)
100046de:	4505                	li	a0,1
100046e0:	8082                	ret
100046e2:	501007b7          	lui	a5,0x50100
100046e6:	08078793          	addi	a5,a5,128 # 50100080 <__StackTop+0x3007e080>
100046ea:	00689593          	slli	a1,a7,0x6
100046ee:	20f8e7b3          	sh3add	a5,a7,a5
100046f2:	959a                	add	a1,a1,t1
100046f4:	d59c                	sw	a5,40(a1)
100046f6:	0007a023          	sw	zero,0(a5)
100046fa:	00089f63          	bnez	a7,10004718 <dcd_edpt_open+0xfa>
100046fe:	0616                	slli	a2,a2,0x5
10004700:	501007b7          	lui	a5,0x50100
10004704:	961a                	add	a2,a2,t1
10004706:	10078793          	addi	a5,a5,256 # 50100100 <__StackTop+0x3007e100>
1000470a:	00062223          	sw	zero,4(a2) # 50100004 <__StackTop+0x3007e004>
1000470e:	c65c                	sw	a5,12(a2)
10004710:	4505                	li	a0,1
10004712:	8082                	ret
10004714:	4501                	li	a0,0
10004716:	8082                	ret
10004718:	50100537          	lui	a0,0x50100
1000471c:	0521                	addi	a0,a0,8 # 50100008 <__StackTop+0x3007e008>
1000471e:	fff88793          	addi	a5,a7,-1
10004722:	20a7e7b3          	sh3add	a5,a5,a0
10004726:	d1dc                	sw	a5,36(a1)
10004728:	bf8d                	j	1000469a <dcd_edpt_open+0x7c>
1000472a:	1141                	addi	sp,sp,-16
1000472c:	c606                	sw	ra,12(sp)
1000472e:	c52fd0ef          	jal	10001b80 <hard_assertion_failure>

10004732 <dcd_edpt_close_all>:
10004732:	0fffc317          	auipc	t1,0xfffc
10004736:	aae30067          	jr	-1362(t1) # 200001e0 <reset_non_control_endpoints>

1000473a <dcd_edpt_xfer>:
1000473a:	07f5f793          	andi	a5,a1,127
1000473e:	819d                	srli	a1,a1,0x7
10004740:	20b7a7b3          	sh1add	a5,a5,a1
10004744:	20003537          	lui	a0,0x20003
10004748:	0796                	slli	a5,a5,0x5
1000474a:	70050513          	addi	a0,a0,1792 # 20003700 <hw_endpoints>
1000474e:	1141                	addi	sp,sp,-16
10004750:	85b2                	mv	a1,a2
10004752:	953e                	add	a0,a0,a5
10004754:	8636                	mv	a2,a3
10004756:	c606                	sw	ra,12(sp)
10004758:	206d                	jal	10004802 <hw_endpoint_xfer_start>
1000475a:	40b2                	lw	ra,12(sp)
1000475c:	4505                	li	a0,1
1000475e:	0141                	addi	sp,sp,16
10004760:	8082                	ret

10004762 <dcd_edpt_stall>:
10004762:	07f5f513          	andi	a0,a1,127
10004766:	e519                	bnez	a0,10004774 <dcd_edpt_stall+0x12>
10004768:	0015b793          	seqz	a5,a1
1000476c:	0785                	addi	a5,a5,1
1000476e:	50112737          	lui	a4,0x50112
10004772:	d73c                	sw	a5,104(a4)
10004774:	819d                	srli	a1,a1,0x7
10004776:	20b52533          	sh1add	a0,a0,a1
1000477a:	200037b7          	lui	a5,0x20003
1000477e:	0516                	slli	a0,a0,0x5
10004780:	70078793          	addi	a5,a5,1792 # 20003700 <hw_endpoints>
10004784:	953e                	add	a0,a0,a5
10004786:	28b01613          	bseti	a2,zero,0xb
1000478a:	4581                	li	a1,0
1000478c:	0fffc317          	auipc	t1,0xfffc
10004790:	36430067          	jr	868(t1) # 20000af0 <_hw_endpoint_buffer_control_update32>

10004794 <dcd_edpt_clear_stall>:
10004794:	07f5f793          	andi	a5,a1,127
10004798:	e391                	bnez	a5,1000479c <dcd_edpt_clear_stall+0x8>
1000479a:	8082                	ret
1000479c:	819d                	srli	a1,a1,0x7
1000479e:	20b7a7b3          	sh1add	a5,a5,a1
100047a2:	20003537          	lui	a0,0x20003
100047a6:	0796                	slli	a5,a5,0x5
100047a8:	70050513          	addi	a0,a0,1792 # 20003700 <hw_endpoints>
100047ac:	75fd                	lui	a1,0xfffff
100047ae:	953e                	add	a0,a0,a5
100047b0:	7ff58593          	addi	a1,a1,2047 # fffff7ff <__StackTop+0xdff7d7ff>
100047b4:	4601                	li	a2,0
100047b6:	000501a3          	sb	zero,3(a0)
100047ba:	0fffc317          	auipc	t1,0xfffc
100047be:	33630067          	jr	822(t1) # 20000af0 <_hw_endpoint_buffer_control_update32>

100047c2 <rp2040_usb_init>:
100047c2:	1141                	addi	sp,sp,-16
100047c4:	c606                	sw	ra,12(sp)
100047c6:	400227b7          	lui	a5,0x40022
100047ca:	100006b7          	lui	a3,0x10000
100047ce:	c394                	sw	a3,0(a5)
100047d0:	40020737          	lui	a4,0x40020
100047d4:	400237b7          	lui	a5,0x40023
100047d8:	c394                	sw	a3,0(a5)
100047da:	0721                	addi	a4,a4,8 # 40020008 <__StackTop+0x1ff9e008>
100047dc:	431c                	lw	a5,0(a4)
100047de:	40f6f7b3          	andn	a5,a3,a5
100047e2:	ffed                	bnez	a5,100047dc <rp2040_usb_init+0x1a>
100047e4:	6605                	lui	a2,0x1
100047e6:	4581                	li	a1,0
100047e8:	50100537          	lui	a0,0x50100
100047ec:	0fffe097          	auipc	ra,0xfffe
100047f0:	370080e7          	jalr	880(ra) # 20002b5c <memset>
100047f4:	40b2                	lw	ra,12(sp)
100047f6:	501107b7          	lui	a5,0x50110
100047fa:	4725                	li	a4,9
100047fc:	dbf8                	sw	a4,116(a5)
100047fe:	0141                	addi	sp,sp,16
10004800:	8082                	ret

10004802 <hw_endpoint_xfer_start>:
10004802:	1141                	addi	sp,sp,-16
10004804:	c422                	sw	s0,8(sp)
10004806:	c606                	sw	ra,12(sp)
10004808:	4785                	li	a5,1
1000480a:	00c51a23          	sh	a2,20(a0) # 50100014 <__StackTop+0x3007e014>
1000480e:	00051b23          	sh	zero,22(a0)
10004812:	c90c                	sw	a1,16(a0)
10004814:	00f50d23          	sb	a5,26(a0)
10004818:	842a                	mv	s0,a0
1000481a:	0fffc097          	auipc	ra,0xfffc
1000481e:	27c080e7          	jalr	636(ra) # 20000a96 <e15_is_bulkin_ep>
10004822:	c519                	beqz	a0,10004830 <hw_endpoint_xfer_start+0x2e>
10004824:	501127b7          	lui	a5,0x50112
10004828:	00020737          	lui	a4,0x20
1000482c:	08e7a823          	sw	a4,144(a5) # 50112090 <__StackTop+0x30090090>
10004830:	8522                	mv	a0,s0
10004832:	0fffc097          	auipc	ra,0xfffc
10004836:	28e080e7          	jalr	654(ra) # 20000ac0 <e15_is_critical_frame_period>
1000483a:	c901                	beqz	a0,1000484a <hw_endpoint_xfer_start+0x48>
1000483c:	4785                	li	a5,1
1000483e:	00f40e23          	sb	a5,28(s0)
10004842:	40b2                	lw	ra,12(sp)
10004844:	4422                	lw	s0,8(sp)
10004846:	0141                	addi	sp,sp,16
10004848:	8082                	ret
1000484a:	8522                	mv	a0,s0
1000484c:	4422                	lw	s0,8(sp)
1000484e:	40b2                	lw	ra,12(sp)
10004850:	0141                	addi	sp,sp,16
10004852:	0fffc317          	auipc	t1,0xfffc
10004856:	2f230067          	jr	754(t1) # 20000b44 <hw_endpoint_start_next_buffer>

1000485a <tud_event_hook_cb>:
1000485a:	8082                	ret

1000485c <tud_sof_cb>:
1000485c:	8082                	ret

1000485e <tud_descriptor_device_qualifier_cb>:
1000485e:	4501                	li	a0,0
10004860:	8082                	ret

10004862 <tud_descriptor_other_speed_configuration_cb>:
10004862:	4501                	li	a0,0
10004864:	8082                	ret

10004866 <tud_mount_cb>:
10004866:	8082                	ret

10004868 <tud_umount_cb>:
10004868:	8082                	ret

1000486a <tud_suspend_cb>:
1000486a:	8082                	ret

1000486c <tud_resume_cb>:
1000486c:	8082                	ret

1000486e <tud_mounted>:
1000486e:	200037b7          	lui	a5,0x20003
10004872:	59c78793          	addi	a5,a5,1436 # 2000359c <_usbd_dev>
10004876:	0017c503          	lbu	a0,1(a5)
1000487a:	00a03533          	snez	a0,a0
1000487e:	8082                	ret

10004880 <tud_suspended>:
10004880:	200037b7          	lui	a5,0x20003
10004884:	59c78793          	addi	a5,a5,1436 # 2000359c <_usbd_dev>
10004888:	4388                	lw	a0,0(a5)
1000488a:	48255513          	bexti	a0,a0,0x2
1000488e:	8082                	ret

10004890 <tud_rhport_init>:
10004890:	1101                	addi	sp,sp,-32
10004892:	c452                	sw	s4,8(sp)
10004894:	20003a37          	lui	s4,0x20003
10004898:	240a4703          	lbu	a4,576(s4) # 20003240 <_usbd_rhport>
1000489c:	ce06                	sw	ra,28(sp)
1000489e:	0ff00793          	li	a5,255
100048a2:	0ef71563          	bne	a4,a5,1000498c <tud_rhport_init+0xfc>
100048a6:	0e058863          	beqz	a1,10004996 <tud_rhport_init+0x106>
100048aa:	c256                	sw	s5,4(sp)
100048ac:	8aaa                	mv	s5,a0
100048ae:	20003537          	lui	a0,0x20003
100048b2:	05400613          	li	a2,84
100048b6:	c05a                	sw	s6,0(sp)
100048b8:	59c50513          	addi	a0,a0,1436 # 2000359c <_usbd_dev>
100048bc:	8b2e                	mv	s6,a1
100048be:	4581                	li	a1,0
100048c0:	cc22                	sw	s0,24(sp)
100048c2:	ca26                	sw	s1,20(sp)
100048c4:	c84a                	sw	s2,16(sp)
100048c6:	c64e                	sw	s3,12(sp)
100048c8:	0fffe097          	auipc	ra,0xfffe
100048cc:	294080e7          	jalr	660(ra) # 20002b5c <memset>
100048d0:	87318513          	addi	a0,gp,-1933 # 20003ba4 <_ubsd_mutexdef>
100048d4:	880183a3          	sb	zero,-1913(gp) # 20003bb8 <_usbd_queued_setup>
100048d8:	b5efc0ef          	jal	10000c36 <mutex_init>
100048dc:	20003537          	lui	a0,0x20003
100048e0:	87318413          	addi	s0,gp,-1933 # 20003ba4 <_ubsd_mutexdef>
100048e4:	22c50513          	addi	a0,a0,556 # 2000322c <_usbd_qdef+0x14>
100048e8:	8681a7a3          	sw	s0,-1937(gp) # 20003ba0 <_usbd_mutex>
100048ec:	b6efc0ef          	jal	10000c5a <critical_section_init>
100048f0:	20003437          	lui	s0,0x20003
100048f4:	21840513          	addi	a0,s0,536 # 20003218 <_usbd_qdef>
100048f8:	52f010ef          	jal	10006626 <tu_fifo_clear>
100048fc:	21840413          	addi	s0,s0,536
10004900:	100047b7          	lui	a5,0x10004
10004904:	8681ada3          	sw	s0,-1925(gp) # 20003bac <_usbd_q>
10004908:	4e078793          	addi	a5,a5,1248 # 100044e0 <usbd_app_driver_get_cb>
1000490c:	c791                	beqz	a5,10004918 <tud_rhport_init+0x88>
1000490e:	87f18513          	addi	a0,gp,-1921 # 20003bb0 <_app_driver_count>
10004912:	36f9                	jal	100044e0 <usbd_app_driver_get_cb>
10004914:	88a1a1a3          	sw	a0,-1917(gp) # 20003bb4 <_app_driver>
10004918:	1000d937          	lui	s2,0x1000d
1000491c:	87f1c703          	lbu	a4,-1921(gp) # 20003bb0 <_app_driver_count>
10004920:	06490913          	addi	s2,s2,100 # 1000d064 <_usbd_driver>
10004924:	4401                	li	s0,0
10004926:	a839                	j	10004944 <tud_rhport_init+0xb4>
10004928:	8831a783          	lw	a5,-1917(gp) # 20003bb4 <_app_driver>
1000492c:	97b6                	add	a5,a5,a3
1000492e:	c78d                	beqz	a5,10004958 <tud_rhport_init+0xc8>
10004930:	43dc                	lw	a5,4(a5)
10004932:	c39d                	beqz	a5,10004958 <tud_rhport_init+0xc8>
10004934:	9782                	jalr	a5
10004936:	87f1c703          	lbu	a4,-1921(gp) # 20003bb0 <_app_driver_count>
1000493a:	0405                	addi	s0,s0,1
1000493c:	0ff47413          	zext.b	s0,s0
10004940:	02876863          	bltu	a4,s0,10004970 <tud_rhport_init+0xe0>
10004944:	40e407b3          	sub	a5,s0,a4
10004948:	00541693          	slli	a3,s0,0x5
1000494c:	0796                	slli	a5,a5,0x5
1000494e:	fce46de3          	bltu	s0,a4,10004928 <tud_rhport_init+0x98>
10004952:	97ca                	add	a5,a5,s2
10004954:	43dc                	lw	a5,4(a5)
10004956:	fff9                	bnez	a5,10004934 <tud_rhport_init+0xa4>
10004958:	9002                	ebreak
1000495a:	4462                	lw	s0,24(sp)
1000495c:	44d2                	lw	s1,20(sp)
1000495e:	4942                	lw	s2,16(sp)
10004960:	49b2                	lw	s3,12(sp)
10004962:	4a92                	lw	s5,4(sp)
10004964:	4b02                	lw	s6,0(sp)
10004966:	4501                	li	a0,0
10004968:	40f2                	lw	ra,28(sp)
1000496a:	4a22                	lw	s4,8(sp)
1000496c:	6105                	addi	sp,sp,32
1000496e:	8082                	ret
10004970:	85da                	mv	a1,s6
10004972:	8556                	mv	a0,s5
10004974:	255a0023          	sb	s5,576(s4)
10004978:	3675                	jal	10004524 <dcd_init>
1000497a:	dd79                	beqz	a0,10004958 <tud_rhport_init+0xc8>
1000497c:	8556                	mv	a0,s5
1000497e:	3991                	jal	100045d2 <dcd_int_enable>
10004980:	4462                	lw	s0,24(sp)
10004982:	44d2                	lw	s1,20(sp)
10004984:	4942                	lw	s2,16(sp)
10004986:	49b2                	lw	s3,12(sp)
10004988:	4a92                	lw	s5,4(sp)
1000498a:	4b02                	lw	s6,0(sp)
1000498c:	40f2                	lw	ra,28(sp)
1000498e:	4a22                	lw	s4,8(sp)
10004990:	4505                	li	a0,1
10004992:	6105                	addi	sp,sp,32
10004994:	8082                	ret
10004996:	9002                	ebreak
10004998:	4501                	li	a0,0
1000499a:	b7f9                	j	10004968 <tud_rhport_init+0xd8>

1000499c <tud_task_ext>:
1000499c:	7159                	addi	sp,sp,-112
1000499e:	c6de                	sw	s7,76(sp)
100049a0:	20003bb7          	lui	s7,0x20003
100049a4:	240bc703          	lbu	a4,576(s7) # 20003240 <_usbd_rhport>
100049a8:	d686                	sw	ra,108(sp)
100049aa:	0ff00793          	li	a5,255
100049ae:	2cf70363          	beq	a4,a5,10004c74 <tud_task_ext+0x2d8>
100049b2:	d2a6                	sw	s1,100(sp)
100049b4:	cece                	sw	s3,92(sp)
100049b6:	cad6                	sw	s5,84(sp)
100049b8:	1000d9b7          	lui	s3,0x1000d
100049bc:	20003ab7          	lui	s5,0x20003
100049c0:	1000d4b7          	lui	s1,0x1000d
100049c4:	ccd2                	sw	s4,88(sp)
100049c6:	d4a2                	sw	s0,104(sp)
100049c8:	d0ca                	sw	s2,96(sp)
100049ca:	c8da                	sw	s6,80(sp)
100049cc:	c4e2                	sw	s8,72(sp)
100049ce:	c2e6                	sw	s9,68(sp)
100049d0:	fbc98993          	addi	s3,s3,-68 # 1000cfbc <usb_reset_interface_driver+0x20>
100049d4:	59ca8a93          	addi	s5,s5,1436 # 2000359c <_usbd_dev>
100049d8:	06448493          	addi	s1,s1,100 # 1000d064 <_usbd_driver>
100049dc:	87b1a403          	lw	s0,-1925(gp) # 20003bac <_usbd_q>
100049e0:	485c                	lw	a5,20(s0)
100049e2:	30047773          	csrrci	a4,mstatus,8
100049e6:	00379693          	slli	a3,a5,0x3
100049ea:	28d016b3          	bset	a3,zero,a3
100049ee:	9bf1                	andi	a5,a5,-4
100049f0:	44d7a62f          	amoor.w.aq	a2,a3,(a5)
100049f4:	8e75                	and	a2,a2,a3
100049f6:	fe6d                	bnez	a2,100049f0 <tud_task_ext+0x54>
100049f8:	0330000f          	fence	rw,rw
100049fc:	cc18                	sw	a4,24(s0)
100049fe:	104c                	addi	a1,sp,36
10004a00:	8522                	mv	a0,s0
10004a02:	728010ef          	jal	1000612a <tu_fifo_read>
10004a06:	4858                	lw	a4,20(s0)
10004a08:	4c1c                	lw	a5,24(s0)
10004a0a:	0330000f          	fence	rw,rw
10004a0e:	00070023          	sb	zero,0(a4) # 20000 <XIP_RAM_LENGTH+0x1c000>
10004a12:	8ba1                	andi	a5,a5,8
10004a14:	3007a073          	csrs	mstatus,a5
10004a18:	24050563          	beqz	a0,10004c62 <tud_task_ext+0x2c6>
10004a1c:	02514783          	lbu	a5,37(sp)
10004a20:	4721                	li	a4,8
10004a22:	22f76b63          	bltu	a4,a5,10004c58 <tud_task_ext+0x2bc>
10004a26:	2137c7b3          	sh2add	a5,a5,s3
10004a2a:	439c                	lw	a5,0(a5)
10004a2c:	8782                	jr	a5
10004a2e:	57a2                	lw	a5,40(sp)
10004a30:	d7d5                	beqz	a5,100049dc <tud_task_ext+0x40>
10004a32:	5532                	lw	a0,44(sp)
10004a34:	9782                	jalr	a5
10004a36:	b75d                	j	100049dc <tud_task_ext+0x40>
10004a38:	02814583          	lbu	a1,40(sp)
10004a3c:	07f5f693          	andi	a3,a1,127
10004a40:	0075d713          	srli	a4,a1,0x7
10004a44:	2156a7b3          	sh1add	a5,a3,s5
10004a48:	97ba                	add	a5,a5,a4
10004a4a:	0347c703          	lbu	a4,52(a5)
10004a4e:	9b79                	andi	a4,a4,-2
10004a50:	02e78a23          	sb	a4,52(a5)
10004a54:	0347c703          	lbu	a4,52(a5)
10004a58:	9b6d                	andi	a4,a4,-5
10004a5a:	02e78a23          	sb	a4,52(a5)
10004a5e:	20068f63          	beqz	a3,10004c7c <tud_task_ext+0x2e0>
10004a62:	0147c783          	lbu	a5,20(a5)
10004a66:	87f1c703          	lbu	a4,-1921(gp) # 20003bb0 <_app_driver_count>
10004a6a:	1ee7f963          	bgeu	a5,a4,10004c5c <tud_task_ext+0x2c0>
10004a6e:	8831a703          	lw	a4,-1917(gp) # 20003bb4 <_app_driver>
10004a72:	0796                	slli	a5,a5,0x5
10004a74:	97ba                	add	a5,a5,a4
10004a76:	1e078563          	beqz	a5,10004c60 <tud_task_ext+0x2c4>
10004a7a:	4f9c                	lw	a5,24(a5)
10004a7c:	56b2                	lw	a3,44(sp)
10004a7e:	02914603          	lbu	a2,41(sp)
10004a82:	02414503          	lbu	a0,36(sp)
10004a86:	9782                	jalr	a5
10004a88:	bf91                	j	100049dc <tud_task_ext+0x40>
10004a8a:	8871c703          	lbu	a4,-1913(gp) # 20003bb8 <_usbd_queued_setup>
10004a8e:	1c070963          	beqz	a4,10004c60 <tud_task_ext+0x2c4>
10004a92:	8871c703          	lbu	a4,-1913(gp) # 20003bb8 <_usbd_queued_setup>
10004a96:	177d                	addi	a4,a4,-1
10004a98:	88e183a3          	sb	a4,-1913(gp) # 20003bb8 <_usbd_queued_setup>
10004a9c:	8871c783          	lbu	a5,-1913(gp) # 20003bb8 <_usbd_queued_setup>
10004aa0:	ff95                	bnez	a5,100049dc <tud_task_ext+0x40>
10004aa2:	20003b37          	lui	s6,0x20003
10004aa6:	59cb0c93          	addi	s9,s6,1436 # 2000359c <_usbd_dev>
10004aaa:	000cc783          	lbu	a5,0(s9)
10004aae:	4501                	li	a0,0
10004ab0:	02414903          	lbu	s2,36(sp)
10004ab4:	0017e793          	ori	a5,a5,1
10004ab8:	00fc8023          	sb	a5,0(s9)
10004abc:	034cc783          	lbu	a5,52(s9)
10004ac0:	9bf9                	andi	a5,a5,-2
10004ac2:	02fc8a23          	sb	a5,52(s9)
10004ac6:	034cc783          	lbu	a5,52(s9)
10004aca:	9bed                	andi	a5,a5,-5
10004acc:	02fc8a23          	sb	a5,52(s9)
10004ad0:	035cc783          	lbu	a5,53(s9)
10004ad4:	9bf9                	andi	a5,a5,-2
10004ad6:	02fc8aa3          	sb	a5,53(s9)
10004ada:	035cc783          	lbu	a5,53(s9)
10004ade:	9bed                	andi	a5,a5,-5
10004ae0:	02fc8aa3          	sb	a5,53(s9)
10004ae4:	26f000ef          	jal	10005552 <usbd_control_set_complete_callback>
10004ae8:	02814783          	lbu	a5,40(sp)
10004aec:	06000713          	li	a4,96
10004af0:	8ff9                	and	a5,a5,a4
10004af2:	02e78063          	beq	a5,a4,10004b12 <tud_task_ext+0x176>
10004af6:	04000713          	li	a4,64
10004afa:	1ce78963          	beq	a5,a4,10004ccc <tud_task_ext+0x330>
10004afe:	5722                	lw	a4,40(sp)
10004b00:	4685                	li	a3,1
10004b02:	8b7d                	andi	a4,a4,31
10004b04:	22d70a63          	beq	a4,a3,10004d38 <tud_task_ext+0x39c>
10004b08:	4689                	li	a3,2
10004b0a:	1cd70f63          	beq	a4,a3,10004ce8 <tud_task_ext+0x34c>
10004b0e:	18070c63          	beqz	a4,10004ca6 <tud_task_ext+0x30a>
10004b12:	9002                	ebreak
10004b14:	02414503          	lbu	a0,36(sp)
10004b18:	4581                	li	a1,0
10004b1a:	31a1                	jal	10004762 <dcd_edpt_stall>
10004b1c:	02414503          	lbu	a0,36(sp)
10004b20:	08000593          	li	a1,128
10004b24:	393d                	jal	10004762 <dcd_edpt_stall>
10004b26:	bd5d                	j	100049dc <tud_task_ext+0x40>
10004b28:	000aa783          	lw	a5,0(s5)
10004b2c:	8b85                	andi	a5,a5,1
10004b2e:	ea0787e3          	beqz	a5,100049dc <tud_task_ext+0x40>
10004b32:	3b2d                	jal	1000486c <tud_resume_cb>
10004b34:	b565                	j	100049dc <tud_task_ext+0x40>
10004b36:	87f1c783          	lbu	a5,-1921(gp) # 20003bb0 <_app_driver_count>
10004b3a:	02414903          	lbu	s2,36(sp)
10004b3e:	4c01                	li	s8,0
10004b40:	10fc7763          	bgeu	s8,a5,10004c4e <tud_task_ext+0x2b2>
10004b44:	8831a783          	lw	a5,-1917(gp) # 20003bb4 <_app_driver>
10004b48:	005c1713          	slli	a4,s8,0x5
10004b4c:	97ba                	add	a5,a5,a4
10004b4e:	12078f63          	beqz	a5,10004c8c <tud_task_ext+0x2f0>
10004b52:	47dc                	lw	a5,12(a5)
10004b54:	854a                	mv	a0,s2
10004b56:	0c05                	addi	s8,s8,1
10004b58:	9782                	jalr	a5
10004b5a:	87f1c783          	lbu	a5,-1921(gp) # 20003bb0 <_app_driver_count>
10004b5e:	0ffc7c13          	zext.b	s8,s8
10004b62:	fd87ffe3          	bgeu	a5,s8,10004b40 <tud_task_ext+0x1a4>
10004b66:	05400613          	li	a2,84
10004b6a:	4581                	li	a1,0
10004b6c:	8556                	mv	a0,s5
10004b6e:	0fffe097          	auipc	ra,0xfffe
10004b72:	fee080e7          	jalr	-18(ra) # 20002b5c <memset>
10004b76:	200036b7          	lui	a3,0x20003
10004b7a:	57fd                	li	a5,-1
10004b7c:	5a068693          	addi	a3,a3,1440 # 200035a0 <_usbd_dev+0x4>
10004b80:	20003737          	lui	a4,0x20003
10004b84:	5b070713          	addi	a4,a4,1456 # 200035b0 <_usbd_dev+0x14>
10004b88:	c6dc                	sw	a5,12(a3)
10004b8a:	c69c                	sw	a5,8(a3)
10004b8c:	c2dc                	sw	a5,4(a3)
10004b8e:	8cd6                	mv	s9,s5
10004b90:	c29c                	sw	a5,0(a3)
10004b92:	c31c                	sw	a5,0(a4)
10004b94:	c35c                	sw	a5,4(a4)
10004b96:	c71c                	sw	a5,8(a4)
10004b98:	c75c                	sw	a5,12(a4)
10004b9a:	cb1c                	sw	a5,16(a4)
10004b9c:	cb5c                	sw	a5,20(a4)
10004b9e:	cf1c                	sw	a5,24(a4)
10004ba0:	cf5c                	sw	a5,28(a4)
10004ba2:	193000ef          	jal	10005534 <usbd_control_reset>
10004ba6:	57a2                	lw	a5,40(sp)
10004ba8:	00fc8123          	sb	a5,2(s9)
10004bac:	bd05                	j	100049dc <tud_task_ext+0x40>
10004bae:	003ac783          	lbu	a5,3(s5)
10004bb2:	8b85                	andi	a5,a5,1
10004bb4:	e20784e3          	beqz	a5,100049dc <tud_task_ext+0x40>
10004bb8:	5522                	lw	a0,40(sp)
10004bba:	314d                	jal	1000485c <tud_sof_cb>
10004bbc:	b505                	j	100049dc <tud_task_ext+0x40>
10004bbe:	000aa783          	lw	a5,0(s5)
10004bc2:	8b85                	andi	a5,a5,1
10004bc4:	e0078ce3          	beqz	a5,100049dc <tud_task_ext+0x40>
10004bc8:	000aa503          	lw	a0,0(s5)
10004bcc:	48355513          	bexti	a0,a0,0x3
10004bd0:	3969                	jal	1000486a <tud_suspend_cb>
10004bd2:	b529                	j	100049dc <tud_task_ext+0x40>
10004bd4:	87f1c783          	lbu	a5,-1921(gp) # 20003bb0 <_app_driver_count>
10004bd8:	02414903          	lbu	s2,36(sp)
10004bdc:	4c01                	li	s8,0
10004bde:	06fc7363          	bgeu	s8,a5,10004c44 <tud_task_ext+0x2a8>
10004be2:	8831a783          	lw	a5,-1917(gp) # 20003bb4 <_app_driver>
10004be6:	005c1713          	slli	a4,s8,0x5
10004bea:	97ba                	add	a5,a5,a4
10004bec:	c7d5                	beqz	a5,10004c98 <tud_task_ext+0x2fc>
10004bee:	47dc                	lw	a5,12(a5)
10004bf0:	854a                	mv	a0,s2
10004bf2:	0c05                	addi	s8,s8,1
10004bf4:	9782                	jalr	a5
10004bf6:	87f1c783          	lbu	a5,-1921(gp) # 20003bb0 <_app_driver_count>
10004bfa:	0ffc7c13          	zext.b	s8,s8
10004bfe:	ff87f0e3          	bgeu	a5,s8,10004bde <tud_task_ext+0x242>
10004c02:	05400613          	li	a2,84
10004c06:	4581                	li	a1,0
10004c08:	8556                	mv	a0,s5
10004c0a:	0fffe097          	auipc	ra,0xfffe
10004c0e:	f52080e7          	jalr	-174(ra) # 20002b5c <memset>
10004c12:	200036b7          	lui	a3,0x20003
10004c16:	57fd                	li	a5,-1
10004c18:	5a068693          	addi	a3,a3,1440 # 200035a0 <_usbd_dev+0x4>
10004c1c:	20003737          	lui	a4,0x20003
10004c20:	5b070713          	addi	a4,a4,1456 # 200035b0 <_usbd_dev+0x14>
10004c24:	c6dc                	sw	a5,12(a3)
10004c26:	c69c                	sw	a5,8(a3)
10004c28:	c2dc                	sw	a5,4(a3)
10004c2a:	c29c                	sw	a5,0(a3)
10004c2c:	c31c                	sw	a5,0(a4)
10004c2e:	c35c                	sw	a5,4(a4)
10004c30:	c71c                	sw	a5,8(a4)
10004c32:	c75c                	sw	a5,12(a4)
10004c34:	cb1c                	sw	a5,16(a4)
10004c36:	cb5c                	sw	a5,20(a4)
10004c38:	cf1c                	sw	a5,24(a4)
10004c3a:	cf5c                	sw	a5,28(a4)
10004c3c:	0f9000ef          	jal	10005534 <usbd_control_reset>
10004c40:	3125                	jal	10004868 <tud_umount_cb>
10004c42:	bb69                	j	100049dc <tud_task_ext+0x40>
10004c44:	40fc07b3          	sub	a5,s8,a5
10004c48:	0796                	slli	a5,a5,0x5
10004c4a:	97a6                	add	a5,a5,s1
10004c4c:	b74d                	j	10004bee <tud_task_ext+0x252>
10004c4e:	40fc07b3          	sub	a5,s8,a5
10004c52:	0796                	slli	a5,a5,0x5
10004c54:	97a6                	add	a5,a5,s1
10004c56:	bdf5                	j	10004b52 <tud_task_ext+0x1b6>
10004c58:	9002                	ebreak
10004c5a:	b349                	j	100049dc <tud_task_ext+0x40>
10004c5c:	04e78063          	beq	a5,a4,10004c9c <tud_task_ext+0x300>
10004c60:	9002                	ebreak
10004c62:	5426                	lw	s0,104(sp)
10004c64:	5496                	lw	s1,100(sp)
10004c66:	5906                	lw	s2,96(sp)
10004c68:	49f6                	lw	s3,92(sp)
10004c6a:	4a66                	lw	s4,88(sp)
10004c6c:	4ad6                	lw	s5,84(sp)
10004c6e:	4b46                	lw	s6,80(sp)
10004c70:	4c26                	lw	s8,72(sp)
10004c72:	4c96                	lw	s9,68(sp)
10004c74:	50b6                	lw	ra,108(sp)
10004c76:	4bb6                	lw	s7,76(sp)
10004c78:	6165                	addi	sp,sp,112
10004c7a:	8082                	ret
10004c7c:	56b2                	lw	a3,44(sp)
10004c7e:	02914603          	lbu	a2,41(sp)
10004c82:	02414503          	lbu	a0,36(sp)
10004c86:	129000ef          	jal	100055ae <usbd_control_xfer_cb>
10004c8a:	bb89                	j	100049dc <tud_task_ext+0x40>
10004c8c:	9002                	ebreak
10004c8e:	20003cb7          	lui	s9,0x20003
10004c92:	59cc8c93          	addi	s9,s9,1436 # 2000359c <_usbd_dev>
10004c96:	b731                	j	10004ba2 <tud_task_ext+0x206>
10004c98:	9002                	ebreak
10004c9a:	b74d                	j	10004c3c <tud_task_ext+0x2a0>
10004c9c:	1000d7b7          	lui	a5,0x1000d
10004ca0:	06478793          	addi	a5,a5,100 # 1000d064 <_usbd_driver>
10004ca4:	bbd9                	j	10004a7a <tud_task_ext+0xde>
10004ca6:	02000713          	li	a4,32
10004caa:	20e78263          	beq	a5,a4,10004eae <tud_task_ext+0x512>
10004cae:	e60792e3          	bnez	a5,10004b12 <tud_task_ext+0x176>
10004cb2:	02914783          	lbu	a5,41(sp)
10004cb6:	4725                	li	a4,9
10004cb8:	e4f76de3          	bltu	a4,a5,10004b12 <tud_task_ext+0x176>
10004cbc:	1000d737          	lui	a4,0x1000d
10004cc0:	fe070713          	addi	a4,a4,-32 # 1000cfe0 <usb_reset_interface_driver+0x44>
10004cc4:	20e7c7b3          	sh2add	a5,a5,a4
10004cc8:	439c                	lw	a5,0(a5)
10004cca:	8782                	jr	a5
10004ccc:	10004537          	lui	a0,0x10004
10004cd0:	4a250513          	addi	a0,a0,1186 # 100044a2 <tud_vendor_control_xfer_cb>
10004cd4:	07f000ef          	jal	10005552 <usbd_control_set_complete_callback>
10004cd8:	854a                	mv	a0,s2
10004cda:	1030                	addi	a2,sp,40
10004cdc:	4585                	li	a1,1
10004cde:	fc4ff0ef          	jal	100044a2 <tud_vendor_control_xfer_cb>
10004ce2:	ce051de3          	bnez	a0,100049dc <tud_task_ext+0x40>
10004ce6:	b53d                	j	10004b14 <tud_task_ext+0x178>
10004ce8:	02c14583          	lbu	a1,44(sp)
10004cec:	0705f713          	andi	a4,a1,112
10004cf0:	e20711e3          	bnez	a4,10004b12 <tud_task_ext+0x176>
10004cf4:	07f5f413          	andi	s0,a1,127
10004cf8:	21942733          	sh1add	a4,s0,s9
10004cfc:	0075dc13          	srli	s8,a1,0x7
10004d00:	9762                	add	a4,a4,s8
10004d02:	01474703          	lbu	a4,20(a4)
10004d06:	87f1c683          	lbu	a3,-1921(gp) # 20003bb0 <_app_driver_count>
10004d0a:	08d76963          	bltu	a4,a3,10004d9c <tud_task_ext+0x400>
10004d0e:	1cd71d63          	bne	a4,a3,10004ee8 <tud_task_ext+0x54c>
10004d12:	1000db37          	lui	s6,0x1000d
10004d16:	064b0b13          	addi	s6,s6,100 # 1000d064 <_usbd_driver>
10004d1a:	1c078a63          	beqz	a5,10004eee <tud_task_ext+0x552>
10004d1e:	014b2503          	lw	a0,20(s6)
10004d22:	031000ef          	jal	10005552 <usbd_control_set_complete_callback>
10004d26:	014b2783          	lw	a5,20(s6)
10004d2a:	854a                	mv	a0,s2
10004d2c:	1030                	addi	a2,sp,40
10004d2e:	4585                	li	a1,1
10004d30:	9782                	jalr	a5
10004d32:	ca0515e3          	bnez	a0,100049dc <tud_task_ext+0x40>
10004d36:	bbf9                	j	10004b14 <tud_task_ext+0x178>
10004d38:	02c14683          	lbu	a3,44(sp)
10004d3c:	473d                	li	a4,15
10004d3e:	dcd76be3          	bltu	a4,a3,10004b14 <tud_task_ext+0x178>
10004d42:	00dc87b3          	add	a5,s9,a3
10004d46:	0047c783          	lbu	a5,4(a5)
10004d4a:	87f1c703          	lbu	a4,-1921(gp) # 20003bb0 <_app_driver_count>
10004d4e:	06e7e063          	bltu	a5,a4,10004dae <tud_task_ext+0x412>
10004d52:	dce791e3          	bne	a5,a4,10004b14 <tud_task_ext+0x178>
10004d56:	1000d437          	lui	s0,0x1000d
10004d5a:	06440413          	addi	s0,s0,100 # 1000d064 <_usbd_driver>
10004d5e:	4848                	lw	a0,20(s0)
10004d60:	2fcd                	jal	10005552 <usbd_control_set_complete_callback>
10004d62:	485c                	lw	a5,20(s0)
10004d64:	1030                	addi	a2,sp,40
10004d66:	854a                	mv	a0,s2
10004d68:	4585                	li	a1,1
10004d6a:	9782                	jalr	a5
10004d6c:	c60518e3          	bnez	a0,100049dc <tud_task_ext+0x40>
10004d70:	02814783          	lbu	a5,40(sp)
10004d74:	0607f793          	andi	a5,a5,96
10004d78:	d8079ee3          	bnez	a5,10004b14 <tud_task_ext+0x178>
10004d7c:	02914783          	lbu	a5,41(sp)
10004d80:	4405                	li	s0,1
10004d82:	17d9                	addi	a5,a5,-10
10004d84:	d8f468e3          	bltu	s0,a5,10004b14 <tud_task_ext+0x178>
10004d88:	27e9                	jal	10005552 <usbd_control_set_complete_callback>
10004d8a:	02914703          	lbu	a4,41(sp)
10004d8e:	47a9                	li	a5,10
10004d90:	1ef70f63          	beq	a4,a5,10004f8e <tud_task_ext+0x5f2>
10004d94:	102c                	addi	a1,sp,40
10004d96:	854a                	mv	a0,s2
10004d98:	25b9                	jal	100053e6 <tud_control_status>
10004d9a:	b189                	j	100049dc <tud_task_ext+0x40>
10004d9c:	8831ab03          	lw	s6,-1917(gp) # 20003bb4 <_app_driver>
10004da0:	0716                	slli	a4,a4,0x5
10004da2:	9b3a                	add	s6,s6,a4
10004da4:	14078563          	beqz	a5,10004eee <tud_task_ext+0x552>
10004da8:	d60b06e3          	beqz	s6,10004b14 <tud_task_ext+0x178>
10004dac:	bf8d                	j	10004d1e <tud_task_ext+0x382>
10004dae:	8831a403          	lw	s0,-1917(gp) # 20003bb4 <_app_driver>
10004db2:	0796                	slli	a5,a5,0x5
10004db4:	943e                	add	s0,s0,a5
10004db6:	f445                	bnez	s0,10004d5e <tud_task_ext+0x3c2>
10004db8:	bbb1                	j	10004b14 <tud_task_ext+0x178>
10004dba:	02a14c03          	lbu	s8,42(sp)
10004dbe:	001cc783          	lbu	a5,1(s9)
10004dc2:	1cfc0263          	beq	s8,a5,10004f86 <tud_task_ext+0x5ea>
10004dc6:	001cc783          	lbu	a5,1(s9)
10004dca:	1e079b63          	bnez	a5,10004fc0 <tud_task_ext+0x624>
10004dce:	018c80a3          	sb	s8,1(s9)
10004dd2:	1a0c0963          	beqz	s8,10004f84 <tud_task_ext+0x5e8>
10004dd6:	fffc0513          	addi	a0,s8,-1
10004dda:	0ff57513          	zext.b	a0,a0
10004dde:	b36ff0ef          	jal	10004114 <tud_descriptor_configuration_cb>
10004de2:	c909                	beqz	a0,10004df4 <tud_task_ext+0x458>
10004de4:	c0ea                	sw	s10,64(sp)
10004de6:	00154783          	lbu	a5,1(a0)
10004dea:	8d3e                	mv	s10,a5
10004dec:	4789                	li	a5,2
10004dee:	2efd0a63          	beq	s10,a5,100050e2 <tud_task_ext+0x746>
10004df2:	4d06                	lw	s10,64(sp)
10004df4:	9002                	ebreak
10004df6:	9002                	ebreak
10004df8:	000c80a3          	sb	zero,1(s9)
10004dfc:	bb21                	j	10004b14 <tud_task_ext+0x178>
10004dfe:	001cc783          	lbu	a5,1(s9)
10004e02:	854a                	mv	a0,s2
10004e04:	4685                	li	a3,1
10004e06:	02210613          	addi	a2,sp,34
10004e0a:	102c                	addi	a1,sp,40
10004e0c:	02f10123          	sb	a5,34(sp)
10004e10:	2d25                	jal	10005448 <tud_control_xfer>
10004e12:	b6e9                	j	100049dc <tud_task_ext+0x40>
10004e14:	02a15503          	lhu	a0,42(sp)
10004e18:	47bd                	li	a5,15
10004e1a:	00855713          	srli	a4,a0,0x8
10004e1e:	0ff57513          	zext.b	a0,a0
10004e22:	cee7e9e3          	bltu	a5,a4,10004b14 <tud_task_ext+0x178>
10004e26:	1000d7b7          	lui	a5,0x1000d
10004e2a:	00878793          	addi	a5,a5,8 # 1000d008 <usb_reset_interface_driver+0x6c>
10004e2e:	20f747b3          	sh2add	a5,a4,a5
10004e32:	439c                	lw	a5,0(a5)
10004e34:	8782                	jr	a5
10004e36:	1028                	addi	a0,sp,40
10004e38:	2715                	jal	1000555c <usbd_control_set_request>
10004e3a:	02a14583          	lbu	a1,42(sp)
10004e3e:	854a                	mv	a0,s2
10004e40:	f9aff0ef          	jal	100045da <dcd_set_address>
10004e44:	000cc783          	lbu	a5,0(s9)
10004e48:	0027e793          	ori	a5,a5,2
10004e4c:	00fc8023          	sb	a5,0(s9)
10004e50:	b671                	j	100049dc <tud_task_ext+0x40>
10004e52:	02a15703          	lhu	a4,42(sp)
10004e56:	4785                	li	a5,1
10004e58:	caf71ee3          	bne	a4,a5,10004b14 <tud_task_ext+0x178>
10004e5c:	000cc783          	lbu	a5,0(s9)
10004e60:	854a                	mv	a0,s2
10004e62:	102c                	addi	a1,sp,40
10004e64:	9bdd                	andi	a5,a5,-9
10004e66:	00fc8023          	sb	a5,0(s9)
10004e6a:	2bb5                	jal	100053e6 <tud_control_status>
10004e6c:	be85                	j	100049dc <tud_task_ext+0x40>
10004e6e:	000cc783          	lbu	a5,0(s9)
10004e72:	4689                	li	a3,2
10004e74:	854a                	mv	a0,s2
10004e76:	0027d713          	srli	a4,a5,0x2
10004e7a:	8f75                	and	a4,a4,a3
10004e7c:	4857d793          	bexti	a5,a5,0x5
10004e80:	8fd9                	or	a5,a5,a4
10004e82:	02210613          	addi	a2,sp,34
10004e86:	102c                	addi	a1,sp,40
10004e88:	02f11123          	sh	a5,34(sp)
10004e8c:	2b75                	jal	10005448 <tud_control_xfer>
10004e8e:	b6b9                	j	100049dc <tud_task_ext+0x40>
10004e90:	02a15703          	lhu	a4,42(sp)
10004e94:	4785                	li	a5,1
10004e96:	c6f71fe3          	bne	a4,a5,10004b14 <tud_task_ext+0x178>
10004e9a:	000cc783          	lbu	a5,0(s9)
10004e9e:	854a                	mv	a0,s2
10004ea0:	102c                	addi	a1,sp,40
10004ea2:	0087e793          	ori	a5,a5,8
10004ea6:	00fc8023          	sb	a5,0(s9)
10004eaa:	2b35                	jal	100053e6 <tud_control_status>
10004eac:	be05                	j	100049dc <tud_task_ext+0x40>
10004eae:	02c14683          	lbu	a3,44(sp)
10004eb2:	473d                	li	a4,15
10004eb4:	c6d760e3          	bltu	a4,a3,10004b14 <tud_task_ext+0x178>
10004eb8:	00dc87b3          	add	a5,s9,a3
10004ebc:	0047c783          	lbu	a5,4(a5)
10004ec0:	87f1c703          	lbu	a4,-1921(gp) # 20003bb0 <_app_driver_count>
10004ec4:	04e7fe63          	bgeu	a5,a4,10004f20 <tud_task_ext+0x584>
10004ec8:	8831a403          	lw	s0,-1917(gp) # 20003bb4 <_app_driver>
10004ecc:	0796                	slli	a5,a5,0x5
10004ece:	943e                	add	s0,s0,a5
10004ed0:	c40402e3          	beqz	s0,10004b14 <tud_task_ext+0x178>
10004ed4:	4848                	lw	a0,20(s0)
10004ed6:	2db5                	jal	10005552 <usbd_control_set_complete_callback>
10004ed8:	485c                	lw	a5,20(s0)
10004eda:	854a                	mv	a0,s2
10004edc:	1030                	addi	a2,sp,40
10004ede:	4585                	li	a1,1
10004ee0:	9782                	jalr	a5
10004ee2:	ae051de3          	bnez	a0,100049dc <tud_task_ext+0x40>
10004ee6:	b13d                	j	10004b14 <tud_task_ext+0x178>
10004ee8:	4b01                	li	s6,0
10004eea:	c20795e3          	bnez	a5,10004b14 <tud_task_ext+0x178>
10004eee:	02914783          	lbu	a5,41(sp)
10004ef2:	4685                	li	a3,1
10004ef4:	0fd7f713          	andi	a4,a5,253
10004ef8:	02d70b63          	beq	a4,a3,10004f2e <tud_task_ext+0x592>
10004efc:	c0079be3          	bnez	a5,10004b12 <tud_task_ext+0x176>
10004f00:	219427b3          	sh1add	a5,s0,s9
10004f04:	97e2                	add	a5,a5,s8
10004f06:	0347c783          	lbu	a5,52(a5)
10004f0a:	854a                	mv	a0,s2
10004f0c:	4689                	li	a3,2
10004f0e:	4817d793          	bexti	a5,a5,0x1
10004f12:	02210613          	addi	a2,sp,34
10004f16:	102c                	addi	a1,sp,40
10004f18:	02f11123          	sh	a5,34(sp)
10004f1c:	2335                	jal	10005448 <tud_control_xfer>
10004f1e:	bc7d                	j	100049dc <tud_task_ext+0x40>
10004f20:	bee79ae3          	bne	a5,a4,10004b14 <tud_task_ext+0x178>
10004f24:	1000d437          	lui	s0,0x1000d
10004f28:	06440413          	addi	s0,s0,100 # 1000d064 <_usbd_driver>
10004f2c:	b765                	j	10004ed4 <tud_task_ext+0x538>
10004f2e:	02a15683          	lhu	a3,42(sp)
10004f32:	e68d                	bnez	a3,10004f5c <tud_task_ext+0x5c0>
10004f34:	240bc503          	lbu	a0,576(s7)
10004f38:	06e78463          	beq	a5,a4,10004fa0 <tud_task_ext+0x604>
10004f3c:	301d                	jal	10004762 <dcd_edpt_stall>
10004f3e:	219427b3          	sh1add	a5,s0,s9
10004f42:	97e2                	add	a5,a5,s8
10004f44:	0347c703          	lbu	a4,52(a5)
10004f48:	00276713          	ori	a4,a4,2
10004f4c:	02e78a23          	sb	a4,52(a5)
10004f50:	0347c703          	lbu	a4,52(a5)
10004f54:	00176713          	ori	a4,a4,1
10004f58:	02e78a23          	sb	a4,52(a5)
10004f5c:	a80b00e3          	beqz	s6,100049dc <tud_task_ext+0x40>
10004f60:	014b2503          	lw	a0,20(s6)
10004f64:	23fd                	jal	10005552 <usbd_control_set_complete_callback>
10004f66:	014b2783          	lw	a5,20(s6)
10004f6a:	1030                	addi	a2,sp,40
10004f6c:	4585                	li	a1,1
10004f6e:	854a                	mv	a0,s2
10004f70:	9782                	jalr	a5
10004f72:	4501                	li	a0,0
10004f74:	2bf9                	jal	10005552 <usbd_control_set_complete_callback>
10004f76:	034ca783          	lw	a5,52(s9)
10004f7a:	4887d793          	bexti	a5,a5,0x8
10004f7e:	a4079fe3          	bnez	a5,100049dc <tud_task_ext+0x40>
10004f82:	bd09                	j	10004d94 <tud_task_ext+0x3f8>
10004f84:	30d5                	jal	10004868 <tud_umount_cb>
10004f86:	854a                	mv	a0,s2
10004f88:	102c                	addi	a1,sp,40
10004f8a:	29b1                	jal	100053e6 <tud_control_status>
10004f8c:	bc81                	j	100049dc <tud_task_ext+0x40>
10004f8e:	86a2                	mv	a3,s0
10004f90:	102c                	addi	a1,sp,40
10004f92:	854a                	mv	a0,s2
10004f94:	02210613          	addi	a2,sp,34
10004f98:	02010123          	sb	zero,34(sp)
10004f9c:	2175                	jal	10005448 <tud_control_xfer>
10004f9e:	bc3d                	j	100049dc <tud_task_ext+0x40>
10004fa0:	ff4ff0ef          	jal	10004794 <dcd_edpt_clear_stall>
10004fa4:	219427b3          	sh1add	a5,s0,s9
10004fa8:	97e2                	add	a5,a5,s8
10004faa:	0347c703          	lbu	a4,52(a5)
10004fae:	9b75                	andi	a4,a4,-3
10004fb0:	02e78a23          	sb	a4,52(a5)
10004fb4:	0347c703          	lbu	a4,52(a5)
10004fb8:	9b79                	andi	a4,a4,-2
10004fba:	02e78a23          	sb	a4,52(a5)
10004fbe:	bf79                	j	10004f5c <tud_task_ext+0x5c0>
10004fc0:	4581                	li	a1,0
10004fc2:	854a                	mv	a0,s2
10004fc4:	c0ea                	sw	s10,64(sp)
10004fc6:	e22ff0ef          	jal	100045e8 <dcd_sof_enable>
10004fca:	854a                	mv	a0,s2
10004fcc:	f66ff0ef          	jal	10004732 <dcd_edpt_close_all>
10004fd0:	002ccd03          	lbu	s10,2(s9)
10004fd4:	87f1c783          	lbu	a5,-1921(gp) # 20003bb0 <_app_driver_count>
10004fd8:	1000d6b7          	lui	a3,0x1000d
10004fdc:	06468693          	addi	a3,a3,100 # 1000d064 <_usbd_driver>
10004fe0:	4701                	li	a4,0
10004fe2:	06f77a63          	bgeu	a4,a5,10005056 <tud_task_ext+0x6ba>
10004fe6:	8831a783          	lw	a5,-1917(gp) # 20003bb4 <_app_driver>
10004fea:	00571593          	slli	a1,a4,0x5
10004fee:	97ae                	add	a5,a5,a1
10004ff0:	22078c63          	beqz	a5,10005228 <tud_task_ext+0x88c>
10004ff4:	47dc                	lw	a5,12(a5)
10004ff6:	854a                	mv	a0,s2
10004ff8:	c43a                	sw	a4,8(sp)
10004ffa:	9782                	jalr	a5
10004ffc:	4722                	lw	a4,8(sp)
10004ffe:	87f1c783          	lbu	a5,-1921(gp) # 20003bb0 <_app_driver_count>
10005002:	1000d6b7          	lui	a3,0x1000d
10005006:	0705                	addi	a4,a4,1
10005008:	0ff77713          	zext.b	a4,a4
1000500c:	06468693          	addi	a3,a3,100 # 1000d064 <_usbd_driver>
10005010:	fce7f9e3          	bgeu	a5,a4,10004fe2 <tud_task_ext+0x646>
10005014:	05400613          	li	a2,84
10005018:	4581                	li	a1,0
1000501a:	8566                	mv	a0,s9
1000501c:	0fffe097          	auipc	ra,0xfffe
10005020:	b40080e7          	jalr	-1216(ra) # 20002b5c <memset>
10005024:	200036b7          	lui	a3,0x20003
10005028:	57fd                	li	a5,-1
1000502a:	5a068693          	addi	a3,a3,1440 # 200035a0 <_usbd_dev+0x4>
1000502e:	20003737          	lui	a4,0x20003
10005032:	5b070713          	addi	a4,a4,1456 # 200035b0 <_usbd_dev+0x14>
10005036:	c6dc                	sw	a5,12(a3)
10005038:	c69c                	sw	a5,8(a3)
1000503a:	c2dc                	sw	a5,4(a3)
1000503c:	c29c                	sw	a5,0(a3)
1000503e:	c31c                	sw	a5,0(a4)
10005040:	c35c                	sw	a5,4(a4)
10005042:	c71c                	sw	a5,8(a4)
10005044:	c75c                	sw	a5,12(a4)
10005046:	cb1c                	sw	a5,16(a4)
10005048:	cb5c                	sw	a5,20(a4)
1000504a:	cf1c                	sw	a5,24(a4)
1000504c:	cf5c                	sw	a5,28(a4)
1000504e:	01ac8123          	sb	s10,2(s9)
10005052:	4d06                	lw	s10,64(sp)
10005054:	bbad                	j	10004dce <tud_task_ext+0x432>
10005056:	40f707b3          	sub	a5,a4,a5
1000505a:	0796                	slli	a5,a5,0x5
1000505c:	97b6                	add	a5,a5,a3
1000505e:	bf59                	j	10004ff4 <tud_task_ext+0x658>
10005060:	ffeff0ef          	jal	1000485e <tud_descriptor_device_qualifier_cb>
10005064:	862a                	mv	a2,a0
10005066:	aa0507e3          	beqz	a0,10004b14 <tud_task_ext+0x178>
1000506a:	00064683          	lbu	a3,0(a2) # 1000 <SCRATCH_X_LENGTH>
1000506e:	854a                	mv	a0,s2
10005070:	102c                	addi	a1,sp,40
10005072:	2ed9                	jal	10005448 <tud_control_xfer>
10005074:	87aa                	mv	a5,a0
10005076:	960793e3          	bnez	a5,100049dc <tud_task_ext+0x40>
1000507a:	bc69                	j	10004b14 <tud_task_ext+0x178>
1000507c:	02c15583          	lhu	a1,44(sp)
10005080:	89eff0ef          	jal	1000411e <tud_descriptor_string_cb>
10005084:	862a                	mv	a2,a0
10005086:	f175                	bnez	a0,1000506a <tud_task_ext+0x6ce>
10005088:	b471                	j	10004b14 <tud_task_ext+0x178>
1000508a:	4789                	li	a5,2
1000508c:	04f70163          	beq	a4,a5,100050ce <tud_task_ext+0x732>
10005090:	fd2ff0ef          	jal	10004862 <tud_descriptor_other_speed_configuration_cb>
10005094:	862a                	mv	a2,a0
10005096:	a6050fe3          	beqz	a0,10004b14 <tud_task_ext+0x178>
1000509a:	00364783          	lbu	a5,3(a2)
1000509e:	00264683          	lbu	a3,2(a2)
100050a2:	854a                	mv	a0,s2
100050a4:	07a2                	slli	a5,a5,0x8
100050a6:	8edd                	or	a3,a3,a5
100050a8:	102c                	addi	a1,sp,40
100050aa:	2e79                	jal	10005448 <tud_control_xfer>
100050ac:	87aa                	mv	a5,a0
100050ae:	920797e3          	bnez	a5,100049dc <tud_task_ext+0x40>
100050b2:	b48d                	j	10004b14 <tud_task_ext+0x178>
100050b4:	856ff0ef          	jal	1000410a <tud_descriptor_device_cb>
100050b8:	862a                	mv	a2,a0
100050ba:	a4050ce3          	beqz	a0,10004b12 <tud_task_ext+0x176>
100050be:	854a                	mv	a0,s2
100050c0:	46c9                	li	a3,18
100050c2:	102c                	addi	a1,sp,40
100050c4:	2651                	jal	10005448 <tud_control_xfer>
100050c6:	87aa                	mv	a5,a0
100050c8:	90079ae3          	bnez	a5,100049dc <tud_task_ext+0x40>
100050cc:	b4a1                	j	10004b14 <tud_task_ext+0x178>
100050ce:	846ff0ef          	jal	10004114 <tud_descriptor_configuration_cb>
100050d2:	862a                	mv	a2,a0
100050d4:	f179                	bnez	a0,1000509a <tud_task_ext+0x6fe>
100050d6:	bc35                	j	10004b12 <tud_task_ext+0x176>
100050d8:	bc0ff0ef          	jal	10004498 <tud_descriptor_bos_cb>
100050dc:	862a                	mv	a2,a0
100050de:	fd55                	bnez	a0,1000509a <tud_task_ext+0x6fe>
100050e0:	bc15                	j	10004b14 <tud_task_ext+0x178>
100050e2:	de6e                	sw	s11,60(sp)
100050e4:	00754703          	lbu	a4,7(a0)
100050e8:	59cb4683          	lbu	a3,1436(s6)
100050ec:	20003c37          	lui	s8,0x20003
100050f0:	48675793          	bexti	a5,a4,0x6
100050f4:	48575713          	bexti	a4,a4,0x5
100050f8:	0712                	slli	a4,a4,0x4
100050fa:	0796                	slli	a5,a5,0x5
100050fc:	8fd9                	or	a5,a5,a4
100050fe:	fcf6f713          	andi	a4,a3,-49
10005102:	8fd9                	or	a5,a5,a4
10005104:	58fb0e23          	sb	a5,1436(s6)
10005108:	00354b03          	lbu	s6,3(a0)
1000510c:	00254783          	lbu	a5,2(a0)
10005110:	1000d637          	lui	a2,0x1000d
10005114:	0b22                	slli	s6,s6,0x8
10005116:	00fb6b33          	or	s6,s6,a5
1000511a:	5b0c0793          	addi	a5,s8,1456 # 200035b0 <_usbd_dev+0x14>
1000511e:	9b2a                	add	s6,s6,a0
10005120:	00950593          	addi	a1,a0,9
10005124:	06460d93          	addi	s11,a2,100 # 1000d064 <_usbd_driver>
10005128:	c43e                	sw	a5,8(sp)
1000512a:	0f65fa63          	bgeu	a1,s6,1000521e <tud_task_ext+0x882>
1000512e:	0015c783          	lbu	a5,1(a1)
10005132:	472d                	li	a4,11
10005134:	4805                	li	a6,1
10005136:	00e79963          	bne	a5,a4,10005148 <tud_task_ext+0x7ac>
1000513a:	0005c783          	lbu	a5,0(a1)
1000513e:	0035c803          	lbu	a6,3(a1)
10005142:	95be                	add	a1,a1,a5
10005144:	0015c783          	lbu	a5,1(a1)
10005148:	4711                	li	a4,4
1000514a:	04e79d63          	bne	a5,a4,100051a4 <tud_task_ext+0x808>
1000514e:	87f1c783          	lbu	a5,-1921(gp) # 20003bb0 <_app_driver_count>
10005152:	40bb0733          	sub	a4,s6,a1
10005156:	08074733          	zext.h	a4,a4
1000515a:	4681                	li	a3,0
1000515c:	04f6f863          	bgeu	a3,a5,100051ac <tud_task_ext+0x810>
10005160:	8831a783          	lw	a5,-1917(gp) # 20003bb4 <_app_driver>
10005164:	00569613          	slli	a2,a3,0x5
10005168:	97b2                	add	a5,a5,a2
1000516a:	cf8d                	beqz	a5,100051a4 <tud_task_ext+0x808>
1000516c:	0107a883          	lw	a7,16(a5)
10005170:	863a                	mv	a2,a4
10005172:	854a                	mv	a0,s2
10005174:	ce36                	sw	a3,28(sp)
10005176:	cc42                	sw	a6,24(sp)
10005178:	c83a                	sw	a4,16(sp)
1000517a:	c62e                	sw	a1,12(sp)
1000517c:	ca3e                	sw	a5,20(sp)
1000517e:	9882                	jalr	a7
10005180:	862a                	mv	a2,a0
10005182:	00953513          	sltiu	a0,a0,9
10005186:	45b2                	lw	a1,12(sp)
10005188:	4742                	lw	a4,16(sp)
1000518a:	4862                	lw	a6,24(sp)
1000518c:	46f2                	lw	a3,28(sp)
1000518e:	e501                	bnez	a0,10005196 <tud_task_ext+0x7fa>
10005190:	47d2                	lw	a5,20(sp)
10005192:	02c77263          	bgeu	a4,a2,100051b6 <tud_task_ext+0x81a>
10005196:	87f1c783          	lbu	a5,-1921(gp) # 20003bb0 <_app_driver_count>
1000519a:	0685                	addi	a3,a3,1
1000519c:	0ff6f693          	zext.b	a3,a3
100051a0:	fad7fee3          	bgeu	a5,a3,1000515c <tud_task_ext+0x7c0>
100051a4:	9002                	ebreak
100051a6:	4d06                	lw	s10,64(sp)
100051a8:	5df2                	lw	s11,60(sp)
100051aa:	b1b1                	j	10004df6 <tud_task_ext+0x45a>
100051ac:	40f687b3          	sub	a5,a3,a5
100051b0:	0796                	slli	a5,a5,0x5
100051b2:	97ee                	add	a5,a5,s11
100051b4:	bf65                	j	1000516c <tud_task_ext+0x7d0>
100051b6:	4705                	li	a4,1
100051b8:	04e80a63          	beq	a6,a4,1000520c <tud_task_ext+0x870>
100051bc:	02080963          	beqz	a6,100051ee <tud_task_ext+0x852>
100051c0:	0025c883          	lbu	a7,2(a1)
100051c4:	4781                	li	a5,0
100051c6:	0ff00513          	li	a0,255
100051ca:	a801                	j	100051da <tud_task_ext+0x83e>
100051cc:	0785                	addi	a5,a5,1
100051ce:	0ff7f793          	zext.b	a5,a5
100051d2:	00d70223          	sb	a3,4(a4)
100051d6:	0107fc63          	bgeu	a5,a6,100051ee <tud_task_ext+0x852>
100051da:	00f88733          	add	a4,a7,a5
100051de:	0ff77713          	zext.b	a4,a4
100051e2:	9766                	add	a4,a4,s9
100051e4:	00474303          	lbu	t1,4(a4)
100051e8:	fea302e3          	beq	t1,a0,100051cc <tud_task_ext+0x830>
100051ec:	bf65                	j	100051a4 <tud_task_ext+0x808>
100051ee:	4522                	lw	a0,8(sp)
100051f0:	ca36                	sw	a3,20(sp)
100051f2:	c832                	sw	a2,16(sp)
100051f4:	c62e                	sw	a1,12(sp)
100051f6:	605000ef          	jal	10005ffa <tu_edpt_bind_driver>
100051fa:	45b2                	lw	a1,12(sp)
100051fc:	4642                	lw	a2,16(sp)
100051fe:	87f1c783          	lbu	a5,-1921(gp) # 20003bb0 <_app_driver_count>
10005202:	46d2                	lw	a3,20(sp)
10005204:	95b2                	add	a1,a1,a2
10005206:	f2d7f2e3          	bgeu	a5,a3,1000512a <tud_task_ext+0x78e>
1000520a:	bf69                	j	100051a4 <tud_task_ext+0x808>
1000520c:	4b98                	lw	a4,16(a5)
1000520e:	100067b7          	lui	a5,0x10006
10005212:	b2878793          	addi	a5,a5,-1240 # 10005b28 <cdcd_open>
10005216:	faf715e3          	bne	a4,a5,100051c0 <tud_task_ext+0x824>
1000521a:	886a                	mv	a6,s10
1000521c:	b755                	j	100051c0 <tud_task_ext+0x824>
1000521e:	e48ff0ef          	jal	10004866 <tud_mount_cb>
10005222:	4d06                	lw	s10,64(sp)
10005224:	5df2                	lw	s11,60(sp)
10005226:	b385                	j	10004f86 <tud_task_ext+0x5ea>
10005228:	9002                	ebreak
1000522a:	b515                	j	1000504e <tud_task_ext+0x6b2>

1000522c <usbd_open_edpt_pair>:
1000522c:	ce5d                	beqz	a2,100052ea <usbd_open_edpt_pair+0xbe>
1000522e:	7179                	addi	sp,sp,-48
10005230:	c85a                	sw	s6,16(sp)
10005232:	20003b37          	lui	s6,0x20003
10005236:	d422                	sw	s0,40(sp)
10005238:	d226                	sw	s1,36(sp)
1000523a:	d04a                	sw	s2,32(sp)
1000523c:	ce4e                	sw	s3,28(sp)
1000523e:	cc52                	sw	s4,24(sp)
10005240:	ca56                	sw	s5,20(sp)
10005242:	c65e                	sw	s7,12(sp)
10005244:	c462                	sw	s8,8(sp)
10005246:	c266                	sw	s9,4(sp)
10005248:	d606                	sw	ra,44(sp)
1000524a:	c06a                	sw	s10,0(sp)
1000524c:	842e                	mv	s0,a1
1000524e:	8bbe                	mv	s7,a5
10005250:	8aba                	mv	s5,a4
10005252:	8936                	mv	s2,a3
10005254:	84b2                	mv	s1,a2
10005256:	59cb0b13          	addi	s6,s6,1436 # 2000359c <_usbd_dev>
1000525a:	4c81                	li	s9,0
1000525c:	4995                	li	s3,5
1000525e:	20003c37          	lui	s8,0x20003
10005262:	4a05                	li	s4,1
10005264:	a825                	j	1000529c <usbd_open_edpt_pair+0x70>
10005266:	002b4583          	lbu	a1,2(s6)
1000526a:	240c4d03          	lbu	s10,576(s8) # 20003240 <_usbd_rhport>
1000526e:	51f000ef          	jal	10005f8c <tu_edpt_validate>
10005272:	87aa                	mv	a5,a0
10005274:	85a2                	mv	a1,s0
10005276:	856a                	mv	a0,s10
10005278:	c3a9                	beqz	a5,100052ba <usbd_open_edpt_pair+0x8e>
1000527a:	ba4ff0ef          	jal	1000461e <dcd_edpt_open>
1000527e:	cd1d                	beqz	a0,100052bc <usbd_open_edpt_pair+0x90>
10005280:	00244783          	lbu	a5,2(s0)
10005284:	0077d713          	srli	a4,a5,0x7
10005288:	05470a63          	beq	a4,s4,100052dc <usbd_open_edpt_pair+0xb0>
1000528c:	00fa8023          	sb	a5,0(s5)
10005290:	0c85                	addi	s9,s9,1
10005292:	05948a63          	beq	s1,s9,100052e6 <usbd_open_edpt_pair+0xba>
10005296:	00044783          	lbu	a5,0(s0)
1000529a:	943e                	add	s0,s0,a5
1000529c:	00144783          	lbu	a5,1(s0)
100052a0:	8522                	mv	a0,s0
100052a2:	01379d63          	bne	a5,s3,100052bc <usbd_open_edpt_pair+0x90>
100052a6:	00344583          	lbu	a1,3(s0)
100052aa:	898d                	andi	a1,a1,3
100052ac:	01259863          	bne	a1,s2,100052bc <usbd_open_edpt_pair+0x90>
100052b0:	00244583          	lbu	a1,2(s0)
100052b4:	0705f593          	andi	a1,a1,112
100052b8:	d5dd                	beqz	a1,10005266 <usbd_open_edpt_pair+0x3a>
100052ba:	9002                	ebreak
100052bc:	9002                	ebreak
100052be:	4501                	li	a0,0
100052c0:	50b2                	lw	ra,44(sp)
100052c2:	5422                	lw	s0,40(sp)
100052c4:	5492                	lw	s1,36(sp)
100052c6:	5902                	lw	s2,32(sp)
100052c8:	49f2                	lw	s3,28(sp)
100052ca:	4a62                	lw	s4,24(sp)
100052cc:	4ad2                	lw	s5,20(sp)
100052ce:	4b42                	lw	s6,16(sp)
100052d0:	4bb2                	lw	s7,12(sp)
100052d2:	4c22                	lw	s8,8(sp)
100052d4:	4c92                	lw	s9,4(sp)
100052d6:	4d02                	lw	s10,0(sp)
100052d8:	6145                	addi	sp,sp,48
100052da:	8082                	ret
100052dc:	00fb8023          	sb	a5,0(s7)
100052e0:	0c85                	addi	s9,s9,1
100052e2:	fb949ae3          	bne	s1,s9,10005296 <usbd_open_edpt_pair+0x6a>
100052e6:	4505                	li	a0,1
100052e8:	bfe1                	j	100052c0 <usbd_open_edpt_pair+0x94>
100052ea:	4505                	li	a0,1
100052ec:	8082                	ret

100052ee <usbd_edpt_open>:
100052ee:	0025c783          	lbu	a5,2(a1)
100052f2:	0707f793          	andi	a5,a5,112
100052f6:	c781                	beqz	a5,100052fe <usbd_edpt_open+0x10>
100052f8:	9002                	ebreak
100052fa:	4501                	li	a0,0
100052fc:	8082                	ret
100052fe:	1141                	addi	sp,sp,-16
10005300:	200037b7          	lui	a5,0x20003
10005304:	c226                	sw	s1,4(sp)
10005306:	852e                	mv	a0,a1
10005308:	84ae                	mv	s1,a1
1000530a:	59e7c583          	lbu	a1,1438(a5) # 2000359e <_usbd_dev+0x2>
1000530e:	200037b7          	lui	a5,0x20003
10005312:	c422                	sw	s0,8(sp)
10005314:	c606                	sw	ra,12(sp)
10005316:	2407c403          	lbu	s0,576(a5) # 20003240 <_usbd_rhport>
1000531a:	473000ef          	jal	10005f8c <tu_edpt_validate>
1000531e:	e901                	bnez	a0,1000532e <usbd_edpt_open+0x40>
10005320:	9002                	ebreak
10005322:	40b2                	lw	ra,12(sp)
10005324:	4422                	lw	s0,8(sp)
10005326:	4492                	lw	s1,4(sp)
10005328:	4501                	li	a0,0
1000532a:	0141                	addi	sp,sp,16
1000532c:	8082                	ret
1000532e:	8522                	mv	a0,s0
10005330:	4422                	lw	s0,8(sp)
10005332:	40b2                	lw	ra,12(sp)
10005334:	85a6                	mv	a1,s1
10005336:	4492                	lw	s1,4(sp)
10005338:	0141                	addi	sp,sp,16
1000533a:	ae4ff06f          	j	1000461e <dcd_edpt_open>

1000533e <usbd_edpt_claim>:
1000533e:	0075d713          	srli	a4,a1,0x7
10005342:	07f5f793          	andi	a5,a1,127
10005346:	03470713          	addi	a4,a4,52
1000534a:	20003537          	lui	a0,0x20003
1000534e:	86f1a583          	lw	a1,-1937(gp) # 20003ba0 <_usbd_mutex>
10005352:	20e7a7b3          	sh1add	a5,a5,a4
10005356:	59c50513          	addi	a0,a0,1436 # 2000359c <_usbd_dev>
1000535a:	953e                	add	a0,a0,a5
1000535c:	36d0006f          	j	10005ec8 <tu_edpt_claim>

10005360 <usbd_edpt_release>:
10005360:	0075d713          	srli	a4,a1,0x7
10005364:	07f5f793          	andi	a5,a1,127
10005368:	03470713          	addi	a4,a4,52
1000536c:	20003537          	lui	a0,0x20003
10005370:	86f1a583          	lw	a1,-1937(gp) # 20003ba0 <_usbd_mutex>
10005374:	20e7a7b3          	sh1add	a5,a5,a4
10005378:	59c50513          	addi	a0,a0,1436 # 2000359c <_usbd_dev>
1000537c:	953e                	add	a0,a0,a5
1000537e:	3bb0006f          	j	10005f38 <tu_edpt_release>

10005382 <usbd_edpt_xfer>:
10005382:	20003537          	lui	a0,0x20003
10005386:	07f5f793          	andi	a5,a1,127
1000538a:	59c50513          	addi	a0,a0,1436 # 2000359c <_usbd_dev>
1000538e:	0075d713          	srli	a4,a1,0x7
10005392:	20a7a7b3          	sh1add	a5,a5,a0
10005396:	97ba                	add	a5,a5,a4
10005398:	0347c703          	lbu	a4,52(a5)
1000539c:	8b05                	andi	a4,a4,1
1000539e:	c701                	beqz	a4,100053a6 <usbd_edpt_xfer+0x24>
100053a0:	9002                	ebreak
100053a2:	4501                	li	a0,0
100053a4:	8082                	ret
100053a6:	0347c703          	lbu	a4,52(a5)
100053aa:	20003537          	lui	a0,0x20003
100053ae:	24054503          	lbu	a0,576(a0) # 20003240 <_usbd_rhport>
100053b2:	1101                	addi	sp,sp,-32
100053b4:	ce06                	sw	ra,28(sp)
100053b6:	00176713          	ori	a4,a4,1
100053ba:	02e78a23          	sb	a4,52(a5)
100053be:	c63e                	sw	a5,12(sp)
100053c0:	b7aff0ef          	jal	1000473a <dcd_edpt_xfer>
100053c4:	ed11                	bnez	a0,100053e0 <usbd_edpt_xfer+0x5e>
100053c6:	47b2                	lw	a5,12(sp)
100053c8:	0347c703          	lbu	a4,52(a5)
100053cc:	9b79                	andi	a4,a4,-2
100053ce:	02e78a23          	sb	a4,52(a5)
100053d2:	0347c703          	lbu	a4,52(a5)
100053d6:	9b6d                	andi	a4,a4,-5
100053d8:	02e78a23          	sb	a4,52(a5)
100053dc:	9002                	ebreak
100053de:	4501                	li	a0,0
100053e0:	40f2                	lw	ra,28(sp)
100053e2:	6105                	addi	sp,sp,32
100053e4:	8082                	ret

100053e6 <tud_control_status>:
100053e6:	0045c603          	lbu	a2,4(a1)
100053ea:	0055c683          	lbu	a3,5(a1)
100053ee:	0065c703          	lbu	a4,6(a1)
100053f2:	0005ce03          	lbu	t3,0(a1)
100053f6:	0015c303          	lbu	t1,1(a1)
100053fa:	0025c883          	lbu	a7,2(a1)
100053fe:	0035c803          	lbu	a6,3(a1)
10005402:	200037b7          	lui	a5,0x20003
10005406:	56878793          	addi	a5,a5,1384 # 20003568 <_ctrl_xfer>
1000540a:	00c78223          	sb	a2,4(a5)
1000540e:	00d782a3          	sb	a3,5(a5)
10005412:	01c78023          	sb	t3,0(a5)
10005416:	006780a3          	sb	t1,1(a5)
1000541a:	01178123          	sb	a7,2(a5)
1000541e:	010781a3          	sb	a6,3(a5)
10005422:	00e78323          	sb	a4,6(a5)
10005426:	0075c703          	lbu	a4,7(a1)
1000542a:	0007a623          	sw	zero,12(a5)
1000542e:	4681                	li	a3,0
10005430:	00e783a3          	sb	a4,7(a5)
10005434:	0005c583          	lbu	a1,0(a1)
10005438:	0007a423          	sw	zero,8(a5)
1000543c:	08000793          	li	a5,128
10005440:	4601                	li	a2,0
10005442:	40b7f5b3          	andn	a1,a5,a1
10005446:	bf35                	j	10005382 <usbd_edpt_xfer>

10005448 <tud_control_xfer>:
10005448:	0055c803          	lbu	a6,5(a1)
1000544c:	0065c703          	lbu	a4,6(a1)
10005450:	0005cf03          	lbu	t5,0(a1)
10005454:	0015ce83          	lbu	t4,1(a1)
10005458:	0025ce03          	lbu	t3,2(a1)
1000545c:	0035c303          	lbu	t1,3(a1)
10005460:	0045c883          	lbu	a7,4(a1)
10005464:	1101                	addi	sp,sp,-32
10005466:	200037b7          	lui	a5,0x20003
1000546a:	ce06                	sw	ra,28(sp)
1000546c:	56878793          	addi	a5,a5,1384 # 20003568 <_ctrl_xfer>
10005470:	01e78023          	sb	t5,0(a5)
10005474:	01d780a3          	sb	t4,1(a5)
10005478:	01c78123          	sb	t3,2(a5)
1000547c:	006781a3          	sb	t1,3(a5)
10005480:	01178223          	sb	a7,4(a5)
10005484:	010782a3          	sb	a6,5(a5)
10005488:	00e78323          	sb	a4,6(a5)
1000548c:	0075c703          	lbu	a4,7(a1)
10005490:	c790                	sw	a2,8(a5)
10005492:	00079723          	sh	zero,14(a5)
10005496:	00e783a3          	sb	a4,7(a5)
1000549a:	0075c703          	lbu	a4,7(a1)
1000549e:	0065c803          	lbu	a6,6(a1)
100054a2:	0722                	slli	a4,a4,0x8
100054a4:	01076733          	or	a4,a4,a6
100054a8:	0ad756b3          	minu	a3,a4,a3
100054ac:	00d79623          	sh	a3,12(a5)
100054b0:	cb05                	beqz	a4,100054e0 <tud_control_xfer+0x98>
100054b2:	882a                	mv	a6,a0
100054b4:	c6a9                	beqz	a3,100054fe <tud_control_xfer+0xb6>
100054b6:	ce1d                	beqz	a2,100054f4 <tud_control_xfer+0xac>
100054b8:	00078783          	lb	a5,0(a5)
100054bc:	04000713          	li	a4,64
100054c0:	0ae6d6b3          	minu	a3,a3,a4
100054c4:	0407c663          	bltz	a5,10005510 <tud_control_xfer+0xc8>
100054c8:	20003637          	lui	a2,0x20003
100054cc:	52860613          	addi	a2,a2,1320 # 20003528 <_ctrl_epbuf>
100054d0:	4581                	li	a1,0
100054d2:	8542                	mv	a0,a6
100054d4:	357d                	jal	10005382 <usbd_edpt_xfer>
100054d6:	cd19                	beqz	a0,100054f4 <tud_control_xfer+0xac>
100054d8:	40f2                	lw	ra,28(sp)
100054da:	4505                	li	a0,1
100054dc:	6105                	addi	sp,sp,32
100054de:	8082                	ret
100054e0:	0005c583          	lbu	a1,0(a1)
100054e4:	08000793          	li	a5,128
100054e8:	4681                	li	a3,0
100054ea:	4601                	li	a2,0
100054ec:	40b7f5b3          	andn	a1,a5,a1
100054f0:	3d49                	jal	10005382 <usbd_edpt_xfer>
100054f2:	f17d                	bnez	a0,100054d8 <tud_control_xfer+0x90>
100054f4:	9002                	ebreak
100054f6:	40f2                	lw	ra,28(sp)
100054f8:	4501                	li	a0,0
100054fa:	6105                	addi	sp,sp,32
100054fc:	8082                	ret
100054fe:	0007c583          	lbu	a1,0(a5)
10005502:	4601                	li	a2,0
10005504:	0805f593          	andi	a1,a1,128
10005508:	8542                	mv	a0,a6
1000550a:	3da5                	jal	10005382 <usbd_edpt_xfer>
1000550c:	f571                	bnez	a0,100054d8 <tud_control_xfer+0x90>
1000550e:	b7dd                	j	100054f4 <tud_control_xfer+0xac>
10005510:	200037b7          	lui	a5,0x20003
10005514:	85b2                	mv	a1,a2
10005516:	c62a                	sw	a0,12(sp)
10005518:	8636                	mv	a2,a3
1000551a:	52878513          	addi	a0,a5,1320 # 20003528 <_ctrl_epbuf>
1000551e:	c436                	sw	a3,8(sp)
10005520:	0fffd097          	auipc	ra,0xfffd
10005524:	7b4080e7          	jalr	1972(ra) # 20002cd4 <memcpy>
10005528:	4832                	lw	a6,12(sp)
1000552a:	46a2                	lw	a3,8(sp)
1000552c:	862a                	mv	a2,a0
1000552e:	08000593          	li	a1,128
10005532:	bfd9                	j	10005508 <tud_control_xfer+0xc0>

10005534 <usbd_control_reset>:
10005534:	200037b7          	lui	a5,0x20003
10005538:	56878793          	addi	a5,a5,1384 # 20003568 <_ctrl_xfer>
1000553c:	0007a023          	sw	zero,0(a5)
10005540:	0007a223          	sw	zero,4(a5)
10005544:	0007a423          	sw	zero,8(a5)
10005548:	0007a623          	sw	zero,12(a5)
1000554c:	0007a823          	sw	zero,16(a5)
10005550:	8082                	ret

10005552 <usbd_control_set_complete_callback>:
10005552:	200037b7          	lui	a5,0x20003
10005556:	56a7ac23          	sw	a0,1400(a5) # 20003578 <_ctrl_xfer+0x10>
1000555a:	8082                	ret

1000555c <usbd_control_set_request>:
1000555c:	00654703          	lbu	a4,6(a0)
10005560:	00054303          	lbu	t1,0(a0)
10005564:	00154883          	lbu	a7,1(a0)
10005568:	00254803          	lbu	a6,2(a0)
1000556c:	00354583          	lbu	a1,3(a0)
10005570:	00454603          	lbu	a2,4(a0)
10005574:	00554683          	lbu	a3,5(a0)
10005578:	200037b7          	lui	a5,0x20003
1000557c:	56878793          	addi	a5,a5,1384 # 20003568 <_ctrl_xfer>
10005580:	00678023          	sb	t1,0(a5)
10005584:	011780a3          	sb	a7,1(a5)
10005588:	01078123          	sb	a6,2(a5)
1000558c:	00b781a3          	sb	a1,3(a5)
10005590:	00c78223          	sb	a2,4(a5)
10005594:	00d782a3          	sb	a3,5(a5)
10005598:	00e78323          	sb	a4,6(a5)
1000559c:	00754703          	lbu	a4,7(a0)
100055a0:	0007a423          	sw	zero,8(a5)
100055a4:	0007a623          	sw	zero,12(a5)
100055a8:	00e783a3          	sb	a4,7(a5)
100055ac:	8082                	ret

100055ae <usbd_control_xfer_cb>:
100055ae:	200037b7          	lui	a5,0x20003
100055b2:	56878793          	addi	a5,a5,1384 # 20003568 <_ctrl_xfer>
100055b6:	4398                	lw	a4,0(a5)
100055b8:	1101                	addi	sp,sp,-32
100055ba:	cc22                	sw	s0,24(sp)
100055bc:	ce06                	sw	ra,28(sp)
100055be:	819d                	srli	a1,a1,0x7
100055c0:	48775713          	bexti	a4,a4,0x7
100055c4:	842a                	mv	s0,a0
100055c6:	02b70b63          	beq	a4,a1,100055fc <usbd_control_xfer_cb+0x4e>
100055ca:	c699                	beqz	a3,100055d8 <usbd_control_xfer_cb+0x2a>
100055cc:	9002                	ebreak
100055ce:	40f2                	lw	ra,28(sp)
100055d0:	4462                	lw	s0,24(sp)
100055d2:	4501                	li	a0,0
100055d4:	6105                	addi	sp,sp,32
100055d6:	8082                	ret
100055d8:	85be                	mv	a1,a5
100055da:	822ff0ef          	jal	100045fc <dcd_edpt0_status_complete>
100055de:	200037b7          	lui	a5,0x20003
100055e2:	56878793          	addi	a5,a5,1384 # 20003568 <_ctrl_xfer>
100055e6:	4b98                	lw	a4,16(a5)
100055e8:	c709                	beqz	a4,100055f2 <usbd_control_xfer_cb+0x44>
100055ea:	863e                	mv	a2,a5
100055ec:	8522                	mv	a0,s0
100055ee:	458d                	li	a1,3
100055f0:	9702                	jalr	a4
100055f2:	4505                	li	a0,1
100055f4:	40f2                	lw	ra,28(sp)
100055f6:	4462                	lw	s0,24(sp)
100055f8:	6105                	addi	sp,sp,32
100055fa:	8082                	ret
100055fc:	00078703          	lb	a4,0(a5)
10005600:	02074363          	bltz	a4,10005626 <usbd_control_xfer_cb+0x78>
10005604:	4788                	lw	a0,8(a5)
10005606:	d561                	beqz	a0,100055ce <usbd_control_xfer_cb+0x20>
10005608:	200035b7          	lui	a1,0x20003
1000560c:	8636                	mv	a2,a3
1000560e:	52858593          	addi	a1,a1,1320 # 20003528 <_ctrl_epbuf>
10005612:	c636                	sw	a3,12(sp)
10005614:	0fffd097          	auipc	ra,0xfffd
10005618:	6c0080e7          	jalr	1728(ra) # 20002cd4 <memcpy>
1000561c:	46b2                	lw	a3,12(sp)
1000561e:	200037b7          	lui	a5,0x20003
10005622:	56878793          	addi	a5,a5,1384 # 20003568 <_ctrl_xfer>
10005626:	00e7d703          	lhu	a4,14(a5)
1000562a:	478c                	lw	a1,8(a5)
1000562c:	0067d603          	lhu	a2,6(a5)
10005630:	9736                	add	a4,a4,a3
10005632:	08074733          	zext.h	a4,a4
10005636:	95b6                	add	a1,a1,a3
10005638:	00e79723          	sh	a4,14(a5)
1000563c:	c78c                	sw	a1,8(a5)
1000563e:	02e60f63          	beq	a2,a4,1000567c <usbd_control_xfer_cb+0xce>
10005642:	0406b693          	sltiu	a3,a3,64
10005646:	ea9d                	bnez	a3,1000567c <usbd_control_xfer_cb+0xce>
10005648:	00c7d603          	lhu	a2,12(a5)
1000564c:	00078783          	lb	a5,0(a5)
10005650:	04000513          	li	a0,64
10005654:	40e606b3          	sub	a3,a2,a4
10005658:	0806c6b3          	zext.h	a3,a3
1000565c:	0aa6d6b3          	minu	a3,a3,a0
10005660:	0607c163          	bltz	a5,100056c2 <usbd_control_xfer_cb+0x114>
10005664:	08c70463          	beq	a4,a2,100056ec <usbd_control_xfer_cb+0x13e>
10005668:	20003637          	lui	a2,0x20003
1000566c:	52860613          	addi	a2,a2,1320 # 20003528 <_ctrl_epbuf>
10005670:	4581                	li	a1,0
10005672:	8522                	mv	a0,s0
10005674:	3339                	jal	10005382 <usbd_edpt_xfer>
10005676:	d939                	beqz	a0,100055cc <usbd_control_xfer_cb+0x1e>
10005678:	4505                	li	a0,1
1000567a:	bfad                	j	100055f4 <usbd_control_xfer_cb+0x46>
1000567c:	4b98                	lw	a4,16(a5)
1000567e:	cb11                	beqz	a4,10005692 <usbd_control_xfer_cb+0xe4>
10005680:	863e                	mv	a2,a5
10005682:	4589                	li	a1,2
10005684:	8522                	mv	a0,s0
10005686:	9702                	jalr	a4
10005688:	200037b7          	lui	a5,0x20003
1000568c:	56878793          	addi	a5,a5,1384 # 20003568 <_ctrl_xfer>
10005690:	cd11                	beqz	a0,100056ac <usbd_control_xfer_cb+0xfe>
10005692:	0007c583          	lbu	a1,0(a5)
10005696:	08000793          	li	a5,128
1000569a:	8522                	mv	a0,s0
1000569c:	4681                	li	a3,0
1000569e:	40b7f5b3          	andn	a1,a5,a1
100056a2:	4601                	li	a2,0
100056a4:	39f9                	jal	10005382 <usbd_edpt_xfer>
100056a6:	d11d                	beqz	a0,100055cc <usbd_control_xfer_cb+0x1e>
100056a8:	4505                	li	a0,1
100056aa:	b7a9                	j	100055f4 <usbd_control_xfer_cb+0x46>
100056ac:	4581                	li	a1,0
100056ae:	8522                	mv	a0,s0
100056b0:	8b2ff0ef          	jal	10004762 <dcd_edpt_stall>
100056b4:	8522                	mv	a0,s0
100056b6:	08000593          	li	a1,128
100056ba:	8a8ff0ef          	jal	10004762 <dcd_edpt_stall>
100056be:	4505                	li	a0,1
100056c0:	bf15                	j	100055f4 <usbd_control_xfer_cb+0x46>
100056c2:	02c70163          	beq	a4,a2,100056e4 <usbd_control_xfer_cb+0x136>
100056c6:	200037b7          	lui	a5,0x20003
100056ca:	8636                	mv	a2,a3
100056cc:	52878513          	addi	a0,a5,1320 # 20003528 <_ctrl_epbuf>
100056d0:	c636                	sw	a3,12(sp)
100056d2:	0fffd097          	auipc	ra,0xfffd
100056d6:	602080e7          	jalr	1538(ra) # 20002cd4 <memcpy>
100056da:	46b2                	lw	a3,12(sp)
100056dc:	862a                	mv	a2,a0
100056de:	08000593          	li	a1,128
100056e2:	bf41                	j	10005672 <usbd_control_xfer_cb+0xc4>
100056e4:	08000593          	li	a1,128
100056e8:	4601                	li	a2,0
100056ea:	b761                	j	10005672 <usbd_control_xfer_cb+0xc4>
100056ec:	4581                	li	a1,0
100056ee:	4601                	li	a2,0
100056f0:	b749                	j	10005672 <usbd_control_xfer_cb+0xc4>

100056f2 <_prep_out_transaction.isra.0>:
100056f2:	1101                	addi	sp,sp,-32
100056f4:	ca26                	sw	s1,20(sp)
100056f6:	ce06                	sw	ra,28(sp)
100056f8:	84aa                	mv	s1,a0
100056fa:	974ff0ef          	jal	1000486e <tud_mounted>
100056fe:	e509                	bnez	a0,10005708 <_prep_out_transaction.isra.0+0x16>
10005700:	40f2                	lw	ra,28(sp)
10005702:	44d2                	lw	s1,20(sp)
10005704:	6105                	addi	sp,sp,32
10005706:	8082                	ret
10005708:	978ff0ef          	jal	10004880 <tud_suspended>
1000570c:	f975                	bnez	a0,10005700 <_prep_out_transaction.isra.0+0xe>
1000570e:	20003737          	lui	a4,0x20003
10005712:	2094c7b3          	sh2add	a5,s1,s1
10005716:	20f7c7b3          	sh2add	a5,a5,a5
1000571a:	46070713          	addi	a4,a4,1120 # 20003460 <_cdcd_itf>
1000571e:	20e7e6b3          	sh3add	a3,a5,a4
10005722:	0036c603          	lbu	a2,3(a3)
10005726:	078e                	slli	a5,a5,0x3
10005728:	de61                	beqz	a2,10005700 <_prep_out_transaction.isra.0+0xe>
1000572a:	07c1                	addi	a5,a5,16
1000572c:	cc22                	sw	s0,24(sp)
1000572e:	00e78433          	add	s0,a5,a4
10005732:	8522                	mv	a0,s0
10005734:	c636                	sw	a3,12(sp)
10005736:	1c3000ef          	jal	100060f8 <tu_fifo_remaining>
1000573a:	03f00793          	li	a5,63
1000573e:	00a7e463          	bltu	a5,a0,10005746 <_prep_out_transaction.isra.0+0x54>
10005742:	4462                	lw	s0,24(sp)
10005744:	bf75                	j	10005700 <_prep_out_transaction.isra.0+0xe>
10005746:	46b2                	lw	a3,12(sp)
10005748:	4501                	li	a0,0
1000574a:	0036c583          	lbu	a1,3(a3)
1000574e:	3ec5                	jal	1000533e <usbd_edpt_claim>
10005750:	d96d                	beqz	a0,10005742 <_prep_out_transaction.isra.0+0x50>
10005752:	8522                	mv	a0,s0
10005754:	1a5000ef          	jal	100060f8 <tu_fifo_remaining>
10005758:	46b2                	lw	a3,12(sp)
1000575a:	03f00793          	li	a5,63
1000575e:	0036c583          	lbu	a1,3(a3)
10005762:	02a7f163          	bgeu	a5,a0,10005784 <_prep_out_transaction.isra.0+0x92>
10005766:	4462                	lw	s0,24(sp)
10005768:	40f2                	lw	ra,28(sp)
1000576a:	00749793          	slli	a5,s1,0x7
1000576e:	20003637          	lui	a2,0x20003
10005772:	44d2                	lw	s1,20(sp)
10005774:	3e060613          	addi	a2,a2,992 # 200033e0 <_cdcd_epbuf>
10005778:	963e                	add	a2,a2,a5
1000577a:	04000693          	li	a3,64
1000577e:	4501                	li	a0,0
10005780:	6105                	addi	sp,sp,32
10005782:	b101                	j	10005382 <usbd_edpt_xfer>
10005784:	4462                	lw	s0,24(sp)
10005786:	40f2                	lw	ra,28(sp)
10005788:	44d2                	lw	s1,20(sp)
1000578a:	4501                	li	a0,0
1000578c:	6105                	addi	sp,sp,32
1000578e:	bec9                	j	10005360 <usbd_edpt_release>

10005790 <tud_cdc_n_connected>:
10005790:	1141                	addi	sp,sp,-16
10005792:	c422                	sw	s0,8(sp)
10005794:	c606                	sw	ra,12(sp)
10005796:	842a                	mv	s0,a0
10005798:	8d6ff0ef          	jal	1000486e <tud_mounted>
1000579c:	e511                	bnez	a0,100057a8 <tud_cdc_n_connected+0x18>
1000579e:	40b2                	lw	ra,12(sp)
100057a0:	4422                	lw	s0,8(sp)
100057a2:	4501                	li	a0,0
100057a4:	0141                	addi	sp,sp,16
100057a6:	8082                	ret
100057a8:	8d8ff0ef          	jal	10004880 <tud_suspended>
100057ac:	f96d                	bnez	a0,1000579e <tud_cdc_n_connected+0xe>
100057ae:	208447b3          	sh2add	a5,s0,s0
100057b2:	20003737          	lui	a4,0x20003
100057b6:	20f7c7b3          	sh2add	a5,a5,a5
100057ba:	46070713          	addi	a4,a4,1120 # 20003460 <_cdcd_itf>
100057be:	20e7e7b3          	sh3add	a5,a5,a4
100057c2:	0047c503          	lbu	a0,4(a5)
100057c6:	40b2                	lw	ra,12(sp)
100057c8:	4422                	lw	s0,8(sp)
100057ca:	8905                	andi	a0,a0,1
100057cc:	0141                	addi	sp,sp,16
100057ce:	8082                	ret

100057d0 <tud_cdc_n_available>:
100057d0:	20a54533          	sh2add	a0,a0,a0
100057d4:	20a54533          	sh2add	a0,a0,a0
100057d8:	00351793          	slli	a5,a0,0x3
100057dc:	20003537          	lui	a0,0x20003
100057e0:	07c1                	addi	a5,a5,16
100057e2:	46050513          	addi	a0,a0,1120 # 20003460 <_cdcd_itf>
100057e6:	1141                	addi	sp,sp,-16
100057e8:	953e                	add	a0,a0,a5
100057ea:	c606                	sw	ra,12(sp)
100057ec:	0d3000ef          	jal	100060be <tu_fifo_count>
100057f0:	40b2                	lw	ra,12(sp)
100057f2:	0141                	addi	sp,sp,16
100057f4:	8082                	ret

100057f6 <tud_cdc_n_read>:
100057f6:	20a54733          	sh2add	a4,a0,a0
100057fa:	67c1                	lui	a5,0x10
100057fc:	1101                	addi	sp,sp,-32
100057fe:	20e74733          	sh2add	a4,a4,a4
10005802:	17fd                	addi	a5,a5,-1 # ffff <XIP_RAM_LENGTH+0xbfff>
10005804:	cc22                	sw	s0,24(sp)
10005806:	ca26                	sw	s1,20(sp)
10005808:	00f637b3          	sltu	a5,a2,a5
1000580c:	00371413          	slli	s0,a4,0x3
10005810:	200034b7          	lui	s1,0x20003
10005814:	01040713          	addi	a4,s0,16
10005818:	17fd                	addi	a5,a5,-1
1000581a:	46048493          	addi	s1,s1,1120 # 20003460 <_cdcd_itf>
1000581e:	c64e                	sw	s3,12(sp)
10005820:	8e5d                	or	a2,a2,a5
10005822:	009709b3          	add	s3,a4,s1
10005826:	c84a                	sw	s2,16(sp)
10005828:	08064633          	zext.h	a2,a2
1000582c:	892a                	mv	s2,a0
1000582e:	854e                	mv	a0,s3
10005830:	c452                	sw	s4,8(sp)
10005832:	ce06                	sw	ra,28(sp)
10005834:	1d7000ef          	jal	1000620a <tu_fifo_read_n>
10005838:	8a2a                	mv	s4,a0
1000583a:	834ff0ef          	jal	1000486e <tud_mounted>
1000583e:	e911                	bnez	a0,10005852 <tud_cdc_n_read+0x5c>
10005840:	40f2                	lw	ra,28(sp)
10005842:	4462                	lw	s0,24(sp)
10005844:	44d2                	lw	s1,20(sp)
10005846:	4942                	lw	s2,16(sp)
10005848:	49b2                	lw	s3,12(sp)
1000584a:	8552                	mv	a0,s4
1000584c:	4a22                	lw	s4,8(sp)
1000584e:	6105                	addi	sp,sp,32
10005850:	8082                	ret
10005852:	82eff0ef          	jal	10004880 <tud_suspended>
10005856:	f56d                	bnez	a0,10005840 <tud_cdc_n_read+0x4a>
10005858:	94a2                	add	s1,s1,s0
1000585a:	0034c783          	lbu	a5,3(s1)
1000585e:	d3ed                	beqz	a5,10005840 <tud_cdc_n_read+0x4a>
10005860:	854e                	mv	a0,s3
10005862:	097000ef          	jal	100060f8 <tu_fifo_remaining>
10005866:	03f00413          	li	s0,63
1000586a:	fca47be3          	bgeu	s0,a0,10005840 <tud_cdc_n_read+0x4a>
1000586e:	0034c583          	lbu	a1,3(s1)
10005872:	4501                	li	a0,0
10005874:	34e9                	jal	1000533e <usbd_edpt_claim>
10005876:	d569                	beqz	a0,10005840 <tud_cdc_n_read+0x4a>
10005878:	854e                	mv	a0,s3
1000587a:	07f000ef          	jal	100060f8 <tu_fifo_remaining>
1000587e:	0034c583          	lbu	a1,3(s1)
10005882:	00a47d63          	bgeu	s0,a0,1000589c <tud_cdc_n_read+0xa6>
10005886:	20003637          	lui	a2,0x20003
1000588a:	091e                	slli	s2,s2,0x7
1000588c:	3e060613          	addi	a2,a2,992 # 200033e0 <_cdcd_epbuf>
10005890:	964a                	add	a2,a2,s2
10005892:	04000693          	li	a3,64
10005896:	4501                	li	a0,0
10005898:	34ed                	jal	10005382 <usbd_edpt_xfer>
1000589a:	b75d                	j	10005840 <tud_cdc_n_read+0x4a>
1000589c:	4501                	li	a0,0
1000589e:	34c9                	jal	10005360 <usbd_edpt_release>
100058a0:	b745                	j	10005840 <tud_cdc_n_read+0x4a>

100058a2 <tud_cdc_n_write_flush>:
100058a2:	1101                	addi	sp,sp,-32
100058a4:	ca26                	sw	s1,20(sp)
100058a6:	ce06                	sw	ra,28(sp)
100058a8:	84aa                	mv	s1,a0
100058aa:	fc5fe0ef          	jal	1000486e <tud_mounted>
100058ae:	e511                	bnez	a0,100058ba <tud_cdc_n_write_flush+0x18>
100058b0:	4501                	li	a0,0
100058b2:	40f2                	lw	ra,28(sp)
100058b4:	44d2                	lw	s1,20(sp)
100058b6:	6105                	addi	sp,sp,32
100058b8:	8082                	ret
100058ba:	fc7fe0ef          	jal	10004880 <tud_suspended>
100058be:	f96d                	bnez	a0,100058b0 <tud_cdc_n_write_flush+0xe>
100058c0:	2094c7b3          	sh2add	a5,s1,s1
100058c4:	20f7c7b3          	sh2add	a5,a5,a5
100058c8:	078e                	slli	a5,a5,0x3
100058ca:	20003737          	lui	a4,0x20003
100058ce:	02478693          	addi	a3,a5,36
100058d2:	46070713          	addi	a4,a4,1120 # 20003460 <_cdcd_itf>
100058d6:	cc22                	sw	s0,24(sp)
100058d8:	00e68433          	add	s0,a3,a4
100058dc:	8522                	mv	a0,s0
100058de:	c63e                	sw	a5,12(sp)
100058e0:	2ff9                	jal	100060be <tu_fifo_count>
100058e2:	c10d                	beqz	a0,10005904 <tud_cdc_n_write_flush+0x62>
100058e4:	200037b7          	lui	a5,0x20003
100058e8:	46078713          	addi	a4,a5,1120 # 20003460 <_cdcd_itf>
100058ec:	47b2                	lw	a5,12(sp)
100058ee:	c84a                	sw	s2,16(sp)
100058f0:	4501                	li	a0,0
100058f2:	97ba                	add	a5,a5,a4
100058f4:	0027c583          	lbu	a1,2(a5)
100058f8:	893e                	mv	s2,a5
100058fa:	3491                	jal	1000533e <usbd_edpt_claim>
100058fc:	e511                	bnez	a0,10005908 <tud_cdc_n_write_flush+0x66>
100058fe:	4462                	lw	s0,24(sp)
10005900:	4942                	lw	s2,16(sp)
10005902:	b77d                	j	100058b0 <tud_cdc_n_write_flush+0xe>
10005904:	4462                	lw	s0,24(sp)
10005906:	b76d                	j	100058b0 <tud_cdc_n_write_flush+0xe>
10005908:	00749793          	slli	a5,s1,0x7
1000590c:	20003737          	lui	a4,0x20003
10005910:	3e070713          	addi	a4,a4,992 # 200033e0 <_cdcd_epbuf>
10005914:	04078793          	addi	a5,a5,64
10005918:	97ba                	add	a5,a5,a4
1000591a:	85be                	mv	a1,a5
1000591c:	8522                	mv	a0,s0
1000591e:	04000613          	li	a2,64
10005922:	c63e                	sw	a5,12(sp)
10005924:	0e7000ef          	jal	1000620a <tu_fifo_read_n>
10005928:	00294583          	lbu	a1,2(s2)
1000592c:	86aa                	mv	a3,a0
1000592e:	cd01                	beqz	a0,10005946 <tud_cdc_n_write_flush+0xa4>
10005930:	4632                	lw	a2,12(sp)
10005932:	c62a                	sw	a0,12(sp)
10005934:	4501                	li	a0,0
10005936:	34b1                	jal	10005382 <usbd_edpt_xfer>
10005938:	87aa                	mv	a5,a0
1000593a:	4532                	lw	a0,12(sp)
1000593c:	eb89                	bnez	a5,1000594e <tud_cdc_n_write_flush+0xac>
1000593e:	9002                	ebreak
10005940:	4462                	lw	s0,24(sp)
10005942:	4942                	lw	s2,16(sp)
10005944:	b7b5                	j	100058b0 <tud_cdc_n_write_flush+0xe>
10005946:	3c29                	jal	10005360 <usbd_edpt_release>
10005948:	4462                	lw	s0,24(sp)
1000594a:	4942                	lw	s2,16(sp)
1000594c:	b795                	j	100058b0 <tud_cdc_n_write_flush+0xe>
1000594e:	4462                	lw	s0,24(sp)
10005950:	4942                	lw	s2,16(sp)
10005952:	b785                	j	100058b2 <tud_cdc_n_write_flush+0x10>

10005954 <tud_cdc_n_write>:
10005954:	1141                	addi	sp,sp,-16
10005956:	c422                	sw	s0,8(sp)
10005958:	67c1                	lui	a5,0x10
1000595a:	20a54433          	sh2add	s0,a0,a0
1000595e:	20844433          	sh2add	s0,s0,s0
10005962:	17fd                	addi	a5,a5,-1 # ffff <XIP_RAM_LENGTH+0xbfff>
10005964:	00f637b3          	sltu	a5,a2,a5
10005968:	040e                	slli	s0,s0,0x3
1000596a:	20003737          	lui	a4,0x20003
1000596e:	17fd                	addi	a5,a5,-1
10005970:	46070713          	addi	a4,a4,1120 # 20003460 <_cdcd_itf>
10005974:	02440413          	addi	s0,s0,36
10005978:	943a                	add	s0,s0,a4
1000597a:	8e5d                	or	a2,a2,a5
1000597c:	c226                	sw	s1,4(sp)
1000597e:	08064633          	zext.h	a2,a2
10005982:	84aa                	mv	s1,a0
10005984:	8522                	mv	a0,s0
10005986:	c606                	sw	ra,12(sp)
10005988:	c04a                	sw	s2,0(sp)
1000598a:	2c3000ef          	jal	1000644c <tu_fifo_write_n>
1000598e:	892a                	mv	s2,a0
10005990:	8522                	mv	a0,s0
10005992:	2735                	jal	100060be <tu_fifo_count>
10005994:	03f00793          	li	a5,63
10005998:	00a7e963          	bltu	a5,a0,100059aa <tud_cdc_n_write+0x56>
1000599c:	40b2                	lw	ra,12(sp)
1000599e:	4422                	lw	s0,8(sp)
100059a0:	4492                	lw	s1,4(sp)
100059a2:	854a                	mv	a0,s2
100059a4:	4902                	lw	s2,0(sp)
100059a6:	0141                	addi	sp,sp,16
100059a8:	8082                	ret
100059aa:	8526                	mv	a0,s1
100059ac:	3ddd                	jal	100058a2 <tud_cdc_n_write_flush>
100059ae:	40b2                	lw	ra,12(sp)
100059b0:	4422                	lw	s0,8(sp)
100059b2:	4492                	lw	s1,4(sp)
100059b4:	854a                	mv	a0,s2
100059b6:	4902                	lw	s2,0(sp)
100059b8:	0141                	addi	sp,sp,16
100059ba:	8082                	ret

100059bc <tud_cdc_n_write_available>:
100059bc:	20a54533          	sh2add	a0,a0,a0
100059c0:	20a54533          	sh2add	a0,a0,a0
100059c4:	00351793          	slli	a5,a0,0x3
100059c8:	20003537          	lui	a0,0x20003
100059cc:	02478793          	addi	a5,a5,36
100059d0:	46050513          	addi	a0,a0,1120 # 20003460 <_cdcd_itf>
100059d4:	1141                	addi	sp,sp,-16
100059d6:	953e                	add	a0,a0,a5
100059d8:	c606                	sw	ra,12(sp)
100059da:	2f39                	jal	100060f8 <tu_fifo_remaining>
100059dc:	40b2                	lw	ra,12(sp)
100059de:	0141                	addi	sp,sp,16
100059e0:	8082                	ret

100059e2 <cdcd_init>:
100059e2:	1141                	addi	sp,sp,-16
100059e4:	c422                	sw	s0,8(sp)
100059e6:	20003437          	lui	s0,0x20003
100059ea:	46040413          	addi	s0,s0,1120 # 20003460 <_cdcd_itf>
100059ee:	8522                	mv	a0,s0
100059f0:	0c800613          	li	a2,200
100059f4:	4581                	li	a1,0
100059f6:	c606                	sw	ra,12(sp)
100059f8:	c226                	sw	s1,4(sp)
100059fa:	c04a                	sw	s2,0(sp)
100059fc:	0fffd097          	auipc	ra,0xfffd
10005a00:	160080e7          	jalr	352(ra) # 20002b5c <memset>
10005a04:	67f1                	lui	a5,0x1c
10005a06:	20078793          	addi	a5,a5,512 # 1c200 <XIP_RAM_LENGTH+0x18200>
10005a0a:	c41c                	sw	a5,8(s0)
10005a0c:	577d                	li	a4,-1
10005a0e:	47a1                	li	a5,8
10005a10:	200035b7          	lui	a1,0x20003
10005a14:	20003537          	lui	a0,0x20003
10005a18:	00e402a3          	sb	a4,5(s0)
10005a1c:	00f40723          	sb	a5,14(s0)
10005a20:	49858593          	addi	a1,a1,1176 # 20003498 <_cdcd_itf+0x38>
10005a24:	4701                	li	a4,0
10005a26:	4685                	li	a3,1
10005a28:	04000613          	li	a2,64
10005a2c:	47050513          	addi	a0,a0,1136 # 20003470 <_cdcd_itf+0x10>
10005a30:	880185a3          	sb	zero,-1909(gp) # 20003bbc <_cdcd_fifo_cfg>
10005a34:	2509                	jal	10006036 <tu_fifo_config>
10005a36:	4705                	li	a4,1
10005a38:	200035b7          	lui	a1,0x20003
10005a3c:	20003537          	lui	a0,0x20003
10005a40:	86ba                	mv	a3,a4
10005a42:	4d858593          	addi	a1,a1,1240 # 200034d8 <_cdcd_itf+0x78>
10005a46:	04000613          	li	a2,64
10005a4a:	48450513          	addi	a0,a0,1156 # 20003484 <_cdcd_itf+0x24>
10005a4e:	23e5                	jal	10006036 <tu_fifo_config>
10005a50:	20003937          	lui	s2,0x20003
10005a54:	51890513          	addi	a0,s2,1304 # 20003518 <_cdcd_itf+0xb8>
10005a58:	9defb0ef          	jal	10000c36 <mutex_init>
10005a5c:	200034b7          	lui	s1,0x20003
10005a60:	52048513          	addi	a0,s1,1312 # 20003520 <_cdcd_itf+0xc0>
10005a64:	9d2fb0ef          	jal	10000c36 <mutex_init>
10005a68:	51890913          	addi	s2,s2,1304
10005a6c:	52048493          	addi	s1,s1,1312
10005a70:	03242023          	sw	s2,32(s0)
10005a74:	d804                	sw	s1,48(s0)
10005a76:	40b2                	lw	ra,12(sp)
10005a78:	00042e23          	sw	zero,28(s0)
10005a7c:	02042a23          	sw	zero,52(s0)
10005a80:	4422                	lw	s0,8(sp)
10005a82:	4492                	lw	s1,4(sp)
10005a84:	4902                	lw	s2,0(sp)
10005a86:	0141                	addi	sp,sp,16
10005a88:	8082                	ret

10005a8a <cdcd_deinit>:
10005a8a:	200037b7          	lui	a5,0x20003
10005a8e:	46078793          	addi	a5,a5,1120 # 20003460 <_cdcd_itf>
10005a92:	5b94                	lw	a3,48(a5)
10005a94:	5398                	lw	a4,32(a5)
10005a96:	c295                	beqz	a3,10005aba <cdcd_deinit+0x30>
10005a98:	cb19                	beqz	a4,10005aae <cdcd_deinit+0x24>
10005a9a:	0007ae23          	sw	zero,28(a5)
10005a9e:	0207aa23          	sw	zero,52(a5)
10005aa2:	0207a823          	sw	zero,48(a5)
10005aa6:	0207a023          	sw	zero,32(a5)
10005aaa:	4505                	li	a0,1
10005aac:	8082                	ret
10005aae:	0207aa23          	sw	zero,52(a5)
10005ab2:	0207a823          	sw	zero,48(a5)
10005ab6:	4505                	li	a0,1
10005ab8:	8082                	ret
10005aba:	db65                	beqz	a4,10005aaa <cdcd_deinit+0x20>
10005abc:	0007ae23          	sw	zero,28(a5)
10005ac0:	b7dd                	j	10005aa6 <cdcd_deinit+0x1c>

10005ac2 <cdcd_reset>:
10005ac2:	88b1c783          	lbu	a5,-1909(gp) # 20003bbc <_cdcd_fifo_cfg>
10005ac6:	1141                	addi	sp,sp,-16
10005ac8:	20003737          	lui	a4,0x20003
10005acc:	c606                	sw	ra,12(sp)
10005ace:	46070713          	addi	a4,a4,1120 # 20003460 <_cdcd_itf>
10005ad2:	0017f613          	andi	a2,a5,1
10005ad6:	00072023          	sw	zero,0(a4)
10005ada:	00070223          	sb	zero,4(a4)
10005ade:	ce01                	beqz	a2,10005af6 <cdcd_reset+0x34>
10005ae0:	8b89                	andi	a5,a5,2
10005ae2:	20003737          	lui	a4,0x20003
10005ae6:	c785                	beqz	a5,10005b0e <cdcd_reset+0x4c>
10005ae8:	40b2                	lw	ra,12(sp)
10005aea:	48470513          	addi	a0,a4,1156 # 20003484 <_cdcd_itf+0x24>
10005aee:	4585                	li	a1,1
10005af0:	0141                	addi	sp,sp,16
10005af2:	3830006f          	j	10006674 <tu_fifo_set_overwritable>
10005af6:	20003537          	lui	a0,0x20003
10005afa:	47050513          	addi	a0,a0,1136 # 20003470 <_cdcd_itf+0x10>
10005afe:	329000ef          	jal	10006626 <tu_fifo_clear>
10005b02:	88b1c783          	lbu	a5,-1909(gp) # 20003bbc <_cdcd_fifo_cfg>
10005b06:	20003737          	lui	a4,0x20003
10005b0a:	8b89                	andi	a5,a5,2
10005b0c:	fff1                	bnez	a5,10005ae8 <cdcd_reset+0x26>
10005b0e:	48470513          	addi	a0,a4,1156 # 20003484 <_cdcd_itf+0x24>
10005b12:	315000ef          	jal	10006626 <tu_fifo_clear>
10005b16:	40b2                	lw	ra,12(sp)
10005b18:	20003737          	lui	a4,0x20003
10005b1c:	48470513          	addi	a0,a4,1156 # 20003484 <_cdcd_itf+0x24>
10005b20:	4585                	li	a1,1
10005b22:	0141                	addi	sp,sp,16
10005b24:	3510006f          	j	10006674 <tu_fifo_set_overwritable>

10005b28 <cdcd_open>:
10005b28:	0055c783          	lbu	a5,5(a1)
10005b2c:	4709                	li	a4,2
10005b2e:	00e79e63          	bne	a5,a4,10005b4a <cdcd_open+0x22>
10005b32:	0065c703          	lbu	a4,6(a1)
10005b36:	00f71a63          	bne	a4,a5,10005b4a <cdcd_open+0x22>
10005b3a:	200038b7          	lui	a7,0x20003
10005b3e:	46088893          	addi	a7,a7,1120 # 20003460 <_cdcd_itf>
10005b42:	0028c783          	lbu	a5,2(a7)
10005b46:	c789                	beqz	a5,10005b50 <cdcd_open+0x28>
10005b48:	9002                	ebreak
10005b4a:	4801                	li	a6,0
10005b4c:	8542                	mv	a0,a6
10005b4e:	8082                	ret
10005b50:	1101                	addi	sp,sp,-32
10005b52:	ce06                	sw	ra,28(sp)
10005b54:	0025c703          	lbu	a4,2(a1)
10005b58:	02400793          	li	a5,36
10005b5c:	832a                	mv	t1,a0
10005b5e:	00e88023          	sb	a4,0(a7)
10005b62:	0005c703          	lbu	a4,0(a1)
10005b66:	4825                	li	a6,9
10005b68:	95ba                	add	a1,a1,a4
10005b6a:	0015c703          	lbu	a4,1(a1)
10005b6e:	86ba                	mv	a3,a4
10005b70:	00f71e63          	bne	a4,a5,10005b8c <cdcd_open+0x64>
10005b74:	03066863          	bltu	a2,a6,10005ba4 <cdcd_open+0x7c>
10005b78:	0005c783          	lbu	a5,0(a1)
10005b7c:	95be                	add	a1,a1,a5
10005b7e:	0015c703          	lbu	a4,1(a1)
10005b82:	97c2                	add	a5,a5,a6
10005b84:	0807c833          	zext.h	a6,a5
10005b88:	fed706e3          	beq	a4,a3,10005b74 <cdcd_open+0x4c>
10005b8c:	4695                	li	a3,5
10005b8e:	87ba                	mv	a5,a4
10005b90:	02d70263          	beq	a4,a3,10005bb4 <cdcd_open+0x8c>
10005b94:	4711                	li	a4,4
10005b96:	00e79763          	bne	a5,a4,10005ba4 <cdcd_open+0x7c>
10005b9a:	0055c703          	lbu	a4,5(a1)
10005b9e:	47a9                	li	a5,10
10005ba0:	04f70863          	beq	a4,a5,10005bf0 <cdcd_open+0xc8>
10005ba4:	4501                	li	a0,0
10005ba6:	c242                	sw	a6,4(sp)
10005ba8:	36a9                	jal	100056f2 <_prep_out_transaction.isra.0>
10005baa:	4812                	lw	a6,4(sp)
10005bac:	40f2                	lw	ra,28(sp)
10005bae:	8542                	mv	a0,a6
10005bb0:	6105                	addi	sp,sp,32
10005bb2:	8082                	ret
10005bb4:	851a                	mv	a0,t1
10005bb6:	c642                	sw	a6,12(sp)
10005bb8:	c42e                	sw	a1,8(sp)
10005bba:	c21a                	sw	t1,4(sp)
10005bbc:	f32ff0ef          	jal	100052ee <usbd_edpt_open>
10005bc0:	200037b7          	lui	a5,0x20003
10005bc4:	4312                	lw	t1,4(sp)
10005bc6:	45a2                	lw	a1,8(sp)
10005bc8:	4832                	lw	a6,12(sp)
10005bca:	46078893          	addi	a7,a5,1120 # 20003460 <_cdcd_itf>
10005bce:	cd11                	beqz	a0,10005bea <cdcd_open+0xc2>
10005bd0:	0025c783          	lbu	a5,2(a1)
10005bd4:	00f880a3          	sb	a5,1(a7)
10005bd8:	0005c703          	lbu	a4,0(a1)
10005bdc:	95ba                	add	a1,a1,a4
10005bde:	9742                	add	a4,a4,a6
10005be0:	0015c783          	lbu	a5,1(a1)
10005be4:	08074833          	zext.h	a6,a4
10005be8:	b775                	j	10005b94 <cdcd_open+0x6c>
10005bea:	9002                	ebreak
10005bec:	4801                	li	a6,0
10005bee:	bf7d                	j	10005bac <cdcd_open+0x84>
10005bf0:	0005c883          	lbu	a7,0(a1)
10005bf4:	4689                	li	a3,2
10005bf6:	200037b7          	lui	a5,0x20003
10005bfa:	20003737          	lui	a4,0x20003
10005bfe:	95c6                	add	a1,a1,a7
10005c00:	851a                	mv	a0,t1
10005c02:	46278793          	addi	a5,a5,1122 # 20003462 <_cdcd_itf+0x2>
10005c06:	46370713          	addi	a4,a4,1123 # 20003463 <_cdcd_itf+0x3>
10005c0a:	8636                	mv	a2,a3
10005c0c:	c442                	sw	a6,8(sp)
10005c0e:	c246                	sw	a7,4(sp)
10005c10:	e1cff0ef          	jal	1000522c <usbd_open_edpt_pair>
10005c14:	4892                	lw	a7,4(sp)
10005c16:	4822                	lw	a6,8(sp)
10005c18:	d969                	beqz	a0,10005bea <cdcd_open+0xc2>
10005c1a:	0839                	addi	a6,a6,14
10005c1c:	98c2                	add	a7,a7,a6
10005c1e:	0808c833          	zext.h	a6,a7
10005c22:	b749                	j	10005ba4 <cdcd_open+0x7c>

10005c24 <cdcd_control_xfer_cb>:
10005c24:	00064783          	lbu	a5,0(a2)
10005c28:	02000713          	li	a4,32
10005c2c:	0607f793          	andi	a5,a5,96
10005c30:	02e79363          	bne	a5,a4,10005c56 <cdcd_control_xfer_cb+0x32>
10005c34:	00564703          	lbu	a4,5(a2)
10005c38:	20003837          	lui	a6,0x20003
10005c3c:	00464683          	lbu	a3,4(a2)
10005c40:	46080813          	addi	a6,a6,1120 # 20003460 <_cdcd_itf>
10005c44:	00084883          	lbu	a7,0(a6)
10005c48:	0722                	slli	a4,a4,0x8
10005c4a:	8f55                	or	a4,a4,a3
10005c4c:	4681                	li	a3,0
10005c4e:	00e88763          	beq	a7,a4,10005c5c <cdcd_control_xfer_cb+0x38>
10005c52:	8536                	mv	a0,a3
10005c54:	8082                	ret
10005c56:	4681                	li	a3,0
10005c58:	8536                	mv	a0,a3
10005c5a:	8082                	ret
10005c5c:	1101                	addi	sp,sp,-32
10005c5e:	ce06                	sw	ra,28(sp)
10005c60:	00164703          	lbu	a4,1(a2)
10005c64:	02200893          	li	a7,34
10005c68:	07170c63          	beq	a4,a7,10005ce0 <cdcd_control_xfer_cb+0xbc>
10005c6c:	02e8e063          	bltu	a7,a4,10005c8c <cdcd_control_xfer_cb+0x68>
10005c70:	04f70663          	beq	a4,a5,10005cbc <cdcd_control_xfer_cb+0x98>
10005c74:	02100793          	li	a5,33
10005c78:	00f71663          	bne	a4,a5,10005c84 <cdcd_control_xfer_cb+0x60>
10005c7c:	4785                	li	a5,1
10005c7e:	0af58b63          	beq	a1,a5,10005d34 <cdcd_control_xfer_cb+0x110>
10005c82:	4685                	li	a3,1
10005c84:	40f2                	lw	ra,28(sp)
10005c86:	8536                	mv	a0,a3
10005c88:	6105                	addi	sp,sp,32
10005c8a:	8082                	ret
10005c8c:	02300793          	li	a5,35
10005c90:	fef71ae3          	bne	a4,a5,10005c84 <cdcd_control_xfer_cb+0x60>
10005c94:	4785                	li	a5,1
10005c96:	0af58863          	beq	a1,a5,10005d46 <cdcd_control_xfer_cb+0x122>
10005c9a:	15f5                	addi	a1,a1,-3
10005c9c:	f1fd                	bnez	a1,10005c82 <cdcd_control_xfer_cb+0x5e>
10005c9e:	00000793          	li	a5,0
10005ca2:	d3e5                	beqz	a5,10005c82 <cdcd_control_xfer_cb+0x5e>
10005ca4:	00364783          	lbu	a5,3(a2)
10005ca8:	00264583          	lbu	a1,2(a2)
10005cac:	4501                	li	a0,0
10005cae:	07a2                	slli	a5,a5,0x8
10005cb0:	8ddd                	or	a1,a1,a5
10005cb2:	00000097          	auipc	ra,0x0
10005cb6:	000000e7          	jalr	zero # 0 <__tbss_offset>
10005cba:	b7e1                	j	10005c82 <cdcd_control_xfer_cb+0x5e>
10005cbc:	4785                	li	a5,1
10005cbe:	06f58b63          	beq	a1,a5,10005d34 <cdcd_control_xfer_cb+0x110>
10005cc2:	100047b7          	lui	a5,0x10004
10005cc6:	4f078793          	addi	a5,a5,1264 # 100044f0 <tud_cdc_line_coding_cb>
10005cca:	dfc5                	beqz	a5,10005c82 <cdcd_control_xfer_cb+0x5e>
10005ccc:	15f5                	addi	a1,a1,-3
10005cce:	f9d5                	bnez	a1,10005c82 <cdcd_control_xfer_cb+0x5e>
10005cd0:	200035b7          	lui	a1,0x20003
10005cd4:	46858593          	addi	a1,a1,1128 # 20003468 <_cdcd_itf+0x8>
10005cd8:	4501                	li	a0,0
10005cda:	817fe0ef          	jal	100044f0 <tud_cdc_line_coding_cb>
10005cde:	b755                	j	10005c82 <cdcd_control_xfer_cb+0x5e>
10005ce0:	4785                	li	a5,1
10005ce2:	06f58263          	beq	a1,a5,10005d46 <cdcd_control_xfer_cb+0x122>
10005ce6:	478d                	li	a5,3
10005ce8:	f8f59de3          	bne	a1,a5,10005c82 <cdcd_control_xfer_cb+0x5e>
10005cec:	cc22                	sw	s0,24(sp)
10005cee:	00364783          	lbu	a5,3(a2)
10005cf2:	00264703          	lbu	a4,2(a2)
10005cf6:	20003537          	lui	a0,0x20003
10005cfa:	07a2                	slli	a5,a5,0x8
10005cfc:	00e7e633          	or	a2,a5,a4
10005d00:	4785                	li	a5,1
10005d02:	40e7f5b3          	andn	a1,a5,a4
10005d06:	48450513          	addi	a0,a0,1156 # 20003484 <_cdcd_itf+0x24>
10005d0a:	00c80223          	sb	a2,4(a6)
10005d0e:	c632                	sw	a2,12(sp)
10005d10:	00177413          	andi	s0,a4,1
10005d14:	161000ef          	jal	10006674 <tu_fifo_set_overwritable>
10005d18:	00000793          	li	a5,0
10005d1c:	cb8d                	beqz	a5,10005d4e <cdcd_control_xfer_cb+0x12a>
10005d1e:	4632                	lw	a2,12(sp)
10005d20:	85a2                	mv	a1,s0
10005d22:	4501                	li	a0,0
10005d24:	48165613          	bexti	a2,a2,0x1
10005d28:	00000097          	auipc	ra,0x0
10005d2c:	000000e7          	jalr	zero # 0 <__tbss_offset>
10005d30:	4462                	lw	s0,24(sp)
10005d32:	bf81                	j	10005c82 <cdcd_control_xfer_cb+0x5e>
10005d34:	200037b7          	lui	a5,0x20003
10005d38:	85b2                	mv	a1,a2
10005d3a:	469d                	li	a3,7
10005d3c:	46878613          	addi	a2,a5,1128 # 20003468 <_cdcd_itf+0x8>
10005d40:	f08ff0ef          	jal	10005448 <tud_control_xfer>
10005d44:	bf3d                	j	10005c82 <cdcd_control_xfer_cb+0x5e>
10005d46:	85b2                	mv	a1,a2
10005d48:	e9eff0ef          	jal	100053e6 <tud_control_status>
10005d4c:	bf1d                	j	10005c82 <cdcd_control_xfer_cb+0x5e>
10005d4e:	4462                	lw	s0,24(sp)
10005d50:	bf0d                	j	10005c82 <cdcd_control_xfer_cb+0x5e>

10005d52 <cdcd_xfer_cb>:
10005d52:	7179                	addi	sp,sp,-48
10005d54:	d422                	sw	s0,40(sp)
10005d56:	20003437          	lui	s0,0x20003
10005d5a:	d226                	sw	s1,36(sp)
10005d5c:	d04a                	sw	s2,32(sp)
10005d5e:	ce4e                	sw	s3,28(sp)
10005d60:	d606                	sw	ra,44(sp)
10005d62:	46040413          	addi	s0,s0,1120 # 20003460 <_cdcd_itf>
10005d66:	00344783          	lbu	a5,3(s0)
10005d6a:	84ae                	mv	s1,a1
10005d6c:	89aa                	mv	s3,a0
10005d6e:	8936                	mv	s2,a3
10005d70:	08b78563          	beq	a5,a1,10005dfa <cdcd_xfer_cb+0xa8>
10005d74:	00244783          	lbu	a5,2(s0)
10005d78:	02b78a63          	beq	a5,a1,10005dac <cdcd_xfer_cb+0x5a>
10005d7c:	9002                	ebreak
10005d7e:	4501                	li	a0,0
10005d80:	50b2                	lw	ra,44(sp)
10005d82:	5422                	lw	s0,40(sp)
10005d84:	5492                	lw	s1,36(sp)
10005d86:	5902                	lw	s2,32(sp)
10005d88:	49f2                	lw	s3,28(sp)
10005d8a:	6145                	addi	sp,sp,48
10005d8c:	8082                	ret
10005d8e:	00000793          	li	a5,0
10005d92:	c799                	beqz	a5,10005da0 <cdcd_xfer_cb+0x4e>
10005d94:	200037b7          	lui	a5,0x20003
10005d98:	47078513          	addi	a0,a5,1136 # 20003470 <_cdcd_itf+0x10>
10005d9c:	26a9                	jal	100060e6 <tu_fifo_empty>
10005d9e:	c579                	beqz	a0,10005e6c <cdcd_xfer_cb+0x11a>
10005da0:	4501                	li	a0,0
10005da2:	3a81                	jal	100056f2 <_prep_out_transaction.isra.0>
10005da4:	00244783          	lbu	a5,2(s0)
10005da8:	00979d63          	bne	a5,s1,10005dc2 <cdcd_xfer_cb+0x70>
10005dac:	00000793          	li	a5,0
10005db0:	c791                	beqz	a5,10005dbc <cdcd_xfer_cb+0x6a>
10005db2:	4501                	li	a0,0
10005db4:	00000097          	auipc	ra,0x0
10005db8:	000000e7          	jalr	zero # 0 <__tbss_offset>
10005dbc:	4501                	li	a0,0
10005dbe:	34d5                	jal	100058a2 <tud_cdc_n_write_flush>
10005dc0:	c119                	beqz	a0,10005dc6 <cdcd_xfer_cb+0x74>
10005dc2:	4505                	li	a0,1
10005dc4:	bf75                	j	10005d80 <cdcd_xfer_cb+0x2e>
10005dc6:	20003537          	lui	a0,0x20003
10005dca:	48450513          	addi	a0,a0,1156 # 20003484 <_cdcd_itf+0x24>
10005dce:	2cc5                	jal	100060be <tu_fifo_count>
10005dd0:	fe0909e3          	beqz	s2,10005dc2 <cdcd_xfer_cb+0x70>
10005dd4:	f57d                	bnez	a0,10005dc2 <cdcd_xfer_cb+0x70>
10005dd6:	03f97793          	andi	a5,s2,63
10005dda:	f7e5                	bnez	a5,10005dc2 <cdcd_xfer_cb+0x70>
10005ddc:	00244583          	lbu	a1,2(s0)
10005de0:	854e                	mv	a0,s3
10005de2:	d5cff0ef          	jal	1000533e <usbd_edpt_claim>
10005de6:	dd71                	beqz	a0,10005dc2 <cdcd_xfer_cb+0x70>
10005de8:	00244583          	lbu	a1,2(s0)
10005dec:	854e                	mv	a0,s3
10005dee:	4681                	li	a3,0
10005df0:	4601                	li	a2,0
10005df2:	d90ff0ef          	jal	10005382 <usbd_edpt_xfer>
10005df6:	4505                	li	a0,1
10005df8:	b761                	j	10005d80 <cdcd_xfer_cb+0x2e>
10005dfa:	200037b7          	lui	a5,0x20003
10005dfe:	3e078593          	addi	a1,a5,992 # 200033e0 <_cdcd_epbuf>
10005e02:	200037b7          	lui	a5,0x20003
10005e06:	47078513          	addi	a0,a5,1136 # 20003470 <_cdcd_itf+0x10>
10005e0a:	0806c633          	zext.h	a2,a3
10005e0e:	2d3d                	jal	1000644c <tu_fifo_write_n>
10005e10:	00000713          	li	a4,0
10005e14:	df2d                	beqz	a4,10005d8e <cdcd_xfer_cb+0x3c>
10005e16:	00544703          	lbu	a4,5(s0)
10005e1a:	0ff00693          	li	a3,255
10005e1e:	f6d708e3          	beq	a4,a3,10005d8e <cdcd_xfer_cb+0x3c>
10005e22:	f60906e3          	beqz	s2,10005d8e <cdcd_xfer_cb+0x3c>
10005e26:	200037b7          	lui	a5,0x20003
10005e2a:	3e078793          	addi	a5,a5,992 # 200033e0 <_cdcd_epbuf>
10005e2e:	00f90633          	add	a2,s2,a5
10005e32:	a031                	j	10005e3e <cdcd_xfer_cb+0xec>
10005e34:	0785                	addi	a5,a5,1
10005e36:	f4c78ce3          	beq	a5,a2,10005d8e <cdcd_xfer_cb+0x3c>
10005e3a:	00544703          	lbu	a4,5(s0)
10005e3e:	0007c683          	lbu	a3,0(a5)
10005e42:	fee699e3          	bne	a3,a4,10005e34 <cdcd_xfer_cb+0xe2>
10005e46:	c43e                	sw	a5,8(sp)
10005e48:	200037b7          	lui	a5,0x20003
10005e4c:	47078513          	addi	a0,a5,1136 # 20003470 <_cdcd_itf+0x10>
10005e50:	c632                	sw	a2,12(sp)
10005e52:	2c51                	jal	100060e6 <tu_fifo_empty>
10005e54:	47a2                	lw	a5,8(sp)
10005e56:	4632                	lw	a2,12(sp)
10005e58:	fd71                	bnez	a0,10005e34 <cdcd_xfer_cb+0xe2>
10005e5a:	00544583          	lbu	a1,5(s0)
10005e5e:	00000097          	auipc	ra,0x0
10005e62:	000000e7          	jalr	zero # 0 <__tbss_offset>
10005e66:	4632                	lw	a2,12(sp)
10005e68:	47a2                	lw	a5,8(sp)
10005e6a:	b7e9                	j	10005e34 <cdcd_xfer_cb+0xe2>
10005e6c:	00000097          	auipc	ra,0x0
10005e70:	000000e7          	jalr	zero # 0 <__tbss_offset>
10005e74:	b735                	j	10005da0 <cdcd_xfer_cb+0x4e>

10005e76 <tusb_rhport_init>:
10005e76:	1101                	addi	sp,sp,-32
10005e78:	ce06                	sw	ra,28(sp)
10005e7a:	c98d                	beqz	a1,10005eac <tusb_rhport_init+0x36>
10005e7c:	4685                	li	a3,1
10005e7e:	02a6e263          	bltu	a3,a0,10005ea2 <tusb_rhport_init+0x2c>
10005e82:	4198                	lw	a4,0(a1)
10005e84:	cf19                	beqz	a4,10005ea2 <tusb_rhport_init+0x2c>
10005e86:	88f18613          	addi	a2,gp,-1905 # 20003bc0 <_tusb_rhport_role>
10005e8a:	20c547b3          	sh2add	a5,a0,a2
10005e8e:	c398                	sw	a4,0(a5)
10005e90:	00d70663          	beq	a4,a3,10005e9c <tusb_rhport_init+0x26>
10005e94:	40f2                	lw	ra,28(sp)
10005e96:	4505                	li	a0,1
10005e98:	6105                	addi	sp,sp,32
10005e9a:	8082                	ret
10005e9c:	9f5fe0ef          	jal	10004890 <tud_rhport_init>
10005ea0:	f975                	bnez	a0,10005e94 <tusb_rhport_init+0x1e>
10005ea2:	9002                	ebreak
10005ea4:	4501                	li	a0,0
10005ea6:	40f2                	lw	ra,28(sp)
10005ea8:	6105                	addi	sp,sp,32
10005eaa:	8082                	ret
10005eac:	4785                	li	a5,1
10005eae:	002c                	addi	a1,sp,8
10005eb0:	4501                	li	a0,0
10005eb2:	c43e                	sw	a5,8(sp)
10005eb4:	c602                	sw	zero,12(sp)
10005eb6:	9dbfe0ef          	jal	10004890 <tud_rhport_init>
10005eba:	4785                	li	a5,1
10005ebc:	e119                	bnez	a0,10005ec2 <tusb_rhport_init+0x4c>
10005ebe:	9002                	ebreak
10005ec0:	b7dd                	j	10005ea6 <tusb_rhport_init+0x30>
10005ec2:	88f1a7a3          	sw	a5,-1905(gp) # 20003bc0 <_tusb_rhport_role>
10005ec6:	b7c5                	j	10005ea6 <tusb_rhport_init+0x30>

10005ec8 <tu_edpt_claim>:
10005ec8:	00054783          	lbu	a5,0(a0)
10005ecc:	8b85                	andi	a5,a5,1
10005ece:	e7b1                	bnez	a5,10005f1a <tu_edpt_claim+0x52>
10005ed0:	00054683          	lbu	a3,0(a0)
10005ed4:	872a                	mv	a4,a0
10005ed6:	4826d693          	bexti	a3,a3,0x2
10005eda:	c299                	beqz	a3,10005ee0 <tu_edpt_claim+0x18>
10005edc:	853e                	mv	a0,a5
10005ede:	8082                	ret
10005ee0:	1101                	addi	sp,sp,-32
10005ee2:	852e                	mv	a0,a1
10005ee4:	c42e                	sw	a1,8(sp)
10005ee6:	55fd                	li	a1,-1
10005ee8:	c63a                	sw	a4,12(sp)
10005eea:	ce06                	sw	ra,28(sp)
10005eec:	0fffa097          	auipc	ra,0xfffa
10005ef0:	26c080e7          	jalr	620(ra) # 20000158 <mutex_enter_timeout_ms>
10005ef4:	4732                	lw	a4,12(sp)
10005ef6:	46a2                	lw	a3,8(sp)
10005ef8:	00074783          	lbu	a5,0(a4)
10005efc:	8b85                	andi	a5,a5,1
10005efe:	e38d                	bnez	a5,10005f20 <tu_edpt_claim+0x58>
10005f00:	00074603          	lbu	a2,0(a4)
10005f04:	48265613          	bexti	a2,a2,0x2
10005f08:	ee09                	bnez	a2,10005f22 <tu_edpt_claim+0x5a>
10005f0a:	00074603          	lbu	a2,0(a4)
10005f0e:	4785                	li	a5,1
10005f10:	00466613          	ori	a2,a2,4
10005f14:	00c70023          	sb	a2,0(a4)
10005f18:	a029                	j	10005f22 <tu_edpt_claim+0x5a>
10005f1a:	4781                	li	a5,0
10005f1c:	853e                	mv	a0,a5
10005f1e:	8082                	ret
10005f20:	4781                	li	a5,0
10005f22:	8536                	mv	a0,a3
10005f24:	c43e                	sw	a5,8(sp)
10005f26:	0fffa097          	auipc	ra,0xfffa
10005f2a:	278080e7          	jalr	632(ra) # 2000019e <mutex_exit>
10005f2e:	47a2                	lw	a5,8(sp)
10005f30:	40f2                	lw	ra,28(sp)
10005f32:	853e                	mv	a0,a5
10005f34:	6105                	addi	sp,sp,32
10005f36:	8082                	ret

10005f38 <tu_edpt_release>:
10005f38:	1141                	addi	sp,sp,-16
10005f3a:	c04a                	sw	s2,0(sp)
10005f3c:	892e                	mv	s2,a1
10005f3e:	c226                	sw	s1,4(sp)
10005f40:	55fd                	li	a1,-1
10005f42:	84aa                	mv	s1,a0
10005f44:	854a                	mv	a0,s2
10005f46:	c422                	sw	s0,8(sp)
10005f48:	c606                	sw	ra,12(sp)
10005f4a:	0fffa097          	auipc	ra,0xfffa
10005f4e:	20e080e7          	jalr	526(ra) # 20000158 <mutex_enter_timeout_ms>
10005f52:	0004c403          	lbu	s0,0(s1)
10005f56:	48245413          	bexti	s0,s0,0x2
10005f5a:	ec09                	bnez	s0,10005f74 <tu_edpt_release+0x3c>
10005f5c:	854a                	mv	a0,s2
10005f5e:	0fffa097          	auipc	ra,0xfffa
10005f62:	240080e7          	jalr	576(ra) # 2000019e <mutex_exit>
10005f66:	40b2                	lw	ra,12(sp)
10005f68:	8522                	mv	a0,s0
10005f6a:	4422                	lw	s0,8(sp)
10005f6c:	4492                	lw	s1,4(sp)
10005f6e:	4902                	lw	s2,0(sp)
10005f70:	0141                	addi	sp,sp,16
10005f72:	8082                	ret
10005f74:	0004c783          	lbu	a5,0(s1)
10005f78:	8b85                	andi	a5,a5,1
10005f7a:	e799                	bnez	a5,10005f88 <tu_edpt_release+0x50>
10005f7c:	0004c783          	lbu	a5,0(s1)
10005f80:	9bed                	andi	a5,a5,-5
10005f82:	00f48023          	sb	a5,0(s1)
10005f86:	bfd9                	j	10005f5c <tu_edpt_release+0x24>
10005f88:	4401                	li	s0,0
10005f8a:	bfc9                	j	10005f5c <tu_edpt_release+0x24>

10005f8c <tu_edpt_validate>:
10005f8c:	00554783          	lbu	a5,5(a0)
10005f90:	00454703          	lbu	a4,4(a0)
10005f94:	00354503          	lbu	a0,3(a0)
10005f98:	07a2                	slli	a5,a5,0x8
10005f9a:	8fd9                	or	a5,a5,a4
10005f9c:	890d                	andi	a0,a0,3
10005f9e:	4709                	li	a4,2
10005fa0:	7ff7f793          	andi	a5,a5,2047
10005fa4:	02e50a63          	beq	a0,a4,10005fd8 <tu_edpt_validate+0x4c>
10005fa8:	468d                	li	a3,3
10005faa:	00d50d63          	beq	a0,a3,10005fc4 <tu_edpt_validate+0x38>
10005fae:	4705                	li	a4,1
10005fb0:	02e51263          	bne	a0,a4,10005fd4 <tu_edpt_validate+0x48>
10005fb4:	15f9                	addi	a1,a1,-2
10005fb6:	0015b593          	seqz	a1,a1
10005fba:	3ff58593          	addi	a1,a1,1023
10005fbe:	00f5ea63          	bltu	a1,a5,10005fd2 <tu_edpt_validate+0x46>
10005fc2:	8082                	ret
10005fc4:	04000693          	li	a3,64
10005fc8:	02e58663          	beq	a1,a4,10005ff4 <tu_edpt_validate+0x68>
10005fcc:	4505                	li	a0,1
10005fce:	fef6fae3          	bgeu	a3,a5,10005fc2 <tu_edpt_validate+0x36>
10005fd2:	9002                	ebreak
10005fd4:	4501                	li	a0,0
10005fd6:	8082                	ret
10005fd8:	00a58863          	beq	a1,a0,10005fe8 <tu_edpt_validate+0x5c>
10005fdc:	04000713          	li	a4,64
10005fe0:	4505                	li	a0,1
10005fe2:	fef768e3          	bltu	a4,a5,10005fd2 <tu_edpt_validate+0x46>
10005fe6:	8082                	ret
10005fe8:	20000713          	li	a4,512
10005fec:	4505                	li	a0,1
10005fee:	fee792e3          	bne	a5,a4,10005fd2 <tu_edpt_validate+0x46>
10005ff2:	8082                	ret
10005ff4:	40000693          	li	a3,1024
10005ff8:	bfd1                	j	10005fcc <tu_edpt_validate+0x40>

10005ffa <tu_edpt_bind_driver>:
10005ffa:	962e                	add	a2,a2,a1
10005ffc:	00c5fc63          	bgeu	a1,a2,10006014 <tu_edpt_bind_driver+0x1a>
10006000:	4815                	li	a6,5
10006002:	0015c783          	lbu	a5,1(a1)
10006006:	01078863          	beq	a5,a6,10006016 <tu_edpt_bind_driver+0x1c>
1000600a:	0005c783          	lbu	a5,0(a1)
1000600e:	95be                	add	a1,a1,a5
10006010:	fec5e9e3          	bltu	a1,a2,10006002 <tu_edpt_bind_driver+0x8>
10006014:	8082                	ret
10006016:	0025c703          	lbu	a4,2(a1)
1000601a:	07f77793          	andi	a5,a4,127
1000601e:	20a7a7b3          	sh1add	a5,a5,a0
10006022:	831d                	srli	a4,a4,0x7
10006024:	97ba                	add	a5,a5,a4
10006026:	00d78023          	sb	a3,0(a5)
1000602a:	0005c783          	lbu	a5,0(a1)
1000602e:	95be                	add	a1,a1,a5
10006030:	fcc5e9e3          	bltu	a1,a2,10006002 <tu_edpt_bind_driver+0x8>
10006034:	8082                	ret

10006036 <tu_fifo_config>:
10006036:	67a1                	lui	a5,0x8
10006038:	08c7e163          	bltu	a5,a2,100060ba <tu_fifo_config+0x84>
1000603c:	1101                	addi	sp,sp,-32
1000603e:	cc22                	sw	s0,24(sp)
10006040:	842a                	mv	s0,a0
10006042:	4548                	lw	a0,12(a0)
10006044:	ca26                	sw	s1,20(sp)
10006046:	c84a                	sw	s2,16(sp)
10006048:	c64e                	sw	s3,12(sp)
1000604a:	c452                	sw	s4,8(sp)
1000604c:	ce06                	sw	ra,28(sp)
1000604e:	8a3a                	mv	s4,a4
10006050:	89b6                	mv	s3,a3
10006052:	892e                	mv	s2,a1
10006054:	84b2                	mv	s1,a2
10006056:	c511                	beqz	a0,10006062 <tu_fifo_config+0x2c>
10006058:	55fd                	li	a1,-1
1000605a:	0fffa097          	auipc	ra,0xfffa
1000605e:	0fe080e7          	jalr	254(ra) # 20000158 <mutex_enter_timeout_ms>
10006062:	4808                	lw	a0,16(s0)
10006064:	c511                	beqz	a0,10006070 <tu_fifo_config+0x3a>
10006066:	55fd                	li	a1,-1
10006068:	0fffa097          	auipc	ra,0xfffa
1000606c:	0f0080e7          	jalr	240(ra) # 20000158 <mutex_enter_timeout_ms>
10006070:	01199693          	slli	a3,s3,0x11
10006074:	82c5                	srli	a3,a3,0x11
10006076:	00fa1713          	slli	a4,s4,0xf
1000607a:	4448                	lw	a0,12(s0)
1000607c:	8f55                	or	a4,a4,a3
1000607e:	00041523          	sh	zero,10(s0)
10006082:	00e41323          	sh	a4,6(s0)
10006086:	01242023          	sw	s2,0(s0)
1000608a:	00941223          	sh	s1,4(s0)
1000608e:	00041423          	sh	zero,8(s0)
10006092:	c509                	beqz	a0,1000609c <tu_fifo_config+0x66>
10006094:	0fffa097          	auipc	ra,0xfffa
10006098:	10a080e7          	jalr	266(ra) # 2000019e <mutex_exit>
1000609c:	4808                	lw	a0,16(s0)
1000609e:	c509                	beqz	a0,100060a8 <tu_fifo_config+0x72>
100060a0:	0fffa097          	auipc	ra,0xfffa
100060a4:	0fe080e7          	jalr	254(ra) # 2000019e <mutex_exit>
100060a8:	40f2                	lw	ra,28(sp)
100060aa:	4462                	lw	s0,24(sp)
100060ac:	44d2                	lw	s1,20(sp)
100060ae:	4942                	lw	s2,16(sp)
100060b0:	49b2                	lw	s3,12(sp)
100060b2:	4a22                	lw	s4,8(sp)
100060b4:	4505                	li	a0,1
100060b6:	6105                	addi	sp,sp,32
100060b8:	8082                	ret
100060ba:	4501                	li	a0,0
100060bc:	8082                	ret

100060be <tu_fifo_count>:
100060be:	00855683          	lhu	a3,8(a0)
100060c2:	00a55703          	lhu	a4,10(a0)
100060c6:	00455503          	lhu	a0,4(a0)
100060ca:	0806c7b3          	zext.h	a5,a3
100060ce:	08074633          	zext.h	a2,a4
100060d2:	00e6f463          	bgeu	a3,a4,100060da <tu_fifo_count+0x1c>
100060d6:	20f527b3          	sh1add	a5,a0,a5
100060da:	8f91                	sub	a5,a5,a2
100060dc:	0807c7b3          	zext.h	a5,a5
100060e0:	0af55533          	minu	a0,a0,a5
100060e4:	8082                	ret

100060e6 <tu_fifo_empty>:
100060e6:	00855783          	lhu	a5,8(a0)
100060ea:	00a55703          	lhu	a4,10(a0)
100060ee:	40e78533          	sub	a0,a5,a4
100060f2:	00153513          	seqz	a0,a0
100060f6:	8082                	ret

100060f8 <tu_fifo_remaining>:
100060f8:	00855603          	lhu	a2,8(a0)
100060fc:	00a55683          	lhu	a3,10(a0)
10006100:	00455703          	lhu	a4,4(a0)
10006104:	080647b3          	zext.h	a5,a2
10006108:	0806c5b3          	zext.h	a1,a3
1000610c:	00d67463          	bgeu	a2,a3,10006114 <tu_fifo_remaining+0x1c>
10006110:	20f727b3          	sh1add	a5,a4,a5
10006114:	8f8d                	sub	a5,a5,a1
10006116:	0807c7b3          	zext.h	a5,a5
1000611a:	00f73533          	sltu	a0,a4,a5
1000611e:	157d                	addi	a0,a0,-1
10006120:	8f1d                	sub	a4,a4,a5
10006122:	8d79                	and	a0,a0,a4
10006124:	08054533          	zext.h	a0,a0
10006128:	8082                	ret

1000612a <tu_fifo_read>:
1000612a:	1101                	addi	sp,sp,-32
1000612c:	cc22                	sw	s0,24(sp)
1000612e:	842a                	mv	s0,a0
10006130:	4908                	lw	a0,16(a0)
10006132:	ca26                	sw	s1,20(sp)
10006134:	ce06                	sw	ra,28(sp)
10006136:	84ae                	mv	s1,a1
10006138:	c511                	beqz	a0,10006144 <tu_fifo_read+0x1a>
1000613a:	55fd                	li	a1,-1
1000613c:	0fffa097          	auipc	ra,0xfffa
10006140:	01c080e7          	jalr	28(ra) # 20000158 <mutex_enter_timeout_ms>
10006144:	00845583          	lhu	a1,8(s0)
10006148:	00a45683          	lhu	a3,10(s0)
1000614c:	00445703          	lhu	a4,4(s0)
10006150:	0805c633          	zext.h	a2,a1
10006154:	0806c7b3          	zext.h	a5,a3
10006158:	08d5e363          	bltu	a1,a3,100061de <tu_fifo_read+0xb4>
1000615c:	40f606b3          	sub	a3,a2,a5
10006160:	0806c6b3          	zext.h	a3,a3
10006164:	c2d9                	beqz	a3,100061ea <tu_fifo_read+0xc0>
10006166:	06d76463          	bltu	a4,a3,100061ce <tu_fifo_read+0xa4>
1000616a:	00e7e763          	bltu	a5,a4,10006178 <tu_fifo_read+0x4e>
1000616e:	8f99                	sub	a5,a5,a4
10006170:	0807c7b3          	zext.h	a5,a5
10006174:	fee7fde3          	bgeu	a5,a4,1000616e <tu_fifo_read+0x44>
10006178:	00645603          	lhu	a2,6(s0)
1000617c:	400c                	lw	a1,0(s0)
1000617e:	8526                	mv	a0,s1
10006180:	0646                	slli	a2,a2,0x11
10006182:	8245                	srli	a2,a2,0x11
10006184:	02c787b3          	mul	a5,a5,a2
10006188:	95be                	add	a1,a1,a5
1000618a:	0fffd097          	auipc	ra,0xfffd
1000618e:	b4a080e7          	jalr	-1206(ra) # 20002cd4 <memcpy>
10006192:	00a45683          	lhu	a3,10(s0)
10006196:	00445703          	lhu	a4,4(s0)
1000619a:	00168793          	addi	a5,a3,1
1000619e:	0807c7b3          	zext.h	a5,a5
100061a2:	06d7f263          	bgeu	a5,a3,10006206 <tu_fifo_read+0xdc>
100061a6:	0706                	slli	a4,a4,0x1
100061a8:	4685                	li	a3,1
100061aa:	4781                	li	a5,0
100061ac:	8f99                	sub	a5,a5,a4
100061ae:	4808                	lw	a0,16(s0)
100061b0:	00f41523          	sh	a5,10(s0)
100061b4:	c519                	beqz	a0,100061c2 <tu_fifo_read+0x98>
100061b6:	c636                	sw	a3,12(sp)
100061b8:	0fffa097          	auipc	ra,0xfffa
100061bc:	fe6080e7          	jalr	-26(ra) # 2000019e <mutex_exit>
100061c0:	46b2                	lw	a3,12(sp)
100061c2:	40f2                	lw	ra,28(sp)
100061c4:	4462                	lw	s0,24(sp)
100061c6:	44d2                	lw	s1,20(sp)
100061c8:	8536                	mv	a0,a3
100061ca:	6105                	addi	sp,sp,32
100061cc:	8082                	ret
100061ce:	02e66663          	bltu	a2,a4,100061fa <tu_fifo_read+0xd0>
100061d2:	8e19                	sub	a2,a2,a4
100061d4:	080647b3          	zext.h	a5,a2
100061d8:	00f41523          	sh	a5,10(s0)
100061dc:	b779                	j	1000616a <tu_fifo_read+0x40>
100061de:	20c726b3          	sh1add	a3,a4,a2
100061e2:	8e9d                	sub	a3,a3,a5
100061e4:	0806c6b3          	zext.h	a3,a3
100061e8:	febd                	bnez	a3,10006166 <tu_fifo_read+0x3c>
100061ea:	00a45783          	lhu	a5,10(s0)
100061ee:	0807c7b3          	zext.h	a5,a5
100061f2:	0706                	slli	a4,a4,0x1
100061f4:	fae7cde3          	blt	a5,a4,100061ae <tu_fifo_read+0x84>
100061f8:	bf55                	j	100061ac <tu_fifo_read+0x82>
100061fa:	963a                	add	a2,a2,a4
100061fc:	080647b3          	zext.h	a5,a2
10006200:	00f41523          	sh	a5,10(s0)
10006204:	b79d                	j	1000616a <tu_fifo_read+0x40>
10006206:	4685                	li	a3,1
10006208:	b7ed                	j	100061f2 <tu_fifo_read+0xc8>

1000620a <tu_fifo_read_n>:
1000620a:	1101                	addi	sp,sp,-32
1000620c:	cc22                	sw	s0,24(sp)
1000620e:	842a                	mv	s0,a0
10006210:	4908                	lw	a0,16(a0)
10006212:	c84a                	sw	s2,16(sp)
10006214:	ce06                	sw	ra,28(sp)
10006216:	ca26                	sw	s1,20(sp)
10006218:	892e                	mv	s2,a1
1000621a:	c901                	beqz	a0,1000622a <tu_fifo_read_n+0x20>
1000621c:	55fd                	li	a1,-1
1000621e:	c032                	sw	a2,0(sp)
10006220:	0fffa097          	auipc	ra,0xfffa
10006224:	f38080e7          	jalr	-200(ra) # 20000158 <mutex_enter_timeout_ms>
10006228:	4602                	lw	a2,0(sp)
1000622a:	00845503          	lhu	a0,8(s0)
1000622e:	00a45583          	lhu	a1,10(s0)
10006232:	00445703          	lhu	a4,4(s0)
10006236:	080546b3          	zext.h	a3,a0
1000623a:	0805c7b3          	zext.h	a5,a1
1000623e:	0eb56f63          	bltu	a0,a1,1000633c <tu_fifo_read_n+0x132>
10006242:	40f684b3          	sub	s1,a3,a5
10006246:	0804c4b3          	zext.h	s1,s1
1000624a:	ccfd                	beqz	s1,10006348 <tu_fifo_read_n+0x13e>
1000624c:	0c976f63          	bltu	a4,s1,1000632a <tu_fifo_read_n+0x120>
10006250:	0a965633          	minu	a2,a2,s1
10006254:	080644b3          	zext.h	s1,a2
10006258:	00e7e763          	bltu	a5,a4,10006266 <tu_fifo_read_n+0x5c>
1000625c:	8f99                	sub	a5,a5,a4
1000625e:	0807c7b3          	zext.h	a5,a5
10006262:	fee7fde3          	bgeu	a5,a4,1000625c <tu_fifo_read_n+0x52>
10006266:	00645803          	lhu	a6,6(s0)
1000626a:	400c                	lw	a1,0(s0)
1000626c:	40f706b3          	sub	a3,a4,a5
10006270:	0846                	slli	a6,a6,0x11
10006272:	01185813          	srli	a6,a6,0x11
10006276:	03078633          	mul	a2,a5,a6
1000627a:	0806c6b3          	zext.h	a3,a3
1000627e:	95b2                	add	a1,a1,a2
10006280:	0696fd63          	bgeu	a3,s1,100062fa <tu_fifo_read_n+0xf0>
10006284:	030686b3          	mul	a3,a3,a6
10006288:	854a                	mv	a0,s2
1000628a:	c63e                	sw	a5,12(sp)
1000628c:	c43a                	sw	a4,8(sp)
1000628e:	c242                	sw	a6,4(sp)
10006290:	0806c633          	zext.h	a2,a3
10006294:	c032                	sw	a2,0(sp)
10006296:	0fffd097          	auipc	ra,0xfffd
1000629a:	a3e080e7          	jalr	-1474(ra) # 20002cd4 <memcpy>
1000629e:	4722                	lw	a4,8(sp)
100062a0:	47b2                	lw	a5,12(sp)
100062a2:	4812                	lw	a6,4(sp)
100062a4:	40e48733          	sub	a4,s1,a4
100062a8:	97ba                	add	a5,a5,a4
100062aa:	02f80833          	mul	a6,a6,a5
100062ae:	4602                	lw	a2,0(sp)
100062b0:	400c                	lw	a1,0(s0)
100062b2:	00c90533          	add	a0,s2,a2
100062b6:	08084633          	zext.h	a2,a6
100062ba:	0fffd097          	auipc	ra,0xfffd
100062be:	a1a080e7          	jalr	-1510(ra) # 20002cd4 <memcpy>
100062c2:	00a45603          	lhu	a2,10(s0)
100062c6:	00445703          	lhu	a4,4(s0)
100062ca:	009607b3          	add	a5,a2,s1
100062ce:	0807c7b3          	zext.h	a5,a5
100062d2:	00171693          	slli	a3,a4,0x1
100062d6:	04c7f563          	bgeu	a5,a2,10006320 <tu_fifo_read_n+0x116>
100062da:	8f95                	sub	a5,a5,a3
100062dc:	4808                	lw	a0,16(s0)
100062de:	00f41523          	sh	a5,10(s0)
100062e2:	c509                	beqz	a0,100062ec <tu_fifo_read_n+0xe2>
100062e4:	0fffa097          	auipc	ra,0xfffa
100062e8:	eba080e7          	jalr	-326(ra) # 2000019e <mutex_exit>
100062ec:	40f2                	lw	ra,28(sp)
100062ee:	4462                	lw	s0,24(sp)
100062f0:	4942                	lw	s2,16(sp)
100062f2:	8526                	mv	a0,s1
100062f4:	44d2                	lw	s1,20(sp)
100062f6:	6105                	addi	sp,sp,32
100062f8:	8082                	ret
100062fa:	03048633          	mul	a2,s1,a6
100062fe:	854a                	mv	a0,s2
10006300:	0fffd097          	auipc	ra,0xfffd
10006304:	9d4080e7          	jalr	-1580(ra) # 20002cd4 <memcpy>
10006308:	00a45603          	lhu	a2,10(s0)
1000630c:	00445703          	lhu	a4,4(s0)
10006310:	009607b3          	add	a5,a2,s1
10006314:	0807c7b3          	zext.h	a5,a5
10006318:	00171693          	slli	a3,a4,0x1
1000631c:	fac7efe3          	bltu	a5,a2,100062da <tu_fifo_read_n+0xd0>
10006320:	00171693          	slli	a3,a4,0x1
10006324:	fad7cce3          	blt	a5,a3,100062dc <tu_fifo_read_n+0xd2>
10006328:	bf4d                	j	100062da <tu_fifo_read_n+0xd0>
1000632a:	02e6f863          	bgeu	a3,a4,1000635a <tu_fifo_read_n+0x150>
1000632e:	96ba                	add	a3,a3,a4
10006330:	0806c7b3          	zext.h	a5,a3
10006334:	00f41523          	sh	a5,10(s0)
10006338:	84ba                	mv	s1,a4
1000633a:	bf19                	j	10006250 <tu_fifo_read_n+0x46>
1000633c:	20d724b3          	sh1add	s1,a4,a3
10006340:	8c9d                	sub	s1,s1,a5
10006342:	0804c4b3          	zext.h	s1,s1
10006346:	f099                	bnez	s1,1000624c <tu_fifo_read_n+0x42>
10006348:	00a45783          	lhu	a5,10(s0)
1000634c:	00171693          	slli	a3,a4,0x1
10006350:	0807c7b3          	zext.h	a5,a5
10006354:	f8d7c4e3          	blt	a5,a3,100062dc <tu_fifo_read_n+0xd2>
10006358:	b749                	j	100062da <tu_fifo_read_n+0xd0>
1000635a:	8e99                	sub	a3,a3,a4
1000635c:	0806c7b3          	zext.h	a5,a3
10006360:	bfd1                	j	10006334 <tu_fifo_read_n+0x12a>

10006362 <tu_fifo_write>:
10006362:	1101                	addi	sp,sp,-32
10006364:	cc22                	sw	s0,24(sp)
10006366:	842a                	mv	s0,a0
10006368:	4548                	lw	a0,12(a0)
1000636a:	ca26                	sw	s1,20(sp)
1000636c:	ce06                	sw	ra,28(sp)
1000636e:	84ae                	mv	s1,a1
10006370:	c511                	beqz	a0,1000637c <tu_fifo_write+0x1a>
10006372:	55fd                	li	a1,-1
10006374:	0fffa097          	auipc	ra,0xfffa
10006378:	de4080e7          	jalr	-540(ra) # 20000158 <mutex_enter_timeout_ms>
1000637c:	00845683          	lhu	a3,8(s0)
10006380:	00845583          	lhu	a1,8(s0)
10006384:	00a45603          	lhu	a2,10(s0)
10006388:	00445703          	lhu	a4,4(s0)
1000638c:	0806c6b3          	zext.h	a3,a3
10006390:	0805c7b3          	zext.h	a5,a1
10006394:	08064533          	zext.h	a0,a2
10006398:	00c5f463          	bgeu	a1,a2,100063a0 <tu_fifo_write+0x3e>
1000639c:	20f727b3          	sh1add	a5,a4,a5
100063a0:	8f89                	sub	a5,a5,a0
100063a2:	0807c7b3          	zext.h	a5,a5
100063a6:	4050                	lw	a2,4(s0)
100063a8:	02e7e463          	bltu	a5,a4,100063d0 <tu_fifo_write+0x6e>
100063ac:	01f65793          	srli	a5,a2,0x1f
100063b0:	02064063          	bltz	a2,100063d0 <tu_fifo_write+0x6e>
100063b4:	4448                	lw	a0,12(s0)
100063b6:	c519                	beqz	a0,100063c4 <tu_fifo_write+0x62>
100063b8:	c63e                	sw	a5,12(sp)
100063ba:	0fffa097          	auipc	ra,0xfffa
100063be:	de4080e7          	jalr	-540(ra) # 2000019e <mutex_exit>
100063c2:	47b2                	lw	a5,12(sp)
100063c4:	40f2                	lw	ra,28(sp)
100063c6:	4462                	lw	s0,24(sp)
100063c8:	44d2                	lw	s1,20(sp)
100063ca:	853e                	mv	a0,a5
100063cc:	6105                	addi	sp,sp,32
100063ce:	8082                	ret
100063d0:	87b6                	mv	a5,a3
100063d2:	04e6e563          	bltu	a3,a4,1000641c <tu_fifo_write+0xba>
100063d6:	8f99                	sub	a5,a5,a4
100063d8:	0807c7b3          	zext.h	a5,a5
100063dc:	fee7fde3          	bgeu	a5,a4,100063d6 <tu_fifo_write+0x74>
100063e0:	00161713          	slli	a4,a2,0x1
100063e4:	01175613          	srli	a2,a4,0x11
100063e8:	02c787b3          	mul	a5,a5,a2
100063ec:	4008                	lw	a0,0(s0)
100063ee:	85a6                	mv	a1,s1
100063f0:	c636                	sw	a3,12(sp)
100063f2:	953e                	add	a0,a0,a5
100063f4:	0fffd097          	auipc	ra,0xfffd
100063f8:	8e0080e7          	jalr	-1824(ra) # 20002cd4 <memcpy>
100063fc:	46b2                	lw	a3,12(sp)
100063fe:	00445703          	lhu	a4,4(s0)
10006402:	00168793          	addi	a5,a3,1
10006406:	0807c7b3          	zext.h	a5,a5
1000640a:	02d7fd63          	bgeu	a5,a3,10006444 <tu_fifo_write+0xe2>
1000640e:	0706                	slli	a4,a4,0x1
10006410:	4781                	li	a5,0
10006412:	8f99                	sub	a5,a5,a4
10006414:	00f41423          	sh	a5,8(s0)
10006418:	4785                	li	a5,1
1000641a:	bf69                	j	100063b4 <tu_fifo_write+0x52>
1000641c:	00161793          	slli	a5,a2,0x1
10006420:	0117d613          	srli	a2,a5,0x11
10006424:	02d607b3          	mul	a5,a2,a3
10006428:	4008                	lw	a0,0(s0)
1000642a:	85a6                	mv	a1,s1
1000642c:	c636                	sw	a3,12(sp)
1000642e:	953e                	add	a0,a0,a5
10006430:	0fffd097          	auipc	ra,0xfffd
10006434:	8a4080e7          	jalr	-1884(ra) # 20002cd4 <memcpy>
10006438:	46b2                	lw	a3,12(sp)
1000643a:	00445703          	lhu	a4,4(s0)
1000643e:	0685                	addi	a3,a3,1
10006440:	0806c7b3          	zext.h	a5,a3
10006444:	0706                	slli	a4,a4,0x1
10006446:	fce7c7e3          	blt	a5,a4,10006414 <tu_fifo_write+0xb2>
1000644a:	b7e1                	j	10006412 <tu_fifo_write+0xb0>

1000644c <tu_fifo_write_n>:
1000644c:	10060e63          	beqz	a2,10006568 <tu_fifo_write_n+0x11c>
10006450:	88aa                	mv	a7,a0
10006452:	4548                	lw	a0,12(a0)
10006454:	7139                	addi	sp,sp,-64
10006456:	de06                	sw	ra,60(sp)
10006458:	8332                	mv	t1,a2
1000645a:	8eae                	mv	t4,a1
1000645c:	cd01                	beqz	a0,10006474 <tu_fifo_write_n+0x28>
1000645e:	c82e                	sw	a1,16(sp)
10006460:	55fd                	li	a1,-1
10006462:	c646                	sw	a7,12(sp)
10006464:	ca32                	sw	a2,20(sp)
10006466:	0fffa097          	auipc	ra,0xfffa
1000646a:	cf2080e7          	jalr	-782(ra) # 20000158 <mutex_enter_timeout_ms>
1000646e:	4352                	lw	t1,20(sp)
10006470:	4ec2                	lw	t4,16(sp)
10006472:	48b2                	lw	a7,12(sp)
10006474:	0088de03          	lhu	t3,8(a7)
10006478:	0048a683          	lw	a3,4(a7)
1000647c:	00a8d783          	lhu	a5,10(a7)
10006480:	0048d703          	lhu	a4,4(a7)
10006484:	080e4e33          	zext.h	t3,t3
10006488:	0807c7b3          	zext.h	a5,a5
1000648c:	0806ca63          	bltz	a3,10006520 <tu_fifo_write_n+0xd4>
10006490:	0cfe6f63          	bltu	t3,a5,1000656e <tu_fifo_write_n+0x122>
10006494:	40fe07b3          	sub	a5,t3,a5
10006498:	0807c7b3          	zext.h	a5,a5
1000649c:	0ee7f163          	bgeu	a5,a4,1000657e <tu_fifo_write_n+0x132>
100064a0:	40f707b3          	sub	a5,a4,a5
100064a4:	0807c7b3          	zext.h	a5,a5
100064a8:	0a67d633          	minu	a2,a5,t1
100064ac:	08064333          	zext.h	t1,a2
100064b0:	006e0833          	add	a6,t3,t1
100064b4:	08084833          	zext.h	a6,a6
100064b8:	40e30f33          	sub	t5,t1,a4
100064bc:	87f2                	mv	a5,t3
100064be:	00ee6763          	bltu	t3,a4,100064cc <tu_fifo_write_n+0x80>
100064c2:	8f99                	sub	a5,a5,a4
100064c4:	0807c7b3          	zext.h	a5,a5
100064c8:	fee7fde3          	bgeu	a5,a4,100064c2 <tu_fifo_write_n+0x76>
100064cc:	00169613          	slli	a2,a3,0x1
100064d0:	01165693          	srli	a3,a2,0x11
100064d4:	02d78633          	mul	a2,a5,a3
100064d8:	0008a503          	lw	a0,0(a7)
100064dc:	8f1d                	sub	a4,a4,a5
100064de:	08074733          	zext.h	a4,a4
100064e2:	9532                	add	a0,a0,a2
100064e4:	0a676d63          	bltu	a4,t1,1000659e <tu_fifo_write_n+0x152>
100064e8:	02d30633          	mul	a2,t1,a3
100064ec:	85f6                	mv	a1,t4
100064ee:	cc46                	sw	a7,24(sp)
100064f0:	ca42                	sw	a6,20(sp)
100064f2:	c872                	sw	t3,16(sp)
100064f4:	c61a                	sw	t1,12(sp)
100064f6:	0fffc097          	auipc	ra,0xfffc
100064fa:	7de080e7          	jalr	2014(ra) # 20002cd4 <memcpy>
100064fe:	4332                	lw	t1,12(sp)
10006500:	4e42                	lw	t3,16(sp)
10006502:	4852                	lw	a6,20(sp)
10006504:	48e2                	lw	a7,24(sp)
10006506:	0048d783          	lhu	a5,4(a7)
1000650a:	0786                	slli	a5,a5,0x1
1000650c:	01c86463          	bltu	a6,t3,10006514 <tu_fifo_write_n+0xc8>
10006510:	00f84463          	blt	a6,a5,10006518 <tu_fifo_write_n+0xcc>
10006514:	40f80833          	sub	a6,a6,a5
10006518:	01089423          	sh	a6,8(a7)
1000651c:	871a                	mv	a4,t1
1000651e:	a09d                	j	10006584 <tu_fifo_write_n+0x138>
10006520:	06e37163          	bgeu	t1,a4,10006582 <tu_fifo_write_n+0x136>
10006524:	0cfe6863          	bltu	t3,a5,100065f4 <tu_fifo_write_n+0x1a8>
10006528:	40fe0633          	sub	a2,t3,a5
1000652c:	08064633          	zext.h	a2,a2
10006530:	00171593          	slli	a1,a4,0x1
10006534:	961a                	add	a2,a2,t1
10006536:	40e30f33          	sub	t5,t1,a4
1000653a:	02b64263          	blt	a2,a1,1000655e <tu_fifo_write_n+0x112>
1000653e:	00e78833          	add	a6,a5,a4
10006542:	08084833          	zext.h	a6,a6
10006546:	40680e33          	sub	t3,a6,t1
1000654a:	080e4e33          	zext.h	t3,t3
1000654e:	00fe6463          	bltu	t3,a5,10006556 <tu_fifo_write_n+0x10a>
10006552:	f6be45e3          	blt	t3,a1,100064bc <tu_fifo_write_n+0x70>
10006556:	40be05b3          	sub	a1,t3,a1
1000655a:	0805ce33          	zext.h	t3,a1
1000655e:	01c30833          	add	a6,t1,t3
10006562:	08084833          	zext.h	a6,a6
10006566:	bf99                	j	100064bc <tu_fifo_write_n+0x70>
10006568:	4701                	li	a4,0
1000656a:	853a                	mv	a0,a4
1000656c:	8082                	ret
1000656e:	21c72833          	sh1add	a6,a4,t3
10006572:	40f807b3          	sub	a5,a6,a5
10006576:	0807c7b3          	zext.h	a5,a5
1000657a:	f2e7e3e3          	bltu	a5,a4,100064a0 <tu_fifo_write_n+0x54>
1000657e:	4701                	li	a4,0
10006580:	a011                	j	10006584 <tu_fifo_write_n+0x138>
10006582:	e349                	bnez	a4,10006604 <tu_fifo_write_n+0x1b8>
10006584:	00c8a503          	lw	a0,12(a7)
10006588:	c519                	beqz	a0,10006596 <tu_fifo_write_n+0x14a>
1000658a:	c63a                	sw	a4,12(sp)
1000658c:	0fffa097          	auipc	ra,0xfffa
10006590:	c12080e7          	jalr	-1006(ra) # 2000019e <mutex_exit>
10006594:	4732                	lw	a4,12(sp)
10006596:	50f2                	lw	ra,60(sp)
10006598:	853a                	mv	a0,a4
1000659a:	6121                	addi	sp,sp,64
1000659c:	8082                	ret
1000659e:	02d70733          	mul	a4,a4,a3
100065a2:	85f6                	mv	a1,t4
100065a4:	d61a                	sw	t1,44(sp)
100065a6:	d042                	sw	a6,32(sp)
100065a8:	cc72                	sw	t3,24(sp)
100065aa:	d446                	sw	a7,40(sp)
100065ac:	d27a                	sw	t5,36(sp)
100065ae:	ce3e                	sw	a5,28(sp)
100065b0:	c636                	sw	a3,12(sp)
100065b2:	ca76                	sw	t4,20(sp)
100065b4:	08074633          	zext.h	a2,a4
100065b8:	c832                	sw	a2,16(sp)
100065ba:	0fffc097          	auipc	ra,0xfffc
100065be:	71a080e7          	jalr	1818(ra) # 20002cd4 <memcpy>
100065c2:	47f2                	lw	a5,28(sp)
100065c4:	5f12                	lw	t5,36(sp)
100065c6:	46b2                	lw	a3,12(sp)
100065c8:	58a2                	lw	a7,40(sp)
100065ca:	97fa                	add	a5,a5,t5
100065cc:	02f686b3          	mul	a3,a3,a5
100065d0:	4642                	lw	a2,16(sp)
100065d2:	4ed2                	lw	t4,20(sp)
100065d4:	0008a503          	lw	a0,0(a7)
100065d8:	c646                	sw	a7,12(sp)
100065da:	00ce85b3          	add	a1,t4,a2
100065de:	0806c633          	zext.h	a2,a3
100065e2:	0fffc097          	auipc	ra,0xfffc
100065e6:	6f2080e7          	jalr	1778(ra) # 20002cd4 <memcpy>
100065ea:	5332                	lw	t1,44(sp)
100065ec:	5802                	lw	a6,32(sp)
100065ee:	4e62                	lw	t3,24(sp)
100065f0:	48b2                	lw	a7,12(sp)
100065f2:	bf11                	j	10006506 <tu_fifo_write_n+0xba>
100065f4:	00171593          	slli	a1,a4,0x1
100065f8:	40f58633          	sub	a2,a1,a5
100065fc:	9672                	add	a2,a2,t3
100065fe:	08064633          	zext.h	a2,a2
10006602:	bf0d                	j	10006534 <tu_fifo_write_n+0xe8>
10006604:	00169513          	slli	a0,a3,0x1
10006608:	40e30633          	sub	a2,t1,a4
1000660c:	01155593          	srli	a1,a0,0x11
10006610:	02b60633          	mul	a2,a2,a1
10006614:	00e78833          	add	a6,a5,a4
10006618:	08084833          	zext.h	a6,a6
1000661c:	8e3e                	mv	t3,a5
1000661e:	833a                	mv	t1,a4
10006620:	4f01                	li	t5,0
10006622:	9eb2                	add	t4,t4,a2
10006624:	bd61                	j	100064bc <tu_fifo_write_n+0x70>

10006626 <tu_fifo_clear>:
10006626:	1141                	addi	sp,sp,-16
10006628:	c422                	sw	s0,8(sp)
1000662a:	842a                	mv	s0,a0
1000662c:	4548                	lw	a0,12(a0)
1000662e:	c606                	sw	ra,12(sp)
10006630:	c511                	beqz	a0,1000663c <tu_fifo_clear+0x16>
10006632:	55fd                	li	a1,-1
10006634:	0fffa097          	auipc	ra,0xfffa
10006638:	b24080e7          	jalr	-1244(ra) # 20000158 <mutex_enter_timeout_ms>
1000663c:	4808                	lw	a0,16(s0)
1000663e:	c511                	beqz	a0,1000664a <tu_fifo_clear+0x24>
10006640:	55fd                	li	a1,-1
10006642:	0fffa097          	auipc	ra,0xfffa
10006646:	b16080e7          	jalr	-1258(ra) # 20000158 <mutex_enter_timeout_ms>
1000664a:	4448                	lw	a0,12(s0)
1000664c:	00041523          	sh	zero,10(s0)
10006650:	00041423          	sh	zero,8(s0)
10006654:	c509                	beqz	a0,1000665e <tu_fifo_clear+0x38>
10006656:	0fffa097          	auipc	ra,0xfffa
1000665a:	b48080e7          	jalr	-1208(ra) # 2000019e <mutex_exit>
1000665e:	4808                	lw	a0,16(s0)
10006660:	c509                	beqz	a0,1000666a <tu_fifo_clear+0x44>
10006662:	0fffa097          	auipc	ra,0xfffa
10006666:	b3c080e7          	jalr	-1220(ra) # 2000019e <mutex_exit>
1000666a:	40b2                	lw	ra,12(sp)
1000666c:	4422                	lw	s0,8(sp)
1000666e:	4505                	li	a0,1
10006670:	0141                	addi	sp,sp,16
10006672:	8082                	ret

10006674 <tu_fifo_set_overwritable>:
10006674:	1141                	addi	sp,sp,-16
10006676:	c422                	sw	s0,8(sp)
10006678:	842a                	mv	s0,a0
1000667a:	4548                	lw	a0,12(a0)
1000667c:	c226                	sw	s1,4(sp)
1000667e:	c606                	sw	ra,12(sp)
10006680:	84ae                	mv	s1,a1
10006682:	c511                	beqz	a0,1000668e <tu_fifo_set_overwritable+0x1a>
10006684:	55fd                	li	a1,-1
10006686:	0fffa097          	auipc	ra,0xfffa
1000668a:	ad2080e7          	jalr	-1326(ra) # 20000158 <mutex_enter_timeout_ms>
1000668e:	4808                	lw	a0,16(s0)
10006690:	c511                	beqz	a0,1000669c <tu_fifo_set_overwritable+0x28>
10006692:	55fd                	li	a1,-1
10006694:	0fffa097          	auipc	ra,0xfffa
10006698:	ac4080e7          	jalr	-1340(ra) # 20000158 <mutex_enter_timeout_ms>
1000669c:	00645583          	lhu	a1,6(s0)
100066a0:	00f49793          	slli	a5,s1,0xf
100066a4:	4448                	lw	a0,12(s0)
100066a6:	05c6                	slli	a1,a1,0x11
100066a8:	81c5                	srli	a1,a1,0x11
100066aa:	8ddd                	or	a1,a1,a5
100066ac:	00b41323          	sh	a1,6(s0)
100066b0:	c509                	beqz	a0,100066ba <tu_fifo_set_overwritable+0x46>
100066b2:	0fffa097          	auipc	ra,0xfffa
100066b6:	aec080e7          	jalr	-1300(ra) # 2000019e <mutex_exit>
100066ba:	4808                	lw	a0,16(s0)
100066bc:	c509                	beqz	a0,100066c6 <tu_fifo_set_overwritable+0x52>
100066be:	0fffa097          	auipc	ra,0xfffa
100066c2:	ae0080e7          	jalr	-1312(ra) # 2000019e <mutex_exit>
100066c6:	40b2                	lw	ra,12(sp)
100066c8:	4422                	lw	s0,8(sp)
100066ca:	4492                	lw	s1,4(sp)
100066cc:	4505                	li	a0,1
100066ce:	0141                	addi	sp,sp,16
100066d0:	8082                	ret

100066d2 <runtime_init_per_core_tls_setup>:
100066d2:	d00007b7          	lui	a5,0xd0000
100066d6:	439c                	lw	a5,0(a5)
100066d8:	1000d737          	lui	a4,0x1000d
100066dc:	4ec70713          	addi	a4,a4,1260 # 1000d4ec <__tls_bases.0>
100066e0:	1141                	addi	sp,sp,-16
100066e2:	20e7c7b3          	sh2add	a5,a5,a4
100066e6:	c422                	sw	s0,8(sp)
100066e8:	4380                	lw	s0,0(a5)
100066ea:	100105b7          	lui	a1,0x10010
100066ee:	00000613          	li	a2,0
100066f2:	8522                	mv	a0,s0
100066f4:	76c58593          	addi	a1,a1,1900 # 1001076c <__scratch_x_source__>
100066f8:	c606                	sw	ra,12(sp)
100066fa:	0fffc097          	auipc	ra,0xfffc
100066fe:	5da080e7          	jalr	1498(ra) # 20002cd4 <memcpy>
10006702:	00000613          	li	a2,0
10006706:	00c40533          	add	a0,s0,a2
1000670a:	4581                	li	a1,0
1000670c:	00000613          	li	a2,0
10006710:	0fffc097          	auipc	ra,0xfffc
10006714:	44c080e7          	jalr	1100(ra) # 20002b5c <memset>
10006718:	8222                	mv	tp,s0
1000671a:	40b2                	lw	ra,12(sp)
1000671c:	4422                	lw	s0,8(sp)
1000671e:	0141                	addi	sp,sp,16
10006720:	8082                	ret

10006722 <Cipher>:
10006722:	715d                	addi	sp,sp,-80
10006724:	c686                	sw	ra,76(sp)
10006726:	c4a2                	sw	s0,72(sp)
10006728:	0880                	addi	s0,sp,80
1000672a:	fcb42823          	sw	a1,-48(s0)
1000672e:	fca42623          	sw	a0,-52(s0)
10006732:	20003537          	lui	a0,0x20003
10006736:	fca42c23          	sw	a0,-40(s0)
1000673a:	4681                	li	a3,0
1000673c:	fcd42a23          	sw	a3,-44(s0)
10006740:	3cd52e23          	sw	a3,988(a0) # 200033dc <runtime_sig+0x4>
10006744:	2c7235b7          	lui	a1,0x2c723
10006748:	f8b58613          	addi	a2,a1,-117 # 2c722f8b <__StackTop+0xc6a0f8b>
1000674c:	3cc52c23          	sw	a2,984(a0)
10006750:	20003537          	lui	a0,0x20003
10006754:	fca42e23          	sw	a0,-36(s0)
10006758:	24d52a23          	sw	a3,596(a0) # 20003254 <anb_prev_sig+0x4>
1000675c:	24c52823          	sw	a2,592(a0)
10006760:	1000d537          	lui	a0,0x1000d
10006764:	16350513          	addi	a0,a0,355 # 1000d163 <_usbd_driver+0xff>
10006768:	b1efd0ef          	jal	10003a86 <__wrap_printf>
1000676c:	fcc42603          	lw	a2,-52(s0)
10006770:	fd042583          	lw	a1,-48(s0)
10006774:	fd442503          	lw	a0,-44(s0)
10006778:	fec42a23          	sw	a2,-12(s0)
1000677c:	feb42823          	sw	a1,-16(s0)
10006780:	fea407a3          	sb	a0,-17(s0)
10006784:	ff442583          	lw	a1,-12(s0)
10006788:	ff042603          	lw	a2,-16(s0)
1000678c:	2ab5                	jal	10006908 <AddRoundKey>
1000678e:	fd442503          	lw	a0,-44(s0)
10006792:	fd842603          	lw	a2,-40(s0)
10006796:	fdc42583          	lw	a1,-36(s0)
1000679a:	4685                	li	a3,1
1000679c:	fed407a3          	sb	a3,-17(s0)
100067a0:	fea42223          	sw	a0,-28(s0)
100067a4:	fea42023          	sw	a0,-32(s0)
100067a8:	3d862503          	lw	a0,984(a2)
100067ac:	3dc62603          	lw	a2,988(a2)
100067b0:	24c5aa23          	sw	a2,596(a1)
100067b4:	24a5a823          	sw	a0,592(a1)
100067b8:	a009                	j	100067ba <Cipher+0x98>
100067ba:	ff442503          	lw	a0,-12(s0)
100067be:	2ca010ef          	jal	10007a88 <SubBytes>
100067c2:	ff442503          	lw	a0,-12(s0)
100067c6:	624020ef          	jal	10008dea <ShiftRows>
100067ca:	fef44503          	lbu	a0,-17(s0)
100067ce:	20003637          	lui	a2,0x20003
100067d2:	3d862583          	lw	a1,984(a2) # 200033d8 <runtime_sig>
100067d6:	3dc62683          	lw	a3,988(a2)
100067da:	20003637          	lui	a2,0x20003
100067de:	24d62a23          	sw	a3,596(a2) # 20003254 <anb_prev_sig+0x4>
100067e2:	24b62823          	sw	a1,592(a2)
100067e6:	45a9                	li	a1,10
100067e8:	04b50c63          	beq	a0,a1,10006840 <Cipher+0x11e>
100067ec:	a009                	j	100067ee <Cipher+0xcc>
100067ee:	fe442503          	lw	a0,-28(s0)
100067f2:	fe042583          	lw	a1,-32(s0)
100067f6:	0585                	addi	a1,a1,1
100067f8:	0015b613          	seqz	a2,a1
100067fc:	9532                	add	a0,a0,a2
100067fe:	feb42023          	sw	a1,-32(s0)
10006802:	fea42223          	sw	a0,-28(s0)
10006806:	ff442503          	lw	a0,-12(s0)
1000680a:	555010ef          	jal	1000855e <MixColumns>
1000680e:	fef44503          	lbu	a0,-17(s0)
10006812:	ff442583          	lw	a1,-12(s0)
10006816:	ff042603          	lw	a2,-16(s0)
1000681a:	20fd                	jal	10006908 <AddRoundKey>
1000681c:	fef44503          	lbu	a0,-17(s0)
10006820:	0505                	addi	a0,a0,1
10006822:	fea407a3          	sb	a0,-17(s0)
10006826:	200035b7          	lui	a1,0x20003
1000682a:	3d85a503          	lw	a0,984(a1) # 200033d8 <runtime_sig>
1000682e:	3dc5a603          	lw	a2,988(a1)
10006832:	200035b7          	lui	a1,0x20003
10006836:	24c5aa23          	sw	a2,596(a1) # 20003254 <anb_prev_sig+0x4>
1000683a:	24a5a823          	sw	a0,592(a1)
1000683e:	bfb5                	j	100067ba <Cipher+0x98>
10006840:	fe442503          	lw	a0,-28(s0)
10006844:	faa42e23          	sw	a0,-68(s0)
10006848:	fe042603          	lw	a2,-32(s0)
1000684c:	fac42c23          	sw	a2,-72(s0)
10006850:	ff760593          	addi	a1,a2,-9
10006854:	fcb42023          	sw	a1,-64(s0)
10006858:	00c5b5b3          	sltu	a1,a1,a2
1000685c:	952e                	add	a0,a0,a1
1000685e:	157d                	addi	a0,a0,-1
10006860:	fca42223          	sw	a0,-60(s0)
10006864:	1000d537          	lui	a0,0x1000d
10006868:	0d950513          	addi	a0,a0,217 # 1000d0d9 <_usbd_driver+0x75>
1000686c:	4625                	li	a2,9
1000686e:	4681                	li	a3,0
10006870:	a16fd0ef          	jal	10003a86 <__wrap_printf>
10006874:	fb842603          	lw	a2,-72(s0)
10006878:	fbc42683          	lw	a3,-68(s0)
1000687c:	1000d537          	lui	a0,0x1000d
10006880:	10d50513          	addi	a0,a0,269 # 1000d10d <_usbd_driver+0xa9>
10006884:	a02fd0ef          	jal	10003a86 <__wrap_printf>
10006888:	fc442683          	lw	a3,-60(s0)
1000688c:	fc042603          	lw	a2,-64(s0)
10006890:	1000d537          	lui	a0,0x1000d
10006894:	13750513          	addi	a0,a0,311 # 1000d137 <_usbd_driver+0xd3>
10006898:	9eefd0ef          	jal	10003a86 <__wrap_printf>
1000689c:	fc042683          	lw	a3,-64(s0)
100068a0:	fc442503          	lw	a0,-60(s0)
100068a4:	00a6e5b3          	or	a1,a3,a0
100068a8:	0015b593          	seqz	a1,a1
100068ac:	fff58713          	addi	a4,a1,-1
100068b0:	200035b7          	lui	a1,0x20003
100068b4:	fcb42423          	sw	a1,-56(s0)
100068b8:	3d858613          	addi	a2,a1,984 # 200033d8 <runtime_sig>
100068bc:	8e59                	or	a2,a2,a4
100068be:	4258                	lw	a4,4(a2)
100068c0:	4210                	lw	a2,0(a2)
100068c2:	3dc5a603          	lw	a2,988(a1)
100068c6:	9532                	add	a0,a0,a2
100068c8:	3d85a603          	lw	a2,984(a1)
100068cc:	9636                	add	a2,a2,a3
100068ce:	00d636b3          	sltu	a3,a2,a3
100068d2:	9536                	add	a0,a0,a3
100068d4:	3cc5ac23          	sw	a2,984(a1)
100068d8:	3ca5ae23          	sw	a0,988(a1)
100068dc:	ff442583          	lw	a1,-12(s0)
100068e0:	ff042603          	lw	a2,-16(s0)
100068e4:	4529                	li	a0,10
100068e6:	200d                	jal	10006908 <AddRoundKey>
100068e8:	fc842583          	lw	a1,-56(s0)
100068ec:	3d85a503          	lw	a0,984(a1)
100068f0:	3dc5a603          	lw	a2,988(a1)
100068f4:	200035b7          	lui	a1,0x20003
100068f8:	24c5aa23          	sw	a2,596(a1) # 20003254 <anb_prev_sig+0x4>
100068fc:	24a5a823          	sw	a0,592(a1)
10006900:	40b6                	lw	ra,76(sp)
10006902:	4426                	lw	s0,72(sp)
10006904:	6161                	addi	sp,sp,80
10006906:	8082                	ret

10006908 <AddRoundKey>:
10006908:	dc010113          	addi	sp,sp,-576
1000690c:	22112e23          	sw	ra,572(sp)
10006910:	22812c23          	sw	s0,568(sp)
10006914:	0480                	addi	s0,sp,576
10006916:	fac42a23          	sw	a2,-76(s0)
1000691a:	fab42823          	sw	a1,-80(s0)
1000691e:	faa42623          	sw	a0,-84(s0)
10006922:	20003537          	lui	a0,0x20003
10006926:	fca42c23          	sw	a0,-40(s0)
1000692a:	4681                	li	a3,0
1000692c:	fcd42023          	sw	a3,-64(s0)
10006930:	3cd52e23          	sw	a3,988(a0) # 200033dc <runtime_sig+0x4>
10006934:	01a3a5b7          	lui	a1,0x1a3a
10006938:	09958613          	addi	a2,a1,153 # 1a3a099 <RAM_LENGTH+0x19ba099>
1000693c:	3cc52c23          	sw	a2,984(a0)
10006940:	3d850513          	addi	a0,a0,984
10006944:	fca42623          	sw	a0,-52(s0)
10006948:	20003537          	lui	a0,0x20003
1000694c:	fca42e23          	sw	a0,-36(s0)
10006950:	24d52a23          	sw	a3,596(a0) # 20003254 <anb_prev_sig+0x4>
10006954:	24c52823          	sw	a2,592(a0)
10006958:	1000d537          	lui	a0,0x1000d
1000695c:	16350513          	addi	a0,a0,355 # 1000d163 <_usbd_driver+0xff>
10006960:	926fd0ef          	jal	10003a86 <__wrap_printf>
10006964:	fac42783          	lw	a5,-84(s0)
10006968:	fb042703          	lw	a4,-80(s0)
1000696c:	fb442683          	lw	a3,-76(s0)
10006970:	fc042603          	lw	a2,-64(s0)
10006974:	fdc42583          	lw	a1,-36(s0)
10006978:	fd842503          	lw	a0,-40(s0)
1000697c:	fef40ba3          	sb	a5,-9(s0)
10006980:	ff744803          	lbu	a6,-9(s0)
10006984:	0107c7b3          	xor	a5,a5,a6
10006988:	0017b813          	seqz	a6,a5
1000698c:	3dc52783          	lw	a5,988(a0)
10006990:	3d852883          	lw	a7,984(a0)
10006994:	9846                	add	a6,a6,a7
10006996:	011838b3          	sltu	a7,a6,a7
1000699a:	97c6                	add	a5,a5,a7
1000699c:	3d052c23          	sw	a6,984(a0)
100069a0:	3cf52e23          	sw	a5,988(a0)
100069a4:	fee42823          	sw	a4,-16(s0)
100069a8:	fed42623          	sw	a3,-20(s0)
100069ac:	fec405a3          	sb	a2,-21(s0)
100069b0:	feb44683          	lbu	a3,-21(s0)
100069b4:	0016b713          	seqz	a4,a3
100069b8:	3dc52683          	lw	a3,988(a0)
100069bc:	3d852783          	lw	a5,984(a0)
100069c0:	973e                	add	a4,a4,a5
100069c2:	00f737b3          	sltu	a5,a4,a5
100069c6:	96be                	add	a3,a3,a5
100069c8:	3ce52c23          	sw	a4,984(a0)
100069cc:	3cd52e23          	sw	a3,988(a0)
100069d0:	fec42223          	sw	a2,-28(s0)
100069d4:	fec42023          	sw	a2,-32(s0)
100069d8:	fe442683          	lw	a3,-28(s0)
100069dc:	fe042603          	lw	a2,-32(s0)
100069e0:	8e55                	or	a2,a2,a3
100069e2:	00163693          	seqz	a3,a2
100069e6:	3dc52603          	lw	a2,988(a0)
100069ea:	3d852703          	lw	a4,984(a0)
100069ee:	96ba                	add	a3,a3,a4
100069f0:	00e6b733          	sltu	a4,a3,a4
100069f4:	963a                	add	a2,a2,a4
100069f6:	3cd52c23          	sw	a3,984(a0)
100069fa:	3cc52e23          	sw	a2,988(a0)
100069fe:	2545a683          	lw	a3,596(a1)
10006a02:	fad42c23          	sw	a3,-72(s0)
10006a06:	2505a603          	lw	a2,592(a1)
10006a0a:	fac42e23          	sw	a2,-68(s0)
10006a0e:	3dc52583          	lw	a1,988(a0)
10006a12:	fcb42a23          	sw	a1,-44(s0)
10006a16:	3d852503          	lw	a0,984(a0)
10006a1a:	fca42823          	sw	a0,-48(s0)
10006a1e:	1000d537          	lui	a0,0x1000d
10006a22:	18750513          	addi	a0,a0,391 # 1000d187 <_usbd_driver+0x123>
10006a26:	860fd0ef          	jal	10003a86 <__wrap_printf>
10006a2a:	fd042603          	lw	a2,-48(s0)
10006a2e:	fd442683          	lw	a3,-44(s0)
10006a32:	1000d537          	lui	a0,0x1000d
10006a36:	1af50513          	addi	a0,a0,431 # 1000d1af <_usbd_driver+0x14b>
10006a3a:	84cfd0ef          	jal	10003a86 <__wrap_printf>
10006a3e:	fb842703          	lw	a4,-72(s0)
10006a42:	fbc42583          	lw	a1,-68(s0)
10006a46:	fd442603          	lw	a2,-44(s0)
10006a4a:	fd042503          	lw	a0,-48(s0)
10006a4e:	00b536b3          	sltu	a3,a0,a1
10006a52:	8e19                	sub	a2,a2,a4
10006a54:	40d606b3          	sub	a3,a2,a3
10006a58:	fcd42423          	sw	a3,-56(s0)
10006a5c:	40b50633          	sub	a2,a0,a1
10006a60:	fcc42223          	sw	a2,-60(s0)
10006a64:	1000d537          	lui	a0,0x1000d
10006a68:	1dc50513          	addi	a0,a0,476 # 1000d1dc <_usbd_driver+0x178>
10006a6c:	81afd0ef          	jal	10003a86 <__wrap_printf>
10006a70:	fc042683          	lw	a3,-64(s0)
10006a74:	1000d537          	lui	a0,0x1000d
10006a78:	20350513          	addi	a0,a0,515 # 1000d203 <_usbd_driver+0x19f>
10006a7c:	460d                	li	a2,3
10006a7e:	808fd0ef          	jal	10003a86 <__wrap_printf>
10006a82:	fc442703          	lw	a4,-60(s0)
10006a86:	fc842783          	lw	a5,-56(s0)
10006a8a:	fcc42583          	lw	a1,-52(s0)
10006a8e:	fd042603          	lw	a2,-48(s0)
10006a92:	fd442683          	lw	a3,-44(s0)
10006a96:	fd842503          	lw	a0,-40(s0)
10006a9a:	00374713          	xori	a4,a4,3
10006a9e:	8f5d                	or	a4,a4,a5
10006aa0:	00173713          	seqz	a4,a4
10006aa4:	177d                	addi	a4,a4,-1
10006aa6:	8dd9                	or	a1,a1,a4
10006aa8:	41d8                	lw	a4,4(a1)
10006aaa:	418c                	lw	a1,0(a1)
10006aac:	3cd52e23          	sw	a3,988(a0)
10006ab0:	3cc52c23          	sw	a2,984(a0)
10006ab4:	1000d537          	lui	a0,0x1000d
10006ab8:	22b50513          	addi	a0,a0,555 # 1000d22b <_usbd_driver+0x1c7>
10006abc:	fcbfc0ef          	jal	10003a86 <__wrap_printf>
10006ac0:	fd842603          	lw	a2,-40(s0)
10006ac4:	fdc42583          	lw	a1,-36(s0)
10006ac8:	3d862503          	lw	a0,984(a2)
10006acc:	3dc62603          	lw	a2,988(a2)
10006ad0:	24c5aa23          	sw	a2,596(a1)
10006ad4:	24a5a823          	sw	a0,592(a1)
10006ad8:	a009                	j	10006ada <AddRoundKey+0x1d2>
10006ada:	feb44503          	lbu	a0,-21(s0)
10006ade:	faa42423          	sw	a0,-88(s0)
10006ae2:	feb44583          	lbu	a1,-21(s0)
10006ae6:	8d2d                	xor	a0,a0,a1
10006ae8:	00153613          	seqz	a2,a0
10006aec:	20003537          	lui	a0,0x20003
10006af0:	faa42023          	sw	a0,-96(s0)
10006af4:	3d850593          	addi	a1,a0,984 # 200033d8 <runtime_sig>
10006af8:	f8b42a23          	sw	a1,-108(s0)
10006afc:	3dc52583          	lw	a1,988(a0)
10006b00:	3d852683          	lw	a3,984(a0)
10006b04:	9636                	add	a2,a2,a3
10006b06:	00d636b3          	sltu	a3,a2,a3
10006b0a:	95b6                	add	a1,a1,a3
10006b0c:	3cc52c23          	sw	a2,984(a0)
10006b10:	3cb52e23          	sw	a1,988(a0)
10006b14:	200035b7          	lui	a1,0x20003
10006b18:	fab42223          	sw	a1,-92(s0)
10006b1c:	2545a683          	lw	a3,596(a1) # 20003254 <anb_prev_sig+0x4>
10006b20:	f8d42223          	sw	a3,-124(s0)
10006b24:	2505a603          	lw	a2,592(a1)
10006b28:	f8c42423          	sw	a2,-120(s0)
10006b2c:	3dc52583          	lw	a1,988(a0)
10006b30:	f8b42e23          	sw	a1,-100(s0)
10006b34:	3d852503          	lw	a0,984(a0)
10006b38:	f8a42c23          	sw	a0,-104(s0)
10006b3c:	1000d537          	lui	a0,0x1000d
10006b40:	18750513          	addi	a0,a0,391 # 1000d187 <_usbd_driver+0x123>
10006b44:	f43fc0ef          	jal	10003a86 <__wrap_printf>
10006b48:	f9842603          	lw	a2,-104(s0)
10006b4c:	f9c42683          	lw	a3,-100(s0)
10006b50:	1000d537          	lui	a0,0x1000d
10006b54:	1af50513          	addi	a0,a0,431 # 1000d1af <_usbd_driver+0x14b>
10006b58:	f2ffc0ef          	jal	10003a86 <__wrap_printf>
10006b5c:	f8442703          	lw	a4,-124(s0)
10006b60:	f8842583          	lw	a1,-120(s0)
10006b64:	f9c42603          	lw	a2,-100(s0)
10006b68:	f9842503          	lw	a0,-104(s0)
10006b6c:	00b536b3          	sltu	a3,a0,a1
10006b70:	8e19                	sub	a2,a2,a4
10006b72:	40d606b3          	sub	a3,a2,a3
10006b76:	f8d42823          	sw	a3,-112(s0)
10006b7a:	40b50633          	sub	a2,a0,a1
10006b7e:	f8c42623          	sw	a2,-116(s0)
10006b82:	1000d537          	lui	a0,0x1000d
10006b86:	1dc50513          	addi	a0,a0,476 # 1000d1dc <_usbd_driver+0x178>
10006b8a:	efdfc0ef          	jal	10003a86 <__wrap_printf>
10006b8e:	1000d537          	lui	a0,0x1000d
10006b92:	20350513          	addi	a0,a0,515 # 1000d203 <_usbd_driver+0x19f>
10006b96:	4605                	li	a2,1
10006b98:	4681                	li	a3,0
10006b9a:	eedfc0ef          	jal	10003a86 <__wrap_printf>
10006b9e:	f8c42703          	lw	a4,-116(s0)
10006ba2:	f9042783          	lw	a5,-112(s0)
10006ba6:	f9442583          	lw	a1,-108(s0)
10006baa:	f9842603          	lw	a2,-104(s0)
10006bae:	f9c42683          	lw	a3,-100(s0)
10006bb2:	fa042503          	lw	a0,-96(s0)
10006bb6:	00174713          	xori	a4,a4,1
10006bba:	8f5d                	or	a4,a4,a5
10006bbc:	00173713          	seqz	a4,a4
10006bc0:	177d                	addi	a4,a4,-1
10006bc2:	8dd9                	or	a1,a1,a4
10006bc4:	41d8                	lw	a4,4(a1)
10006bc6:	418c                	lw	a1,0(a1)
10006bc8:	3cd52e23          	sw	a3,988(a0)
10006bcc:	3cc52c23          	sw	a2,984(a0)
10006bd0:	1000d537          	lui	a0,0x1000d
10006bd4:	22b50513          	addi	a0,a0,555 # 1000d22b <_usbd_driver+0x1c7>
10006bd8:	eaffc0ef          	jal	10003a86 <__wrap_printf>
10006bdc:	fa042683          	lw	a3,-96(s0)
10006be0:	fa442603          	lw	a2,-92(s0)
10006be4:	fa842583          	lw	a1,-88(s0)
10006be8:	3d86a503          	lw	a0,984(a3)
10006bec:	3dc6a683          	lw	a3,988(a3)
10006bf0:	24d62a23          	sw	a3,596(a2)
10006bf4:	24a62823          	sw	a0,592(a2)
10006bf8:	450d                	li	a0,3
10006bfa:	5cb54ae3          	blt	a0,a1,100079ce <AddRoundKey+0x10c6>
10006bfe:	a009                	j	10006c00 <AddRoundKey+0x2f8>
10006c00:	4501                	li	a0,0
10006c02:	f6a42223          	sw	a0,-156(s0)
10006c06:	fea40523          	sb	a0,-22(s0)
10006c0a:	fea44503          	lbu	a0,-22(s0)
10006c0e:	00153613          	seqz	a2,a0
10006c12:	20003537          	lui	a0,0x20003
10006c16:	f6a42e23          	sw	a0,-132(s0)
10006c1a:	3d850593          	addi	a1,a0,984 # 200033d8 <runtime_sig>
10006c1e:	f6b42823          	sw	a1,-144(s0)
10006c22:	3dc52583          	lw	a1,988(a0)
10006c26:	3d852683          	lw	a3,984(a0)
10006c2a:	9636                	add	a2,a2,a3
10006c2c:	00d636b3          	sltu	a3,a2,a3
10006c30:	95b6                	add	a1,a1,a3
10006c32:	3cc52c23          	sw	a2,984(a0)
10006c36:	3cb52e23          	sw	a1,988(a0)
10006c3a:	200035b7          	lui	a1,0x20003
10006c3e:	f8b42023          	sw	a1,-128(s0)
10006c42:	2545a683          	lw	a3,596(a1) # 20003254 <anb_prev_sig+0x4>
10006c46:	f4d42e23          	sw	a3,-164(s0)
10006c4a:	2505a603          	lw	a2,592(a1)
10006c4e:	f6c42023          	sw	a2,-160(s0)
10006c52:	3dc52583          	lw	a1,988(a0)
10006c56:	f6b42c23          	sw	a1,-136(s0)
10006c5a:	3d852503          	lw	a0,984(a0)
10006c5e:	f6a42a23          	sw	a0,-140(s0)
10006c62:	1000d537          	lui	a0,0x1000d
10006c66:	18750513          	addi	a0,a0,391 # 1000d187 <_usbd_driver+0x123>
10006c6a:	e1dfc0ef          	jal	10003a86 <__wrap_printf>
10006c6e:	f7442603          	lw	a2,-140(s0)
10006c72:	f7842683          	lw	a3,-136(s0)
10006c76:	1000d537          	lui	a0,0x1000d
10006c7a:	1af50513          	addi	a0,a0,431 # 1000d1af <_usbd_driver+0x14b>
10006c7e:	e09fc0ef          	jal	10003a86 <__wrap_printf>
10006c82:	f5c42703          	lw	a4,-164(s0)
10006c86:	f6042583          	lw	a1,-160(s0)
10006c8a:	f7842603          	lw	a2,-136(s0)
10006c8e:	f7442503          	lw	a0,-140(s0)
10006c92:	00b536b3          	sltu	a3,a0,a1
10006c96:	8e19                	sub	a2,a2,a4
10006c98:	40d606b3          	sub	a3,a2,a3
10006c9c:	f6d42623          	sw	a3,-148(s0)
10006ca0:	40b50633          	sub	a2,a0,a1
10006ca4:	f6c42423          	sw	a2,-152(s0)
10006ca8:	1000d537          	lui	a0,0x1000d
10006cac:	1dc50513          	addi	a0,a0,476 # 1000d1dc <_usbd_driver+0x178>
10006cb0:	dd7fc0ef          	jal	10003a86 <__wrap_printf>
10006cb4:	f6442683          	lw	a3,-156(s0)
10006cb8:	1000d537          	lui	a0,0x1000d
10006cbc:	20350513          	addi	a0,a0,515 # 1000d203 <_usbd_driver+0x19f>
10006cc0:	4605                	li	a2,1
10006cc2:	dc5fc0ef          	jal	10003a86 <__wrap_printf>
10006cc6:	f6842703          	lw	a4,-152(s0)
10006cca:	f6c42783          	lw	a5,-148(s0)
10006cce:	f7042583          	lw	a1,-144(s0)
10006cd2:	f7442603          	lw	a2,-140(s0)
10006cd6:	f7842683          	lw	a3,-136(s0)
10006cda:	f7c42503          	lw	a0,-132(s0)
10006cde:	00174713          	xori	a4,a4,1
10006ce2:	8f5d                	or	a4,a4,a5
10006ce4:	00173713          	seqz	a4,a4
10006ce8:	177d                	addi	a4,a4,-1
10006cea:	8dd9                	or	a1,a1,a4
10006cec:	41d8                	lw	a4,4(a1)
10006cee:	418c                	lw	a1,0(a1)
10006cf0:	3cd52e23          	sw	a3,988(a0)
10006cf4:	3cc52c23          	sw	a2,984(a0)
10006cf8:	1000d537          	lui	a0,0x1000d
10006cfc:	22b50513          	addi	a0,a0,555 # 1000d22b <_usbd_driver+0x1c7>
10006d00:	d87fc0ef          	jal	10003a86 <__wrap_printf>
10006d04:	f7c42603          	lw	a2,-132(s0)
10006d08:	f8042583          	lw	a1,-128(s0)
10006d0c:	3d862503          	lw	a0,984(a2)
10006d10:	3dc62603          	lw	a2,988(a2)
10006d14:	24c5aa23          	sw	a2,596(a1)
10006d18:	24a5a823          	sw	a0,592(a1)
10006d1c:	a009                	j	10006d1e <AddRoundKey+0x416>
10006d1e:	fea44503          	lbu	a0,-22(s0)
10006d22:	f4a42c23          	sw	a0,-168(s0)
10006d26:	fea44583          	lbu	a1,-22(s0)
10006d2a:	8d2d                	xor	a0,a0,a1
10006d2c:	00153613          	seqz	a2,a0
10006d30:	20003537          	lui	a0,0x20003
10006d34:	f4a42823          	sw	a0,-176(s0)
10006d38:	3d850593          	addi	a1,a0,984 # 200033d8 <runtime_sig>
10006d3c:	f4b42223          	sw	a1,-188(s0)
10006d40:	3dc52583          	lw	a1,988(a0)
10006d44:	3d852683          	lw	a3,984(a0)
10006d48:	9636                	add	a2,a2,a3
10006d4a:	00d636b3          	sltu	a3,a2,a3
10006d4e:	95b6                	add	a1,a1,a3
10006d50:	3cc52c23          	sw	a2,984(a0)
10006d54:	3cb52e23          	sw	a1,988(a0)
10006d58:	200035b7          	lui	a1,0x20003
10006d5c:	f4b42a23          	sw	a1,-172(s0)
10006d60:	2545a683          	lw	a3,596(a1) # 20003254 <anb_prev_sig+0x4>
10006d64:	f2d42a23          	sw	a3,-204(s0)
10006d68:	2505a603          	lw	a2,592(a1)
10006d6c:	f2c42c23          	sw	a2,-200(s0)
10006d70:	3dc52583          	lw	a1,988(a0)
10006d74:	f4b42623          	sw	a1,-180(s0)
10006d78:	3d852503          	lw	a0,984(a0)
10006d7c:	f4a42423          	sw	a0,-184(s0)
10006d80:	1000d537          	lui	a0,0x1000d
10006d84:	18750513          	addi	a0,a0,391 # 1000d187 <_usbd_driver+0x123>
10006d88:	cfffc0ef          	jal	10003a86 <__wrap_printf>
10006d8c:	f4842603          	lw	a2,-184(s0)
10006d90:	f4c42683          	lw	a3,-180(s0)
10006d94:	1000d537          	lui	a0,0x1000d
10006d98:	1af50513          	addi	a0,a0,431 # 1000d1af <_usbd_driver+0x14b>
10006d9c:	cebfc0ef          	jal	10003a86 <__wrap_printf>
10006da0:	f3442703          	lw	a4,-204(s0)
10006da4:	f3842583          	lw	a1,-200(s0)
10006da8:	f4c42603          	lw	a2,-180(s0)
10006dac:	f4842503          	lw	a0,-184(s0)
10006db0:	00b536b3          	sltu	a3,a0,a1
10006db4:	8e19                	sub	a2,a2,a4
10006db6:	40d606b3          	sub	a3,a2,a3
10006dba:	f4d42023          	sw	a3,-192(s0)
10006dbe:	40b50633          	sub	a2,a0,a1
10006dc2:	f2c42e23          	sw	a2,-196(s0)
10006dc6:	1000d537          	lui	a0,0x1000d
10006dca:	1dc50513          	addi	a0,a0,476 # 1000d1dc <_usbd_driver+0x178>
10006dce:	cb9fc0ef          	jal	10003a86 <__wrap_printf>
10006dd2:	1000d537          	lui	a0,0x1000d
10006dd6:	20350513          	addi	a0,a0,515 # 1000d203 <_usbd_driver+0x19f>
10006dda:	4605                	li	a2,1
10006ddc:	4681                	li	a3,0
10006dde:	ca9fc0ef          	jal	10003a86 <__wrap_printf>
10006de2:	f3c42703          	lw	a4,-196(s0)
10006de6:	f4042783          	lw	a5,-192(s0)
10006dea:	f4442583          	lw	a1,-188(s0)
10006dee:	f4842603          	lw	a2,-184(s0)
10006df2:	f4c42683          	lw	a3,-180(s0)
10006df6:	f5042503          	lw	a0,-176(s0)
10006dfa:	00174713          	xori	a4,a4,1
10006dfe:	8f5d                	or	a4,a4,a5
10006e00:	00173713          	seqz	a4,a4
10006e04:	177d                	addi	a4,a4,-1
10006e06:	8dd9                	or	a1,a1,a4
10006e08:	41d8                	lw	a4,4(a1)
10006e0a:	418c                	lw	a1,0(a1)
10006e0c:	3cd52e23          	sw	a3,988(a0)
10006e10:	3cc52c23          	sw	a2,984(a0)
10006e14:	1000d537          	lui	a0,0x1000d
10006e18:	22b50513          	addi	a0,a0,555 # 1000d22b <_usbd_driver+0x1c7>
10006e1c:	c6bfc0ef          	jal	10003a86 <__wrap_printf>
10006e20:	f5042683          	lw	a3,-176(s0)
10006e24:	f5442603          	lw	a2,-172(s0)
10006e28:	f5842583          	lw	a1,-168(s0)
10006e2c:	3d86a503          	lw	a0,984(a3)
10006e30:	3dc6a683          	lw	a3,988(a3)
10006e34:	24d62a23          	sw	a3,596(a2)
10006e38:	24a62823          	sw	a0,592(a2)
10006e3c:	450d                	li	a0,3
10006e3e:	16b549e3          	blt	a0,a1,100077b0 <AddRoundKey+0xea8>
10006e42:	a009                	j	10006e44 <AddRoundKey+0x53c>
10006e44:	fec42503          	lw	a0,-20(s0)
10006e48:	eea42623          	sw	a0,-276(s0)
10006e4c:	ff744503          	lbu	a0,-9(s0)
10006e50:	eea42823          	sw	a0,-272(s0)
10006e54:	ff744583          	lbu	a1,-9(s0)
10006e58:	8da9                	xor	a1,a1,a0
10006e5a:	0015b693          	seqz	a3,a1
10006e5e:	20003637          	lui	a2,0x20003
10006e62:	eec42a23          	sw	a2,-268(s0)
10006e66:	3d860593          	addi	a1,a2,984 # 200033d8 <runtime_sig>
10006e6a:	eeb42c23          	sw	a1,-264(s0)
10006e6e:	3dc62583          	lw	a1,988(a2)
10006e72:	3d862703          	lw	a4,984(a2)
10006e76:	96ba                	add	a3,a3,a4
10006e78:	00e6b733          	sltu	a4,a3,a4
10006e7c:	95ba                	add	a1,a1,a4
10006e7e:	3cd62c23          	sw	a3,984(a2)
10006e82:	3cb62e23          	sw	a1,988(a2)
10006e86:	5cba85b7          	lui	a1,0x5cba8
10006e8a:	51658613          	addi	a2,a1,1302 # 5cba8516 <__StackTop+0x3cb26516>
10006e8e:	02c535b3          	mulhu	a1,a0,a2
10006e92:	20a526b3          	sh1add	a3,a0,a0
10006e96:	95b6                	add	a1,a1,a3
10006e98:	02c50633          	mul	a2,a0,a2
10006e9c:	d3500537          	lui	a0,0xd3500
10006ea0:	0531                	addi	a0,a0,12 # d350000c <__StackTop+0xb347e00c>
10006ea2:	9532                	add	a0,a0,a2
10006ea4:	f0a42623          	sw	a0,-244(s0)
10006ea8:	00c53633          	sltu	a2,a0,a2
10006eac:	95b2                	add	a1,a1,a2
10006eae:	0589                	addi	a1,a1,2
10006eb0:	f0b42823          	sw	a1,-240(s0)
10006eb4:	6639                	lui	a2,0xe
10006eb6:	3d160613          	addi	a2,a2,977 # e3d1 <XIP_RAM_LENGTH+0xa3d1>
10006eba:	f0c42223          	sw	a2,-252(s0)
10006ebe:	4681                	li	a3,0
10006ec0:	f0d42423          	sw	a3,-248(s0)
10006ec4:	0fffa097          	auipc	ra,0xfffa
10006ec8:	fac080e7          	jalr	-84(ra) # 20000e70 <__udivdi3>
10006ecc:	f0442603          	lw	a2,-252(s0)
10006ed0:	f0842683          	lw	a3,-248(s0)
10006ed4:	0fffa097          	auipc	ra,0xfffa
10006ed8:	282080e7          	jalr	642(ra) # 20001156 <__umoddi3>
10006edc:	f1042583          	lw	a1,-240(s0)
10006ee0:	f0442603          	lw	a2,-252(s0)
10006ee4:	f0842683          	lw	a3,-248(s0)
10006ee8:	872a                	mv	a4,a0
10006eea:	f0c42503          	lw	a0,-244(s0)
10006eee:	02c707b3          	mul	a5,a4,a2
10006ef2:	f0f42023          	sw	a5,-256(s0)
10006ef6:	02c73733          	mulhu	a4,a4,a2
10006efa:	eee42e23          	sw	a4,-260(s0)
10006efe:	0fffa097          	auipc	ra,0xfffa
10006f02:	258080e7          	jalr	600(ra) # 20001156 <__umoddi3>
10006f06:	efc42783          	lw	a5,-260(s0)
10006f0a:	f0042703          	lw	a4,-256(s0)
10006f0e:	f0442603          	lw	a2,-252(s0)
10006f12:	f0842683          	lw	a3,-248(s0)
10006f16:	882a                	mv	a6,a0
10006f18:	f0c42503          	lw	a0,-244(s0)
10006f1c:	f1042c23          	sw	a6,-232(s0)
10006f20:	882e                	mv	a6,a1
10006f22:	f1042583          	lw	a1,-240(s0)
10006f26:	f1042a23          	sw	a6,-236(s0)
10006f2a:	8d9d                	sub	a1,a1,a5
10006f2c:	00e537b3          	sltu	a5,a0,a4
10006f30:	8d9d                	sub	a1,a1,a5
10006f32:	8d19                	sub	a0,a0,a4
10006f34:	0fffa097          	auipc	ra,0xfffa
10006f38:	f3c080e7          	jalr	-196(ra) # 20000e70 <__udivdi3>
10006f3c:	f1442683          	lw	a3,-236(s0)
10006f40:	862a                	mv	a2,a0
10006f42:	852e                	mv	a0,a1
10006f44:	f1842583          	lw	a1,-232(s0)
10006f48:	95b2                	add	a1,a1,a2
10006f4a:	00c5b633          	sltu	a2,a1,a2
10006f4e:	9536                	add	a0,a0,a3
10006f50:	00c506b3          	add	a3,a0,a2
10006f54:	589a2537          	lui	a0,0x589a2
10006f58:	fc550513          	addi	a0,a0,-59 # 589a1fc5 <__StackTop+0x3891ffc5>
10006f5c:	f0a42e23          	sw	a0,-228(s0)
10006f60:	02a58733          	mul	a4,a1,a0
10006f64:	6d305537          	lui	a0,0x6d305
10006f68:	53150613          	addi	a2,a0,1329 # 6d305531 <__StackTop+0x4d283531>
10006f6c:	f2c42023          	sw	a2,-224(s0)
10006f70:	02c5b533          	mulhu	a0,a1,a2
10006f74:	953a                	add	a0,a0,a4
10006f76:	02c686b3          	mul	a3,a3,a2
10006f7a:	9536                	add	a0,a0,a3
10006f7c:	02c585b3          	mul	a1,a1,a2
10006f80:	df6f3637          	lui	a2,0xdf6f3
10006f84:	e7f60613          	addi	a2,a2,-385 # df6f2e7f <__StackTop+0xbf670e7f>
10006f88:	962e                	add	a2,a2,a1
10006f8a:	00b635b3          	sltu	a1,a2,a1
10006f8e:	952e                	add	a0,a0,a1
10006f90:	57b4e5b7          	lui	a1,0x57b4e
10006f94:	30a58593          	addi	a1,a1,778 # 57b4e30a <__StackTop+0x37acc30a>
10006f98:	952e                	add	a0,a0,a1
10006f9a:	65c9                	lui	a1,0x12
10006f9c:	fab58593          	addi	a1,a1,-85 # 11fab <XIP_RAM_LENGTH+0xdfab>
10006fa0:	f2b42223          	sw	a1,-220(s0)
10006fa4:	00b536b3          	sltu	a3,a0,a1
10006fa8:	f2d42423          	sw	a3,-216(s0)
10006fac:	94c5f6b7          	lui	a3,0x94c5f
10006fb0:	76868693          	addi	a3,a3,1896 # 94c5f768 <__StackTop+0x74bdd768>
10006fb4:	f2d42623          	sw	a3,-212(s0)
10006fb8:	00d63633          	sltu	a2,a2,a3
10006fbc:	f2c42823          	sw	a2,-208(s0)
10006fc0:	00b50663          	beq	a0,a1,10006fcc <AddRoundKey+0x6c4>
10006fc4:	f2842503          	lw	a0,-216(s0)
10006fc8:	f2a42823          	sw	a0,-208(s0)
10006fcc:	ef442503          	lw	a0,-268(s0)
10006fd0:	f3042583          	lw	a1,-208(s0)
10006fd4:	eab42e23          	sw	a1,-324(s0)
10006fd8:	3dc52683          	lw	a3,988(a0)
10006fdc:	ecd42223          	sw	a3,-316(s0)
10006fe0:	3d852603          	lw	a2,984(a0)
10006fe4:	ecc42023          	sw	a2,-320(s0)
10006fe8:	1000d537          	lui	a0,0x1000d
10006fec:	26050513          	addi	a0,a0,608 # 1000d260 <_usbd_driver+0x1fc>
10006ff0:	a97fc0ef          	jal	10003a86 <__wrap_printf>
10006ff4:	ebc42603          	lw	a2,-324(s0)
10006ff8:	ec042683          	lw	a3,-320(s0)
10006ffc:	ec442583          	lw	a1,-316(s0)
10007000:	ef442503          	lw	a0,-268(s0)
10007004:	9636                	add	a2,a2,a3
10007006:	00d636b3          	sltu	a3,a2,a3
1000700a:	96ae                	add	a3,a3,a1
1000700c:	3cc52c23          	sw	a2,984(a0)
10007010:	3cd52e23          	sw	a3,988(a0)
10007014:	1000d537          	lui	a0,0x1000d
10007018:	28b50513          	addi	a0,a0,651 # 1000d28b <_usbd_driver+0x227>
1000701c:	a6bfc0ef          	jal	10003a86 <__wrap_printf>
10007020:	f0442603          	lw	a2,-252(s0)
10007024:	f0842683          	lw	a3,-248(s0)
10007028:	ef042503          	lw	a0,-272(s0)
1000702c:	00451793          	slli	a5,a0,0x4
10007030:	ecf42423          	sw	a5,-312(s0)
10007034:	6f0295b7          	lui	a1,0x6f029
10007038:	18c58713          	addi	a4,a1,396 # 6f02918c <__StackTop+0x4efa718c>
1000703c:	02e535b3          	mulhu	a1,a0,a4
10007040:	8f89                	sub	a5,a5,a0
10007042:	95be                	add	a1,a1,a5
10007044:	02e50733          	mul	a4,a0,a4
10007048:	6c50d537          	lui	a0,0x6c50d
1000704c:	81650513          	addi	a0,a0,-2026 # 6c50c816 <__StackTop+0x4c48a816>
10007050:	953a                	add	a0,a0,a4
10007052:	eca42a23          	sw	a0,-300(s0)
10007056:	00e53733          	sltu	a4,a0,a4
1000705a:	95ba                	add	a1,a1,a4
1000705c:	0589                	addi	a1,a1,2
1000705e:	ecb42c23          	sw	a1,-296(s0)
10007062:	0fffa097          	auipc	ra,0xfffa
10007066:	e0e080e7          	jalr	-498(ra) # 20000e70 <__udivdi3>
1000706a:	f0442603          	lw	a2,-252(s0)
1000706e:	f0842683          	lw	a3,-248(s0)
10007072:	0fffa097          	auipc	ra,0xfffa
10007076:	0e4080e7          	jalr	228(ra) # 20001156 <__umoddi3>
1000707a:	ed842583          	lw	a1,-296(s0)
1000707e:	f0442603          	lw	a2,-252(s0)
10007082:	f0842683          	lw	a3,-248(s0)
10007086:	872a                	mv	a4,a0
10007088:	ed442503          	lw	a0,-300(s0)
1000708c:	02c707b3          	mul	a5,a4,a2
10007090:	ecf42823          	sw	a5,-304(s0)
10007094:	02c73733          	mulhu	a4,a4,a2
10007098:	ece42623          	sw	a4,-308(s0)
1000709c:	0fffa097          	auipc	ra,0xfffa
100070a0:	0ba080e7          	jalr	186(ra) # 20001156 <__umoddi3>
100070a4:	ecc42783          	lw	a5,-308(s0)
100070a8:	ed042703          	lw	a4,-304(s0)
100070ac:	f0442603          	lw	a2,-252(s0)
100070b0:	f0842683          	lw	a3,-248(s0)
100070b4:	882a                	mv	a6,a0
100070b6:	ed442503          	lw	a0,-300(s0)
100070ba:	ed042e23          	sw	a6,-292(s0)
100070be:	882e                	mv	a6,a1
100070c0:	ed842583          	lw	a1,-296(s0)
100070c4:	ef042023          	sw	a6,-288(s0)
100070c8:	8d9d                	sub	a1,a1,a5
100070ca:	00e537b3          	sltu	a5,a0,a4
100070ce:	8d9d                	sub	a1,a1,a5
100070d0:	8d19                	sub	a0,a0,a4
100070d2:	0fffa097          	auipc	ra,0xfffa
100070d6:	d9e080e7          	jalr	-610(ra) # 20000e70 <__udivdi3>
100070da:	edc42603          	lw	a2,-292(s0)
100070de:	ee042883          	lw	a7,-288(s0)
100070e2:	f2042703          	lw	a4,-224(s0)
100070e6:	f2c42683          	lw	a3,-212(s0)
100070ea:	882a                	mv	a6,a0
100070ec:	f1c42503          	lw	a0,-228(s0)
100070f0:	87ae                	mv	a5,a1
100070f2:	f2442583          	lw	a1,-220(s0)
100070f6:	9642                	add	a2,a2,a6
100070f8:	01063833          	sltu	a6,a2,a6
100070fc:	97c6                	add	a5,a5,a7
100070fe:	97c2                	add	a5,a5,a6
10007100:	02a60833          	mul	a6,a2,a0
10007104:	02e63533          	mulhu	a0,a2,a4
10007108:	9542                	add	a0,a0,a6
1000710a:	02e787b3          	mul	a5,a5,a4
1000710e:	953e                	add	a0,a0,a5
10007110:	02e60733          	mul	a4,a2,a4
10007114:	8ffd2637          	lui	a2,0x8ffd2
10007118:	ed860613          	addi	a2,a2,-296 # 8ffd1ed8 <__StackTop+0x6ff4fed8>
1000711c:	963a                	add	a2,a2,a4
1000711e:	00e63733          	sltu	a4,a2,a4
10007122:	953a                	add	a0,a0,a4
10007124:	e7cbe737          	lui	a4,0xe7cbe
10007128:	a4d70713          	addi	a4,a4,-1459 # e7cbda4d <__StackTop+0xc7c3ba4d>
1000712c:	953a                	add	a0,a0,a4
1000712e:	00b53733          	sltu	a4,a0,a1
10007132:	eee42223          	sw	a4,-284(s0)
10007136:	00d63633          	sltu	a2,a2,a3
1000713a:	eec42423          	sw	a2,-280(s0)
1000713e:	00b50663          	beq	a0,a1,1000714a <AddRoundKey+0x842>
10007142:	ee442503          	lw	a0,-284(s0)
10007146:	eea42423          	sw	a0,-280(s0)
1000714a:	ef442503          	lw	a0,-268(s0)
1000714e:	ee842583          	lw	a1,-280(s0)
10007152:	e8b42623          	sw	a1,-372(s0)
10007156:	3dc52683          	lw	a3,988(a0)
1000715a:	e8d42a23          	sw	a3,-364(s0)
1000715e:	3d852603          	lw	a2,984(a0)
10007162:	e8c42823          	sw	a2,-368(s0)
10007166:	1000d537          	lui	a0,0x1000d
1000716a:	26050513          	addi	a0,a0,608 # 1000d260 <_usbd_driver+0x1fc>
1000716e:	919fc0ef          	jal	10003a86 <__wrap_printf>
10007172:	e8c42603          	lw	a2,-372(s0)
10007176:	e9042683          	lw	a3,-368(s0)
1000717a:	e9442583          	lw	a1,-364(s0)
1000717e:	ef442503          	lw	a0,-268(s0)
10007182:	9636                	add	a2,a2,a3
10007184:	00d636b3          	sltu	a3,a2,a3
10007188:	96ae                	add	a3,a3,a1
1000718a:	3cc52c23          	sw	a2,984(a0)
1000718e:	3cd52e23          	sw	a3,988(a0)
10007192:	1000d537          	lui	a0,0x1000d
10007196:	28b50513          	addi	a0,a0,651 # 1000d28b <_usbd_driver+0x227>
1000719a:	8edfc0ef          	jal	10003a86 <__wrap_printf>
1000719e:	ef442703          	lw	a4,-268(s0)
100071a2:	f0442603          	lw	a2,-252(s0)
100071a6:	f0842683          	lw	a3,-248(s0)
100071aa:	feb44503          	lbu	a0,-21(s0)
100071ae:	e8a42c23          	sw	a0,-360(s0)
100071b2:	feb44583          	lbu	a1,-21(s0)
100071b6:	8da9                	xor	a1,a1,a0
100071b8:	0015b793          	seqz	a5,a1
100071bc:	3dc72583          	lw	a1,988(a4)
100071c0:	3d872803          	lw	a6,984(a4)
100071c4:	97c2                	add	a5,a5,a6
100071c6:	0107b833          	sltu	a6,a5,a6
100071ca:	95c2                	add	a1,a1,a6
100071cc:	3cf72c23          	sw	a5,984(a4)
100071d0:	3cb72e23          	sw	a1,988(a4)
100071d4:	8df815b7          	lui	a1,0x8df81
100071d8:	07b58713          	addi	a4,a1,123 # 8df8107b <__StackTop+0x6deff07b>
100071dc:	02e535b3          	mulhu	a1,a0,a4
100071e0:	20a527b3          	sh1add	a5,a0,a0
100071e4:	95be                	add	a1,a1,a5
100071e6:	02e50733          	mul	a4,a0,a4
100071ea:	bc588537          	lui	a0,0xbc588
100071ee:	7b250513          	addi	a0,a0,1970 # bc5887b2 <__StackTop+0x9c5067b2>
100071f2:	953a                	add	a0,a0,a4
100071f4:	eaa42223          	sw	a0,-348(s0)
100071f8:	00e53733          	sltu	a4,a0,a4
100071fc:	95ba                	add	a1,a1,a4
100071fe:	0589                	addi	a1,a1,2
10007200:	eab42423          	sw	a1,-344(s0)
10007204:	0fffa097          	auipc	ra,0xfffa
10007208:	c6c080e7          	jalr	-916(ra) # 20000e70 <__udivdi3>
1000720c:	f0442603          	lw	a2,-252(s0)
10007210:	f0842683          	lw	a3,-248(s0)
10007214:	0fffa097          	auipc	ra,0xfffa
10007218:	f42080e7          	jalr	-190(ra) # 20001156 <__umoddi3>
1000721c:	ea842583          	lw	a1,-344(s0)
10007220:	f0442603          	lw	a2,-252(s0)
10007224:	f0842683          	lw	a3,-248(s0)
10007228:	872a                	mv	a4,a0
1000722a:	ea442503          	lw	a0,-348(s0)
1000722e:	02c707b3          	mul	a5,a4,a2
10007232:	eaf42023          	sw	a5,-352(s0)
10007236:	02c73733          	mulhu	a4,a4,a2
1000723a:	e8e42e23          	sw	a4,-356(s0)
1000723e:	0fffa097          	auipc	ra,0xfffa
10007242:	f18080e7          	jalr	-232(ra) # 20001156 <__umoddi3>
10007246:	e9c42783          	lw	a5,-356(s0)
1000724a:	ea042703          	lw	a4,-352(s0)
1000724e:	f0442603          	lw	a2,-252(s0)
10007252:	f0842683          	lw	a3,-248(s0)
10007256:	882a                	mv	a6,a0
10007258:	ea442503          	lw	a0,-348(s0)
1000725c:	eb042623          	sw	a6,-340(s0)
10007260:	882e                	mv	a6,a1
10007262:	ea842583          	lw	a1,-344(s0)
10007266:	eb042823          	sw	a6,-336(s0)
1000726a:	8d9d                	sub	a1,a1,a5
1000726c:	00e537b3          	sltu	a5,a0,a4
10007270:	8d9d                	sub	a1,a1,a5
10007272:	8d19                	sub	a0,a0,a4
10007274:	0fffa097          	auipc	ra,0xfffa
10007278:	bfc080e7          	jalr	-1028(ra) # 20000e70 <__udivdi3>
1000727c:	eac42603          	lw	a2,-340(s0)
10007280:	eb042883          	lw	a7,-336(s0)
10007284:	f2042703          	lw	a4,-224(s0)
10007288:	f2c42683          	lw	a3,-212(s0)
1000728c:	882a                	mv	a6,a0
1000728e:	f1c42503          	lw	a0,-228(s0)
10007292:	87ae                	mv	a5,a1
10007294:	f2442583          	lw	a1,-220(s0)
10007298:	9642                	add	a2,a2,a6
1000729a:	01063833          	sltu	a6,a2,a6
1000729e:	97c6                	add	a5,a5,a7
100072a0:	97c2                	add	a5,a5,a6
100072a2:	02a60833          	mul	a6,a2,a0
100072a6:	02e63533          	mulhu	a0,a2,a4
100072aa:	9542                	add	a0,a0,a6
100072ac:	02e787b3          	mul	a5,a5,a4
100072b0:	953e                	add	a0,a0,a5
100072b2:	02e60733          	mul	a4,a2,a4
100072b6:	52a30637          	lui	a2,0x52a30
100072ba:	1629                	addi	a2,a2,-22 # 52a2ffea <__StackTop+0x329adfea>
100072bc:	963a                	add	a2,a2,a4
100072be:	00e63733          	sltu	a4,a2,a4
100072c2:	953a                	add	a0,a0,a4
100072c4:	5ba72737          	lui	a4,0x5ba72
100072c8:	a9670713          	addi	a4,a4,-1386 # 5ba71a96 <__StackTop+0x3b9efa96>
100072cc:	953a                	add	a0,a0,a4
100072ce:	00b53733          	sltu	a4,a0,a1
100072d2:	eae42a23          	sw	a4,-332(s0)
100072d6:	00d63633          	sltu	a2,a2,a3
100072da:	eac42c23          	sw	a2,-328(s0)
100072de:	00b50663          	beq	a0,a1,100072ea <AddRoundKey+0x9e2>
100072e2:	eb442503          	lw	a0,-332(s0)
100072e6:	eaa42c23          	sw	a0,-328(s0)
100072ea:	ef442503          	lw	a0,-268(s0)
100072ee:	eb842583          	lw	a1,-328(s0)
100072f2:	e6b42a23          	sw	a1,-396(s0)
100072f6:	3dc52683          	lw	a3,988(a0)
100072fa:	e6d42e23          	sw	a3,-388(s0)
100072fe:	3d852603          	lw	a2,984(a0)
10007302:	e6c42c23          	sw	a2,-392(s0)
10007306:	1000d537          	lui	a0,0x1000d
1000730a:	26050513          	addi	a0,a0,608 # 1000d260 <_usbd_driver+0x1fc>
1000730e:	f78fc0ef          	jal	10003a86 <__wrap_printf>
10007312:	e7442603          	lw	a2,-396(s0)
10007316:	e7842683          	lw	a3,-392(s0)
1000731a:	e7c42583          	lw	a1,-388(s0)
1000731e:	ef442503          	lw	a0,-268(s0)
10007322:	9636                	add	a2,a2,a3
10007324:	00d636b3          	sltu	a3,a2,a3
10007328:	96ae                	add	a3,a3,a1
1000732a:	3cc52c23          	sw	a2,984(a0)
1000732e:	3cd52e23          	sw	a3,988(a0)
10007332:	1000d537          	lui	a0,0x1000d
10007336:	28b50513          	addi	a0,a0,651 # 1000d28b <_usbd_driver+0x227>
1000733a:	f4cfc0ef          	jal	10003a86 <__wrap_printf>
1000733e:	ec842803          	lw	a6,-312(s0)
10007342:	ef042603          	lw	a2,-272(s0)
10007346:	e9842783          	lw	a5,-360(s0)
1000734a:	f2042703          	lw	a4,-224(s0)
1000734e:	f2c42683          	lw	a3,-212(s0)
10007352:	f2442583          	lw	a1,-220(s0)
10007356:	f1c42503          	lw	a0,-228(s0)
1000735a:	2107c833          	sh2add	a6,a5,a6
1000735e:	e9042023          	sw	a6,-384(s0)
10007362:	000e4837          	lui	a6,0xe4
10007366:	d1080813          	addi	a6,a6,-752 # e3d10 <RAM_LENGTH+0x63d10>
1000736a:	03060633          	mul	a2,a2,a6
1000736e:	00039837          	lui	a6,0x39
10007372:	f4480813          	addi	a6,a6,-188 # 38f44 <XIP_RAM_LENGTH+0x34f44>
10007376:	030787b3          	mul	a5,a5,a6
1000737a:	963e                	add	a2,a2,a5
1000737c:	00f637b3          	sltu	a5,a2,a5
10007380:	02a60833          	mul	a6,a2,a0
10007384:	02e63533          	mulhu	a0,a2,a4
10007388:	9542                	add	a0,a0,a6
1000738a:	02e787b3          	mul	a5,a5,a4
1000738e:	953e                	add	a0,a0,a5
10007390:	02e60633          	mul	a2,a2,a4
10007394:	00b53733          	sltu	a4,a0,a1
10007398:	e8e42223          	sw	a4,-380(s0)
1000739c:	0605                	addi	a2,a2,1
1000739e:	00d63633          	sltu	a2,a2,a3
100073a2:	e8c42423          	sw	a2,-376(s0)
100073a6:	00b50663          	beq	a0,a1,100073b2 <AddRoundKey+0xaaa>
100073aa:	e8442503          	lw	a0,-380(s0)
100073ae:	e8a42423          	sw	a0,-376(s0)
100073b2:	ef442503          	lw	a0,-268(s0)
100073b6:	e8842583          	lw	a1,-376(s0)
100073ba:	e4b42e23          	sw	a1,-420(s0)
100073be:	3dc52683          	lw	a3,988(a0)
100073c2:	e6d42223          	sw	a3,-412(s0)
100073c6:	3d852603          	lw	a2,984(a0)
100073ca:	e6c42023          	sw	a2,-416(s0)
100073ce:	1000d537          	lui	a0,0x1000d
100073d2:	2b550513          	addi	a0,a0,693 # 1000d2b5 <_usbd_driver+0x251>
100073d6:	eb0fc0ef          	jal	10003a86 <__wrap_printf>
100073da:	e5c42603          	lw	a2,-420(s0)
100073de:	e6042683          	lw	a3,-416(s0)
100073e2:	e6442583          	lw	a1,-412(s0)
100073e6:	ef442503          	lw	a0,-268(s0)
100073ea:	9636                	add	a2,a2,a3
100073ec:	00d636b3          	sltu	a3,a2,a3
100073f0:	96ae                	add	a3,a3,a1
100073f2:	3cc52c23          	sw	a2,984(a0)
100073f6:	3cd52e23          	sw	a3,988(a0)
100073fa:	1000d537          	lui	a0,0x1000d
100073fe:	28b50513          	addi	a0,a0,651 # 1000d28b <_usbd_driver+0x227>
10007402:	e84fc0ef          	jal	10003a86 <__wrap_printf>
10007406:	ef442283          	lw	t0,-268(s0)
1000740a:	e8042603          	lw	a2,-384(s0)
1000740e:	f0442803          	lw	a6,-252(s0)
10007412:	f2042703          	lw	a4,-224(s0)
10007416:	f2c42683          	lw	a3,-212(s0)
1000741a:	f2442583          	lw	a1,-220(s0)
1000741e:	f1c42503          	lw	a0,-228(s0)
10007422:	fea44783          	lbu	a5,-22(s0)
10007426:	fea44883          	lbu	a7,-22(s0)
1000742a:	0117c8b3          	xor	a7,a5,a7
1000742e:	0018b313          	seqz	t1,a7
10007432:	3dc2a883          	lw	a7,988(t0)
10007436:	3d82a383          	lw	t2,984(t0)
1000743a:	931e                	add	t1,t1,t2
1000743c:	007333b3          	sltu	t2,t1,t2
10007440:	989e                	add	a7,a7,t2
10007442:	3c62ac23          	sw	t1,984(t0)
10007446:	3d12ae23          	sw	a7,988(t0)
1000744a:	00f608b3          	add	a7,a2,a5
1000744e:	e7142423          	sw	a7,-408(s0)
10007452:	03060633          	mul	a2,a2,a6
10007456:	030787b3          	mul	a5,a5,a6
1000745a:	963e                	add	a2,a2,a5
1000745c:	00f637b3          	sltu	a5,a2,a5
10007460:	02a60833          	mul	a6,a2,a0
10007464:	02e63533          	mulhu	a0,a2,a4
10007468:	9542                	add	a0,a0,a6
1000746a:	02e787b3          	mul	a5,a5,a4
1000746e:	953e                	add	a0,a0,a5
10007470:	02e60633          	mul	a2,a2,a4
10007474:	0605                	addi	a2,a2,1
10007476:	00163713          	seqz	a4,a2
1000747a:	953a                	add	a0,a0,a4
1000747c:	00b53733          	sltu	a4,a0,a1
10007480:	e6e42623          	sw	a4,-404(s0)
10007484:	00d63633          	sltu	a2,a2,a3
10007488:	e6c42823          	sw	a2,-400(s0)
1000748c:	00b50663          	beq	a0,a1,10007498 <AddRoundKey+0xb90>
10007490:	e6c42503          	lw	a0,-404(s0)
10007494:	e6a42823          	sw	a0,-400(s0)
10007498:	ef442503          	lw	a0,-268(s0)
1000749c:	e7042583          	lw	a1,-400(s0)
100074a0:	e4b42023          	sw	a1,-448(s0)
100074a4:	3dc52683          	lw	a3,988(a0)
100074a8:	e4d42423          	sw	a3,-440(s0)
100074ac:	3d852603          	lw	a2,984(a0)
100074b0:	e4c42223          	sw	a2,-444(s0)
100074b4:	1000d537          	lui	a0,0x1000d
100074b8:	2b550513          	addi	a0,a0,693 # 1000d2b5 <_usbd_driver+0x251>
100074bc:	dcafc0ef          	jal	10003a86 <__wrap_printf>
100074c0:	e4042603          	lw	a2,-448(s0)
100074c4:	e4442683          	lw	a3,-444(s0)
100074c8:	e4842583          	lw	a1,-440(s0)
100074cc:	ef442503          	lw	a0,-268(s0)
100074d0:	9636                	add	a2,a2,a3
100074d2:	00d636b3          	sltu	a3,a2,a3
100074d6:	96ae                	add	a3,a3,a1
100074d8:	3cc52c23          	sw	a2,984(a0)
100074dc:	3cd52e23          	sw	a3,988(a0)
100074e0:	1000d537          	lui	a0,0x1000d
100074e4:	28b50513          	addi	a0,a0,651 # 1000d28b <_usbd_driver+0x227>
100074e8:	d9efc0ef          	jal	10003a86 <__wrap_printf>
100074ec:	e6842683          	lw	a3,-408(s0)
100074f0:	ef442703          	lw	a4,-268(s0)
100074f4:	f2c42603          	lw	a2,-212(s0)
100074f8:	f2442583          	lw	a1,-220(s0)
100074fc:	eec42503          	lw	a0,-276(s0)
10007500:	9536                	add	a0,a0,a3
10007502:	00054783          	lbu	a5,0(a0)
10007506:	00054503          	lbu	a0,0(a0)
1000750a:	8d3d                	xor	a0,a0,a5
1000750c:	00153693          	seqz	a3,a0
10007510:	3dc72503          	lw	a0,988(a4)
10007514:	3d872803          	lw	a6,984(a4)
10007518:	96c2                	add	a3,a3,a6
1000751a:	0106b833          	sltu	a6,a3,a6
1000751e:	9542                	add	a0,a0,a6
10007520:	3cd72c23          	sw	a3,984(a4)
10007524:	3ca72e23          	sw	a0,988(a4)
10007528:	ff042683          	lw	a3,-16(s0)
1000752c:	feb44503          	lbu	a0,-21(s0)
10007530:	feb44803          	lbu	a6,-21(s0)
10007534:	01054833          	xor	a6,a0,a6
10007538:	00183893          	seqz	a7,a6
1000753c:	3dc72803          	lw	a6,988(a4)
10007540:	3d872283          	lw	t0,984(a4)
10007544:	9896                	add	a7,a7,t0
10007546:	0058b2b3          	sltu	t0,a7,t0
1000754a:	9816                	add	a6,a6,t0
1000754c:	3d172c23          	sw	a7,984(a4)
10007550:	3d072e23          	sw	a6,988(a4)
10007554:	20d54533          	sh2add	a0,a0,a3
10007558:	fea44683          	lbu	a3,-22(s0)
1000755c:	fea44803          	lbu	a6,-22(s0)
10007560:	0106c833          	xor	a6,a3,a6
10007564:	00183893          	seqz	a7,a6
10007568:	3dc72803          	lw	a6,988(a4)
1000756c:	3d872283          	lw	t0,984(a4)
10007570:	9896                	add	a7,a7,t0
10007572:	0058b2b3          	sltu	t0,a7,t0
10007576:	9816                	add	a6,a6,t0
10007578:	3d172c23          	sw	a7,984(a4)
1000757c:	3d072e23          	sw	a6,988(a4)
10007580:	96aa                	add	a3,a3,a0
10007582:	0006c503          	lbu	a0,0(a3)
10007586:	0006c803          	lbu	a6,0(a3)
1000758a:	01054833          	xor	a6,a0,a6
1000758e:	00183893          	seqz	a7,a6
10007592:	3dc72803          	lw	a6,988(a4)
10007596:	3d872283          	lw	t0,984(a4)
1000759a:	9896                	add	a7,a7,t0
1000759c:	0058b2b3          	sltu	t0,a7,t0
100075a0:	9816                	add	a6,a6,t0
100075a2:	3d172c23          	sw	a7,984(a4)
100075a6:	3d072e23          	sw	a6,988(a4)
100075aa:	8d3d                	xor	a0,a0,a5
100075ac:	3dc72783          	lw	a5,988(a4)
100075b0:	3d872803          	lw	a6,984(a4)
100075b4:	0805                	addi	a6,a6,1
100075b6:	00183893          	seqz	a7,a6
100075ba:	97c6                	add	a5,a5,a7
100075bc:	3d072c23          	sw	a6,984(a4)
100075c0:	3cf72e23          	sw	a5,988(a4)
100075c4:	00a68023          	sb	a0,0(a3)
100075c8:	0006c683          	lbu	a3,0(a3)
100075cc:	8d35                	xor	a0,a0,a3
100075ce:	00153693          	seqz	a3,a0
100075d2:	3dc72503          	lw	a0,988(a4)
100075d6:	3d872783          	lw	a5,984(a4)
100075da:	96be                	add	a3,a3,a5
100075dc:	00f6b7b3          	sltu	a5,a3,a5
100075e0:	953e                	add	a0,a0,a5
100075e2:	3cd72c23          	sw	a3,984(a4)
100075e6:	3ca72e23          	sw	a0,988(a4)
100075ea:	fea44683          	lbu	a3,-22(s0)
100075ee:	fea44503          	lbu	a0,-22(s0)
100075f2:	8d35                	xor	a0,a0,a3
100075f4:	00153793          	seqz	a5,a0
100075f8:	3dc72503          	lw	a0,988(a4)
100075fc:	3d872803          	lw	a6,984(a4)
10007600:	97c2                	add	a5,a5,a6
10007602:	0107b833          	sltu	a6,a5,a6
10007606:	9542                	add	a0,a0,a6
10007608:	3cf72c23          	sw	a5,984(a4)
1000760c:	3ca72e23          	sw	a0,988(a4)
10007610:	00168513          	addi	a0,a3,1
10007614:	e4a42623          	sw	a0,-436(s0)
10007618:	0ff57513          	zext.b	a0,a0
1000761c:	e4a42823          	sw	a0,-432(s0)
10007620:	00268513          	addi	a0,a3,2
10007624:	00c53633          	sltu	a2,a0,a2
10007628:	00d53533          	sltu	a0,a0,a3
1000762c:	00b536b3          	sltu	a3,a0,a1
10007630:	e4d42a23          	sw	a3,-428(s0)
10007634:	e4c42c23          	sw	a2,-424(s0)
10007638:	00b50663          	beq	a0,a1,10007644 <AddRoundKey+0xd3c>
1000763c:	e5442503          	lw	a0,-428(s0)
10007640:	e4a42c23          	sw	a0,-424(s0)
10007644:	ef442503          	lw	a0,-268(s0)
10007648:	e5842583          	lw	a1,-424(s0)
1000764c:	e0b42c23          	sw	a1,-488(s0)
10007650:	3dc52683          	lw	a3,988(a0)
10007654:	e2d42023          	sw	a3,-480(s0)
10007658:	3d852603          	lw	a2,984(a0)
1000765c:	e0c42e23          	sw	a2,-484(s0)
10007660:	1000d537          	lui	a0,0x1000d
10007664:	2b550513          	addi	a0,a0,693 # 1000d2b5 <_usbd_driver+0x251>
10007668:	c1efc0ef          	jal	10003a86 <__wrap_printf>
1000766c:	e1842603          	lw	a2,-488(s0)
10007670:	e1c42683          	lw	a3,-484(s0)
10007674:	e2042583          	lw	a1,-480(s0)
10007678:	ef442503          	lw	a0,-268(s0)
1000767c:	9636                	add	a2,a2,a3
1000767e:	00d636b3          	sltu	a3,a2,a3
10007682:	96ae                	add	a3,a3,a1
10007684:	3cc52c23          	sw	a2,984(a0)
10007688:	3cd52e23          	sw	a3,988(a0)
1000768c:	1000d537          	lui	a0,0x1000d
10007690:	28b50513          	addi	a0,a0,651 # 1000d28b <_usbd_driver+0x227>
10007694:	bf2fc0ef          	jal	10003a86 <__wrap_printf>
10007698:	e4c42603          	lw	a2,-436(s0)
1000769c:	e5042583          	lw	a1,-432(s0)
100076a0:	ef442503          	lw	a0,-268(s0)
100076a4:	fec40523          	sb	a2,-22(s0)
100076a8:	fea44603          	lbu	a2,-22(s0)
100076ac:	8db1                	xor	a1,a1,a2
100076ae:	0015b613          	seqz	a2,a1
100076b2:	3dc52583          	lw	a1,988(a0)
100076b6:	3d852683          	lw	a3,984(a0)
100076ba:	9636                	add	a2,a2,a3
100076bc:	00d636b3          	sltu	a3,a2,a3
100076c0:	95b6                	add	a1,a1,a3
100076c2:	3cc52c23          	sw	a2,984(a0)
100076c6:	3cb52e23          	sw	a1,988(a0)
100076ca:	200035b7          	lui	a1,0x20003
100076ce:	e2b42e23          	sw	a1,-452(s0)
100076d2:	2545a683          	lw	a3,596(a1) # 20003254 <anb_prev_sig+0x4>
100076d6:	e2d42223          	sw	a3,-476(s0)
100076da:	2505a603          	lw	a2,592(a1)
100076de:	e2c42423          	sw	a2,-472(s0)
100076e2:	3dc52583          	lw	a1,988(a0)
100076e6:	e2b42c23          	sw	a1,-456(s0)
100076ea:	3d852503          	lw	a0,984(a0)
100076ee:	e2a42a23          	sw	a0,-460(s0)
100076f2:	1000d537          	lui	a0,0x1000d
100076f6:	18750513          	addi	a0,a0,391 # 1000d187 <_usbd_driver+0x123>
100076fa:	b8cfc0ef          	jal	10003a86 <__wrap_printf>
100076fe:	e3442603          	lw	a2,-460(s0)
10007702:	e3842683          	lw	a3,-456(s0)
10007706:	1000d537          	lui	a0,0x1000d
1000770a:	1af50513          	addi	a0,a0,431 # 1000d1af <_usbd_driver+0x14b>
1000770e:	b78fc0ef          	jal	10003a86 <__wrap_printf>
10007712:	e2442703          	lw	a4,-476(s0)
10007716:	e2842583          	lw	a1,-472(s0)
1000771a:	e3842603          	lw	a2,-456(s0)
1000771e:	e3442503          	lw	a0,-460(s0)
10007722:	00b536b3          	sltu	a3,a0,a1
10007726:	8e19                	sub	a2,a2,a4
10007728:	40d606b3          	sub	a3,a2,a3
1000772c:	e2d42823          	sw	a3,-464(s0)
10007730:	40b50633          	sub	a2,a0,a1
10007734:	e2c42623          	sw	a2,-468(s0)
10007738:	1000d537          	lui	a0,0x1000d
1000773c:	1dc50513          	addi	a0,a0,476 # 1000d1dc <_usbd_driver+0x178>
10007740:	b46fc0ef          	jal	10003a86 <__wrap_printf>
10007744:	f0842683          	lw	a3,-248(s0)
10007748:	1000d537          	lui	a0,0x1000d
1000774c:	20350513          	addi	a0,a0,515 # 1000d203 <_usbd_driver+0x19f>
10007750:	4645                	li	a2,17
10007752:	b34fc0ef          	jal	10003a86 <__wrap_printf>
10007756:	e2c42703          	lw	a4,-468(s0)
1000775a:	e3042783          	lw	a5,-464(s0)
1000775e:	ef842583          	lw	a1,-264(s0)
10007762:	e3442603          	lw	a2,-460(s0)
10007766:	e3842683          	lw	a3,-456(s0)
1000776a:	ef442503          	lw	a0,-268(s0)
1000776e:	01174713          	xori	a4,a4,17
10007772:	8f5d                	or	a4,a4,a5
10007774:	00173713          	seqz	a4,a4
10007778:	177d                	addi	a4,a4,-1
1000777a:	8dd9                	or	a1,a1,a4
1000777c:	41d8                	lw	a4,4(a1)
1000777e:	418c                	lw	a1,0(a1)
10007780:	3cd52e23          	sw	a3,988(a0)
10007784:	3cc52c23          	sw	a2,984(a0)
10007788:	1000d537          	lui	a0,0x1000d
1000778c:	22b50513          	addi	a0,a0,555 # 1000d22b <_usbd_driver+0x1c7>
10007790:	af6fc0ef          	jal	10003a86 <__wrap_printf>
10007794:	ef442603          	lw	a2,-268(s0)
10007798:	e3c42583          	lw	a1,-452(s0)
1000779c:	3d862503          	lw	a0,984(a2)
100077a0:	3dc62603          	lw	a2,988(a2)
100077a4:	24c5aa23          	sw	a2,596(a1)
100077a8:	24a5a823          	sw	a0,592(a1)
100077ac:	d72ff06f          	j	10006d1e <AddRoundKey+0x416>
100077b0:	fe442583          	lw	a1,-28(s0)
100077b4:	fe042503          	lw	a0,-32(s0)
100077b8:	0505                	addi	a0,a0,1
100077ba:	00153613          	seqz	a2,a0
100077be:	95b2                	add	a1,a1,a2
100077c0:	fea42023          	sw	a0,-32(s0)
100077c4:	feb42223          	sw	a1,-28(s0)
100077c8:	fe042603          	lw	a2,-32(s0)
100077cc:	fe442683          	lw	a3,-28(s0)
100077d0:	8db5                	xor	a1,a1,a3
100077d2:	8d31                	xor	a0,a0,a2
100077d4:	8d4d                	or	a0,a0,a1
100077d6:	00153593          	seqz	a1,a0
100077da:	20003637          	lui	a2,0x20003
100077de:	e0c42023          	sw	a2,-512(s0)
100077e2:	3d860513          	addi	a0,a2,984 # 200033d8 <runtime_sig>
100077e6:	e0a42223          	sw	a0,-508(s0)
100077ea:	3dc62503          	lw	a0,988(a2)
100077ee:	3d862683          	lw	a3,984(a2)
100077f2:	95b6                	add	a1,a1,a3
100077f4:	00d5b6b3          	sltu	a3,a1,a3
100077f8:	9536                	add	a0,a0,a3
100077fa:	3cb62c23          	sw	a1,984(a2)
100077fe:	3ca62e23          	sw	a0,988(a2)
10007802:	feb44503          	lbu	a0,-21(s0)
10007806:	feb44583          	lbu	a1,-21(s0)
1000780a:	8da9                	xor	a1,a1,a0
1000780c:	0015b693          	seqz	a3,a1
10007810:	3dc62583          	lw	a1,988(a2)
10007814:	3d862703          	lw	a4,984(a2)
10007818:	96ba                	add	a3,a3,a4
1000781a:	00e6b733          	sltu	a4,a3,a4
1000781e:	95ba                	add	a1,a1,a4
10007820:	3cd62c23          	sw	a3,984(a2)
10007824:	3cb62e23          	sw	a1,988(a2)
10007828:	0505                	addi	a0,a0,1
1000782a:	e0a42423          	sw	a0,-504(s0)
1000782e:	0ff57593          	zext.b	a1,a0
10007832:	e0b42623          	sw	a1,-500(s0)
10007836:	94c5f5b7          	lui	a1,0x94c5f
1000783a:	76858593          	addi	a1,a1,1896 # 94c5f768 <__StackTop+0x74bdd768>
1000783e:	00b53633          	sltu	a2,a0,a1
10007842:	00153513          	seqz	a0,a0
10007846:	65c9                	lui	a1,0x12
10007848:	fab58593          	addi	a1,a1,-85 # 11fab <XIP_RAM_LENGTH+0xdfab>
1000784c:	00b536b3          	sltu	a3,a0,a1
10007850:	e0d42823          	sw	a3,-496(s0)
10007854:	e0c42a23          	sw	a2,-492(s0)
10007858:	00b50663          	beq	a0,a1,10007864 <AddRoundKey+0xf5c>
1000785c:	e1042503          	lw	a0,-496(s0)
10007860:	e0a42a23          	sw	a0,-492(s0)
10007864:	e0042503          	lw	a0,-512(s0)
10007868:	e1442583          	lw	a1,-492(s0)
1000786c:	dcb42c23          	sw	a1,-552(s0)
10007870:	3dc52683          	lw	a3,988(a0)
10007874:	ded42023          	sw	a3,-544(s0)
10007878:	3d852603          	lw	a2,984(a0)
1000787c:	dcc42e23          	sw	a2,-548(s0)
10007880:	1000d537          	lui	a0,0x1000d
10007884:	2b550513          	addi	a0,a0,693 # 1000d2b5 <_usbd_driver+0x251>
10007888:	9fefc0ef          	jal	10003a86 <__wrap_printf>
1000788c:	dd842603          	lw	a2,-552(s0)
10007890:	ddc42683          	lw	a3,-548(s0)
10007894:	de042583          	lw	a1,-544(s0)
10007898:	e0042503          	lw	a0,-512(s0)
1000789c:	9636                	add	a2,a2,a3
1000789e:	00d636b3          	sltu	a3,a2,a3
100078a2:	96ae                	add	a3,a3,a1
100078a4:	3cc52c23          	sw	a2,984(a0)
100078a8:	3cd52e23          	sw	a3,988(a0)
100078ac:	1000d537          	lui	a0,0x1000d
100078b0:	28b50513          	addi	a0,a0,651 # 1000d28b <_usbd_driver+0x227>
100078b4:	9d2fc0ef          	jal	10003a86 <__wrap_printf>
100078b8:	e0842603          	lw	a2,-504(s0)
100078bc:	e0c42583          	lw	a1,-500(s0)
100078c0:	e0042503          	lw	a0,-512(s0)
100078c4:	fec405a3          	sb	a2,-21(s0)
100078c8:	feb44603          	lbu	a2,-21(s0)
100078cc:	8db1                	xor	a1,a1,a2
100078ce:	0015b613          	seqz	a2,a1
100078d2:	3dc52583          	lw	a1,988(a0)
100078d6:	3d852683          	lw	a3,984(a0)
100078da:	9636                	add	a2,a2,a3
100078dc:	00d636b3          	sltu	a3,a2,a3
100078e0:	95b6                	add	a1,a1,a3
100078e2:	3cc52c23          	sw	a2,984(a0)
100078e6:	3cb52e23          	sw	a1,988(a0)
100078ea:	200035b7          	lui	a1,0x20003
100078ee:	deb42e23          	sw	a1,-516(s0)
100078f2:	2545a683          	lw	a3,596(a1) # 20003254 <anb_prev_sig+0x4>
100078f6:	ded42223          	sw	a3,-540(s0)
100078fa:	2505a603          	lw	a2,592(a1)
100078fe:	dec42423          	sw	a2,-536(s0)
10007902:	3dc52583          	lw	a1,988(a0)
10007906:	deb42c23          	sw	a1,-520(s0)
1000790a:	3d852503          	lw	a0,984(a0)
1000790e:	dea42a23          	sw	a0,-524(s0)
10007912:	1000d537          	lui	a0,0x1000d
10007916:	18750513          	addi	a0,a0,391 # 1000d187 <_usbd_driver+0x123>
1000791a:	96cfc0ef          	jal	10003a86 <__wrap_printf>
1000791e:	df442603          	lw	a2,-524(s0)
10007922:	df842683          	lw	a3,-520(s0)
10007926:	1000d537          	lui	a0,0x1000d
1000792a:	1af50513          	addi	a0,a0,431 # 1000d1af <_usbd_driver+0x14b>
1000792e:	958fc0ef          	jal	10003a86 <__wrap_printf>
10007932:	de442703          	lw	a4,-540(s0)
10007936:	de842583          	lw	a1,-536(s0)
1000793a:	df842603          	lw	a2,-520(s0)
1000793e:	df442503          	lw	a0,-524(s0)
10007942:	00b536b3          	sltu	a3,a0,a1
10007946:	8e19                	sub	a2,a2,a4
10007948:	40d606b3          	sub	a3,a2,a3
1000794c:	ded42823          	sw	a3,-528(s0)
10007950:	40b50633          	sub	a2,a0,a1
10007954:	dec42623          	sw	a2,-532(s0)
10007958:	1000d537          	lui	a0,0x1000d
1000795c:	1dc50513          	addi	a0,a0,476 # 1000d1dc <_usbd_driver+0x178>
10007960:	926fc0ef          	jal	10003a86 <__wrap_printf>
10007964:	1000d537          	lui	a0,0x1000d
10007968:	20350513          	addi	a0,a0,515 # 1000d203 <_usbd_driver+0x19f>
1000796c:	4611                	li	a2,4
1000796e:	4681                	li	a3,0
10007970:	916fc0ef          	jal	10003a86 <__wrap_printf>
10007974:	dec42703          	lw	a4,-532(s0)
10007978:	df042783          	lw	a5,-528(s0)
1000797c:	e0442583          	lw	a1,-508(s0)
10007980:	df442603          	lw	a2,-524(s0)
10007984:	df842683          	lw	a3,-520(s0)
10007988:	e0042503          	lw	a0,-512(s0)
1000798c:	00474713          	xori	a4,a4,4
10007990:	8f5d                	or	a4,a4,a5
10007992:	00173713          	seqz	a4,a4
10007996:	177d                	addi	a4,a4,-1
10007998:	8dd9                	or	a1,a1,a4
1000799a:	41d8                	lw	a4,4(a1)
1000799c:	418c                	lw	a1,0(a1)
1000799e:	3cd52e23          	sw	a3,988(a0)
100079a2:	3cc52c23          	sw	a2,984(a0)
100079a6:	1000d537          	lui	a0,0x1000d
100079aa:	22b50513          	addi	a0,a0,555 # 1000d22b <_usbd_driver+0x1c7>
100079ae:	8d8fc0ef          	jal	10003a86 <__wrap_printf>
100079b2:	e0042603          	lw	a2,-512(s0)
100079b6:	dfc42583          	lw	a1,-516(s0)
100079ba:	3d862503          	lw	a0,984(a2)
100079be:	3dc62603          	lw	a2,988(a2)
100079c2:	24c5aa23          	sw	a2,596(a1)
100079c6:	24a5a823          	sw	a0,592(a1)
100079ca:	910ff06f          	j	10006ada <AddRoundKey+0x1d2>
100079ce:	fe442503          	lw	a0,-28(s0)
100079d2:	dca42623          	sw	a0,-564(s0)
100079d6:	fe042603          	lw	a2,-32(s0)
100079da:	dcc42423          	sw	a2,-568(s0)
100079de:	ffc60593          	addi	a1,a2,-4
100079e2:	dcb42823          	sw	a1,-560(s0)
100079e6:	00c5b5b3          	sltu	a1,a1,a2
100079ea:	952e                	add	a0,a0,a1
100079ec:	157d                	addi	a0,a0,-1
100079ee:	dca42a23          	sw	a0,-556(s0)
100079f2:	1000d537          	lui	a0,0x1000d
100079f6:	0d950513          	addi	a0,a0,217 # 1000d0d9 <_usbd_driver+0x75>
100079fa:	4611                	li	a2,4
100079fc:	4681                	li	a3,0
100079fe:	888fc0ef          	jal	10003a86 <__wrap_printf>
10007a02:	dc842603          	lw	a2,-568(s0)
10007a06:	dcc42683          	lw	a3,-564(s0)
10007a0a:	1000d537          	lui	a0,0x1000d
10007a0e:	10d50513          	addi	a0,a0,269 # 1000d10d <_usbd_driver+0xa9>
10007a12:	874fc0ef          	jal	10003a86 <__wrap_printf>
10007a16:	dd442683          	lw	a3,-556(s0)
10007a1a:	dd042603          	lw	a2,-560(s0)
10007a1e:	1000d537          	lui	a0,0x1000d
10007a22:	13750513          	addi	a0,a0,311 # 1000d137 <_usbd_driver+0xd3>
10007a26:	860fc0ef          	jal	10003a86 <__wrap_printf>
10007a2a:	dd042683          	lw	a3,-560(s0)
10007a2e:	dd442503          	lw	a0,-556(s0)
10007a32:	00a6e5b3          	or	a1,a3,a0
10007a36:	0015b593          	seqz	a1,a1
10007a3a:	fff58713          	addi	a4,a1,-1
10007a3e:	200035b7          	lui	a1,0x20003
10007a42:	3d858613          	addi	a2,a1,984 # 200033d8 <runtime_sig>
10007a46:	8e59                	or	a2,a2,a4
10007a48:	4258                	lw	a4,4(a2)
10007a4a:	4210                	lw	a2,0(a2)
10007a4c:	3dc5a603          	lw	a2,988(a1)
10007a50:	9532                	add	a0,a0,a2
10007a52:	3d85a603          	lw	a2,984(a1)
10007a56:	9636                	add	a2,a2,a3
10007a58:	00d636b3          	sltu	a3,a2,a3
10007a5c:	9536                	add	a0,a0,a3
10007a5e:	3cc5ac23          	sw	a2,984(a1)
10007a62:	3ca5ae23          	sw	a0,988(a1)
10007a66:	3d85a503          	lw	a0,984(a1)
10007a6a:	3dc5a603          	lw	a2,988(a1)
10007a6e:	200035b7          	lui	a1,0x20003
10007a72:	24c5aa23          	sw	a2,596(a1) # 20003254 <anb_prev_sig+0x4>
10007a76:	24a5a823          	sw	a0,592(a1)
10007a7a:	23c12083          	lw	ra,572(sp)
10007a7e:	23812403          	lw	s0,568(sp)
10007a82:	24010113          	addi	sp,sp,576
10007a86:	8082                	ret

10007a88 <SubBytes>:
10007a88:	714d                	addi	sp,sp,-336
10007a8a:	14112623          	sw	ra,332(sp)
10007a8e:	14812423          	sw	s0,328(sp)
10007a92:	0a80                	addi	s0,sp,336
10007a94:	faa42e23          	sw	a0,-68(s0)
10007a98:	20003537          	lui	a0,0x20003
10007a9c:	fea42023          	sw	a0,-32(s0)
10007aa0:	4681                	li	a3,0
10007aa2:	fcd42423          	sw	a3,-56(s0)
10007aa6:	3cd52e23          	sw	a3,988(a0) # 200033dc <runtime_sig+0x4>
10007aaa:	4c93c5b7          	lui	a1,0x4c93c
10007aae:	20458613          	addi	a2,a1,516 # 4c93c204 <__StackTop+0x2c8ba204>
10007ab2:	3cc52c23          	sw	a2,984(a0)
10007ab6:	3d850513          	addi	a0,a0,984
10007aba:	fca42a23          	sw	a0,-44(s0)
10007abe:	20003537          	lui	a0,0x20003
10007ac2:	fea42223          	sw	a0,-28(s0)
10007ac6:	24d52a23          	sw	a3,596(a0) # 20003254 <anb_prev_sig+0x4>
10007aca:	24c52823          	sw	a2,592(a0)
10007ace:	1000d537          	lui	a0,0x1000d
10007ad2:	16350513          	addi	a0,a0,355 # 1000d163 <_usbd_driver+0xff>
10007ad6:	fb1fb0ef          	jal	10003a86 <__wrap_printf>
10007ada:	fbc42683          	lw	a3,-68(s0)
10007ade:	fc842603          	lw	a2,-56(s0)
10007ae2:	fe442583          	lw	a1,-28(s0)
10007ae6:	fe042503          	lw	a0,-32(s0)
10007aea:	fed42a23          	sw	a3,-12(s0)
10007aee:	fec409a3          	sb	a2,-13(s0)
10007af2:	ff344683          	lbu	a3,-13(s0)
10007af6:	0016b713          	seqz	a4,a3
10007afa:	3dc52683          	lw	a3,988(a0)
10007afe:	3d852783          	lw	a5,984(a0)
10007b02:	973e                	add	a4,a4,a5
10007b04:	00f737b3          	sltu	a5,a4,a5
10007b08:	96be                	add	a3,a3,a5
10007b0a:	3ce52c23          	sw	a4,984(a0)
10007b0e:	3cd52e23          	sw	a3,988(a0)
10007b12:	fec42623          	sw	a2,-20(s0)
10007b16:	fec42423          	sw	a2,-24(s0)
10007b1a:	fec42683          	lw	a3,-20(s0)
10007b1e:	fe842603          	lw	a2,-24(s0)
10007b22:	8e55                	or	a2,a2,a3
10007b24:	00163693          	seqz	a3,a2
10007b28:	3dc52603          	lw	a2,988(a0)
10007b2c:	3d852703          	lw	a4,984(a0)
10007b30:	96ba                	add	a3,a3,a4
10007b32:	00e6b733          	sltu	a4,a3,a4
10007b36:	963a                	add	a2,a2,a4
10007b38:	3cd52c23          	sw	a3,984(a0)
10007b3c:	3cc52e23          	sw	a2,988(a0)
10007b40:	2545a683          	lw	a3,596(a1)
10007b44:	fcd42023          	sw	a3,-64(s0)
10007b48:	2505a603          	lw	a2,592(a1)
10007b4c:	fcc42223          	sw	a2,-60(s0)
10007b50:	3dc52583          	lw	a1,988(a0)
10007b54:	fcb42e23          	sw	a1,-36(s0)
10007b58:	3d852503          	lw	a0,984(a0)
10007b5c:	fca42c23          	sw	a0,-40(s0)
10007b60:	1000d537          	lui	a0,0x1000d
10007b64:	18750513          	addi	a0,a0,391 # 1000d187 <_usbd_driver+0x123>
10007b68:	f1ffb0ef          	jal	10003a86 <__wrap_printf>
10007b6c:	fd842603          	lw	a2,-40(s0)
10007b70:	fdc42683          	lw	a3,-36(s0)
10007b74:	1000d537          	lui	a0,0x1000d
10007b78:	1af50513          	addi	a0,a0,431 # 1000d1af <_usbd_driver+0x14b>
10007b7c:	f0bfb0ef          	jal	10003a86 <__wrap_printf>
10007b80:	fc042703          	lw	a4,-64(s0)
10007b84:	fc442583          	lw	a1,-60(s0)
10007b88:	fdc42603          	lw	a2,-36(s0)
10007b8c:	fd842503          	lw	a0,-40(s0)
10007b90:	00b536b3          	sltu	a3,a0,a1
10007b94:	8e19                	sub	a2,a2,a4
10007b96:	40d606b3          	sub	a3,a2,a3
10007b9a:	fcd42823          	sw	a3,-48(s0)
10007b9e:	40b50633          	sub	a2,a0,a1
10007ba2:	fcc42623          	sw	a2,-52(s0)
10007ba6:	1000d537          	lui	a0,0x1000d
10007baa:	1dc50513          	addi	a0,a0,476 # 1000d1dc <_usbd_driver+0x178>
10007bae:	ed9fb0ef          	jal	10003a86 <__wrap_printf>
10007bb2:	fc842683          	lw	a3,-56(s0)
10007bb6:	1000d537          	lui	a0,0x1000d
10007bba:	20350513          	addi	a0,a0,515 # 1000d203 <_usbd_driver+0x19f>
10007bbe:	4609                	li	a2,2
10007bc0:	ec7fb0ef          	jal	10003a86 <__wrap_printf>
10007bc4:	fcc42703          	lw	a4,-52(s0)
10007bc8:	fd042783          	lw	a5,-48(s0)
10007bcc:	fd442583          	lw	a1,-44(s0)
10007bd0:	fd842603          	lw	a2,-40(s0)
10007bd4:	fdc42683          	lw	a3,-36(s0)
10007bd8:	fe042503          	lw	a0,-32(s0)
10007bdc:	00274713          	xori	a4,a4,2
10007be0:	8f5d                	or	a4,a4,a5
10007be2:	00173713          	seqz	a4,a4
10007be6:	177d                	addi	a4,a4,-1
10007be8:	8dd9                	or	a1,a1,a4
10007bea:	41d8                	lw	a4,4(a1)
10007bec:	418c                	lw	a1,0(a1)
10007bee:	3cd52e23          	sw	a3,988(a0)
10007bf2:	3cc52c23          	sw	a2,984(a0)
10007bf6:	1000d537          	lui	a0,0x1000d
10007bfa:	22b50513          	addi	a0,a0,555 # 1000d22b <_usbd_driver+0x1c7>
10007bfe:	e89fb0ef          	jal	10003a86 <__wrap_printf>
10007c02:	fe042603          	lw	a2,-32(s0)
10007c06:	fe442583          	lw	a1,-28(s0)
10007c0a:	3d862503          	lw	a0,984(a2)
10007c0e:	3dc62603          	lw	a2,988(a2)
10007c12:	24c5aa23          	sw	a2,596(a1)
10007c16:	24a5a823          	sw	a0,592(a1)
10007c1a:	a009                	j	10007c1c <SubBytes+0x194>
10007c1c:	ff344503          	lbu	a0,-13(s0)
10007c20:	faa42c23          	sw	a0,-72(s0)
10007c24:	ff344583          	lbu	a1,-13(s0)
10007c28:	8d2d                	xor	a0,a0,a1
10007c2a:	00153613          	seqz	a2,a0
10007c2e:	20003537          	lui	a0,0x20003
10007c32:	faa42823          	sw	a0,-80(s0)
10007c36:	3d850593          	addi	a1,a0,984 # 200033d8 <runtime_sig>
10007c3a:	fab42223          	sw	a1,-92(s0)
10007c3e:	3dc52583          	lw	a1,988(a0)
10007c42:	3d852683          	lw	a3,984(a0)
10007c46:	9636                	add	a2,a2,a3
10007c48:	00d636b3          	sltu	a3,a2,a3
10007c4c:	95b6                	add	a1,a1,a3
10007c4e:	3cc52c23          	sw	a2,984(a0)
10007c52:	3cb52e23          	sw	a1,988(a0)
10007c56:	200035b7          	lui	a1,0x20003
10007c5a:	fab42a23          	sw	a1,-76(s0)
10007c5e:	2545a683          	lw	a3,596(a1) # 20003254 <anb_prev_sig+0x4>
10007c62:	f8d42a23          	sw	a3,-108(s0)
10007c66:	2505a603          	lw	a2,592(a1)
10007c6a:	f8c42c23          	sw	a2,-104(s0)
10007c6e:	3dc52583          	lw	a1,988(a0)
10007c72:	fab42623          	sw	a1,-84(s0)
10007c76:	3d852503          	lw	a0,984(a0)
10007c7a:	faa42423          	sw	a0,-88(s0)
10007c7e:	1000d537          	lui	a0,0x1000d
10007c82:	18750513          	addi	a0,a0,391 # 1000d187 <_usbd_driver+0x123>
10007c86:	e01fb0ef          	jal	10003a86 <__wrap_printf>
10007c8a:	fa842603          	lw	a2,-88(s0)
10007c8e:	fac42683          	lw	a3,-84(s0)
10007c92:	1000d537          	lui	a0,0x1000d
10007c96:	1af50513          	addi	a0,a0,431 # 1000d1af <_usbd_driver+0x14b>
10007c9a:	dedfb0ef          	jal	10003a86 <__wrap_printf>
10007c9e:	f9442703          	lw	a4,-108(s0)
10007ca2:	f9842583          	lw	a1,-104(s0)
10007ca6:	fac42603          	lw	a2,-84(s0)
10007caa:	fa842503          	lw	a0,-88(s0)
10007cae:	00b536b3          	sltu	a3,a0,a1
10007cb2:	8e19                	sub	a2,a2,a4
10007cb4:	40d606b3          	sub	a3,a2,a3
10007cb8:	fad42023          	sw	a3,-96(s0)
10007cbc:	40b50633          	sub	a2,a0,a1
10007cc0:	f8c42e23          	sw	a2,-100(s0)
10007cc4:	1000d537          	lui	a0,0x1000d
10007cc8:	1dc50513          	addi	a0,a0,476 # 1000d1dc <_usbd_driver+0x178>
10007ccc:	dbbfb0ef          	jal	10003a86 <__wrap_printf>
10007cd0:	1000d537          	lui	a0,0x1000d
10007cd4:	20350513          	addi	a0,a0,515 # 1000d203 <_usbd_driver+0x19f>
10007cd8:	4605                	li	a2,1
10007cda:	4681                	li	a3,0
10007cdc:	dabfb0ef          	jal	10003a86 <__wrap_printf>
10007ce0:	f9c42703          	lw	a4,-100(s0)
10007ce4:	fa042783          	lw	a5,-96(s0)
10007ce8:	fa442583          	lw	a1,-92(s0)
10007cec:	fa842603          	lw	a2,-88(s0)
10007cf0:	fac42683          	lw	a3,-84(s0)
10007cf4:	fb042503          	lw	a0,-80(s0)
10007cf8:	00174713          	xori	a4,a4,1
10007cfc:	8f5d                	or	a4,a4,a5
10007cfe:	00173713          	seqz	a4,a4
10007d02:	177d                	addi	a4,a4,-1
10007d04:	8dd9                	or	a1,a1,a4
10007d06:	41d8                	lw	a4,4(a1)
10007d08:	418c                	lw	a1,0(a1)
10007d0a:	3cd52e23          	sw	a3,988(a0)
10007d0e:	3cc52c23          	sw	a2,984(a0)
10007d12:	1000d537          	lui	a0,0x1000d
10007d16:	22b50513          	addi	a0,a0,555 # 1000d22b <_usbd_driver+0x1c7>
10007d1a:	d6dfb0ef          	jal	10003a86 <__wrap_printf>
10007d1e:	fb042683          	lw	a3,-80(s0)
10007d22:	fb442603          	lw	a2,-76(s0)
10007d26:	fb842583          	lw	a1,-72(s0)
10007d2a:	3d86a503          	lw	a0,984(a3)
10007d2e:	3dc6a683          	lw	a3,988(a3)
10007d32:	24d62a23          	sw	a3,596(a2)
10007d36:	24a62823          	sw	a0,592(a2)
10007d3a:	450d                	li	a0,3
10007d3c:	76b54563          	blt	a0,a1,100084a6 <SubBytes+0xa1e>
10007d40:	a009                	j	10007d42 <SubBytes+0x2ba>
10007d42:	4501                	li	a0,0
10007d44:	f6a42a23          	sw	a0,-140(s0)
10007d48:	fea40923          	sb	a0,-14(s0)
10007d4c:	ff244503          	lbu	a0,-14(s0)
10007d50:	00153613          	seqz	a2,a0
10007d54:	20003537          	lui	a0,0x20003
10007d58:	f8a42623          	sw	a0,-116(s0)
10007d5c:	3d850593          	addi	a1,a0,984 # 200033d8 <runtime_sig>
10007d60:	f8b42023          	sw	a1,-128(s0)
10007d64:	3dc52583          	lw	a1,988(a0)
10007d68:	3d852683          	lw	a3,984(a0)
10007d6c:	9636                	add	a2,a2,a3
10007d6e:	00d636b3          	sltu	a3,a2,a3
10007d72:	95b6                	add	a1,a1,a3
10007d74:	3cc52c23          	sw	a2,984(a0)
10007d78:	3cb52e23          	sw	a1,988(a0)
10007d7c:	200035b7          	lui	a1,0x20003
10007d80:	f8b42823          	sw	a1,-112(s0)
10007d84:	2545a683          	lw	a3,596(a1) # 20003254 <anb_prev_sig+0x4>
10007d88:	f6d42623          	sw	a3,-148(s0)
10007d8c:	2505a603          	lw	a2,592(a1)
10007d90:	f6c42823          	sw	a2,-144(s0)
10007d94:	3dc52583          	lw	a1,988(a0)
10007d98:	f8b42423          	sw	a1,-120(s0)
10007d9c:	3d852503          	lw	a0,984(a0)
10007da0:	f8a42223          	sw	a0,-124(s0)
10007da4:	1000d537          	lui	a0,0x1000d
10007da8:	18750513          	addi	a0,a0,391 # 1000d187 <_usbd_driver+0x123>
10007dac:	cdbfb0ef          	jal	10003a86 <__wrap_printf>
10007db0:	f8442603          	lw	a2,-124(s0)
10007db4:	f8842683          	lw	a3,-120(s0)
10007db8:	1000d537          	lui	a0,0x1000d
10007dbc:	1af50513          	addi	a0,a0,431 # 1000d1af <_usbd_driver+0x14b>
10007dc0:	cc7fb0ef          	jal	10003a86 <__wrap_printf>
10007dc4:	f6c42703          	lw	a4,-148(s0)
10007dc8:	f7042583          	lw	a1,-144(s0)
10007dcc:	f8842603          	lw	a2,-120(s0)
10007dd0:	f8442503          	lw	a0,-124(s0)
10007dd4:	00b536b3          	sltu	a3,a0,a1
10007dd8:	8e19                	sub	a2,a2,a4
10007dda:	40d606b3          	sub	a3,a2,a3
10007dde:	f6d42e23          	sw	a3,-132(s0)
10007de2:	40b50633          	sub	a2,a0,a1
10007de6:	f6c42c23          	sw	a2,-136(s0)
10007dea:	1000d537          	lui	a0,0x1000d
10007dee:	1dc50513          	addi	a0,a0,476 # 1000d1dc <_usbd_driver+0x178>
10007df2:	c95fb0ef          	jal	10003a86 <__wrap_printf>
10007df6:	f7442683          	lw	a3,-140(s0)
10007dfa:	1000d537          	lui	a0,0x1000d
10007dfe:	20350513          	addi	a0,a0,515 # 1000d203 <_usbd_driver+0x19f>
10007e02:	4605                	li	a2,1
10007e04:	c83fb0ef          	jal	10003a86 <__wrap_printf>
10007e08:	f7842703          	lw	a4,-136(s0)
10007e0c:	f7c42783          	lw	a5,-132(s0)
10007e10:	f8042583          	lw	a1,-128(s0)
10007e14:	f8442603          	lw	a2,-124(s0)
10007e18:	f8842683          	lw	a3,-120(s0)
10007e1c:	f8c42503          	lw	a0,-116(s0)
10007e20:	00174713          	xori	a4,a4,1
10007e24:	8f5d                	or	a4,a4,a5
10007e26:	00173713          	seqz	a4,a4
10007e2a:	177d                	addi	a4,a4,-1
10007e2c:	8dd9                	or	a1,a1,a4
10007e2e:	41d8                	lw	a4,4(a1)
10007e30:	418c                	lw	a1,0(a1)
10007e32:	3cd52e23          	sw	a3,988(a0)
10007e36:	3cc52c23          	sw	a2,984(a0)
10007e3a:	1000d537          	lui	a0,0x1000d
10007e3e:	22b50513          	addi	a0,a0,555 # 1000d22b <_usbd_driver+0x1c7>
10007e42:	c45fb0ef          	jal	10003a86 <__wrap_printf>
10007e46:	f8c42603          	lw	a2,-116(s0)
10007e4a:	f9042583          	lw	a1,-112(s0)
10007e4e:	3d862503          	lw	a0,984(a2)
10007e52:	3dc62603          	lw	a2,988(a2)
10007e56:	24c5aa23          	sw	a2,596(a1)
10007e5a:	24a5a823          	sw	a0,592(a1)
10007e5e:	a009                	j	10007e60 <SubBytes+0x3d8>
10007e60:	ff244503          	lbu	a0,-14(s0)
10007e64:	f6a42423          	sw	a0,-152(s0)
10007e68:	ff244583          	lbu	a1,-14(s0)
10007e6c:	8d2d                	xor	a0,a0,a1
10007e6e:	00153613          	seqz	a2,a0
10007e72:	20003537          	lui	a0,0x20003
10007e76:	f6a42023          	sw	a0,-160(s0)
10007e7a:	3d850593          	addi	a1,a0,984 # 200033d8 <runtime_sig>
10007e7e:	f4b42a23          	sw	a1,-172(s0)
10007e82:	3dc52583          	lw	a1,988(a0)
10007e86:	3d852683          	lw	a3,984(a0)
10007e8a:	9636                	add	a2,a2,a3
10007e8c:	00d636b3          	sltu	a3,a2,a3
10007e90:	95b6                	add	a1,a1,a3
10007e92:	3cc52c23          	sw	a2,984(a0)
10007e96:	3cb52e23          	sw	a1,988(a0)
10007e9a:	200035b7          	lui	a1,0x20003
10007e9e:	f6b42223          	sw	a1,-156(s0)
10007ea2:	2545a683          	lw	a3,596(a1) # 20003254 <anb_prev_sig+0x4>
10007ea6:	f4d42223          	sw	a3,-188(s0)
10007eaa:	2505a603          	lw	a2,592(a1)
10007eae:	f4c42423          	sw	a2,-184(s0)
10007eb2:	3dc52583          	lw	a1,988(a0)
10007eb6:	f4b42e23          	sw	a1,-164(s0)
10007eba:	3d852503          	lw	a0,984(a0)
10007ebe:	f4a42c23          	sw	a0,-168(s0)
10007ec2:	1000d537          	lui	a0,0x1000d
10007ec6:	18750513          	addi	a0,a0,391 # 1000d187 <_usbd_driver+0x123>
10007eca:	bbdfb0ef          	jal	10003a86 <__wrap_printf>
10007ece:	f5842603          	lw	a2,-168(s0)
10007ed2:	f5c42683          	lw	a3,-164(s0)
10007ed6:	1000d537          	lui	a0,0x1000d
10007eda:	1af50513          	addi	a0,a0,431 # 1000d1af <_usbd_driver+0x14b>
10007ede:	ba9fb0ef          	jal	10003a86 <__wrap_printf>
10007ee2:	f4442703          	lw	a4,-188(s0)
10007ee6:	f4842583          	lw	a1,-184(s0)
10007eea:	f5c42603          	lw	a2,-164(s0)
10007eee:	f5842503          	lw	a0,-168(s0)
10007ef2:	00b536b3          	sltu	a3,a0,a1
10007ef6:	8e19                	sub	a2,a2,a4
10007ef8:	40d606b3          	sub	a3,a2,a3
10007efc:	f4d42823          	sw	a3,-176(s0)
10007f00:	40b50633          	sub	a2,a0,a1
10007f04:	f4c42623          	sw	a2,-180(s0)
10007f08:	1000d537          	lui	a0,0x1000d
10007f0c:	1dc50513          	addi	a0,a0,476 # 1000d1dc <_usbd_driver+0x178>
10007f10:	b77fb0ef          	jal	10003a86 <__wrap_printf>
10007f14:	1000d537          	lui	a0,0x1000d
10007f18:	20350513          	addi	a0,a0,515 # 1000d203 <_usbd_driver+0x19f>
10007f1c:	4605                	li	a2,1
10007f1e:	4681                	li	a3,0
10007f20:	b67fb0ef          	jal	10003a86 <__wrap_printf>
10007f24:	f4c42703          	lw	a4,-180(s0)
10007f28:	f5042783          	lw	a5,-176(s0)
10007f2c:	f5442583          	lw	a1,-172(s0)
10007f30:	f5842603          	lw	a2,-168(s0)
10007f34:	f5c42683          	lw	a3,-164(s0)
10007f38:	f6042503          	lw	a0,-160(s0)
10007f3c:	00174713          	xori	a4,a4,1
10007f40:	8f5d                	or	a4,a4,a5
10007f42:	00173713          	seqz	a4,a4
10007f46:	177d                	addi	a4,a4,-1
10007f48:	8dd9                	or	a1,a1,a4
10007f4a:	41d8                	lw	a4,4(a1)
10007f4c:	418c                	lw	a1,0(a1)
10007f4e:	3cd52e23          	sw	a3,988(a0)
10007f52:	3cc52c23          	sw	a2,984(a0)
10007f56:	1000d537          	lui	a0,0x1000d
10007f5a:	22b50513          	addi	a0,a0,555 # 1000d22b <_usbd_driver+0x1c7>
10007f5e:	b29fb0ef          	jal	10003a86 <__wrap_printf>
10007f62:	f6042683          	lw	a3,-160(s0)
10007f66:	f6442603          	lw	a2,-156(s0)
10007f6a:	f6842583          	lw	a1,-152(s0)
10007f6e:	3d86a503          	lw	a0,984(a3)
10007f72:	3dc6a683          	lw	a3,988(a3)
10007f76:	24d62a23          	sw	a3,596(a2)
10007f7a:	24a62823          	sw	a0,592(a2)
10007f7e:	450d                	li	a0,3
10007f80:	30b54463          	blt	a0,a1,10008288 <SubBytes+0x800>
10007f84:	a009                	j	10007f86 <SubBytes+0x4fe>
10007f86:	ff442583          	lw	a1,-12(s0)
10007f8a:	ff244503          	lbu	a0,-14(s0)
10007f8e:	ff244603          	lbu	a2,-14(s0)
10007f92:	8e29                	xor	a2,a2,a0
10007f94:	00163713          	seqz	a4,a2
10007f98:	20003637          	lui	a2,0x20003
10007f9c:	f2c42623          	sw	a2,-212(s0)
10007fa0:	3d860693          	addi	a3,a2,984 # 200033d8 <runtime_sig>
10007fa4:	f2d42823          	sw	a3,-208(s0)
10007fa8:	3dc62683          	lw	a3,988(a2)
10007fac:	3d862783          	lw	a5,984(a2)
10007fb0:	973e                	add	a4,a4,a5
10007fb2:	00f737b3          	sltu	a5,a4,a5
10007fb6:	96be                	add	a3,a3,a5
10007fb8:	3ce62c23          	sw	a4,984(a2)
10007fbc:	3cd62e23          	sw	a3,988(a2)
10007fc0:	20b54533          	sh2add	a0,a0,a1
10007fc4:	ff344583          	lbu	a1,-13(s0)
10007fc8:	ff344683          	lbu	a3,-13(s0)
10007fcc:	8ead                	xor	a3,a3,a1
10007fce:	0016b713          	seqz	a4,a3
10007fd2:	3dc62683          	lw	a3,988(a2)
10007fd6:	3d862783          	lw	a5,984(a2)
10007fda:	973e                	add	a4,a4,a5
10007fdc:	00f737b3          	sltu	a5,a4,a5
10007fe0:	96be                	add	a3,a3,a5
10007fe2:	3ce62c23          	sw	a4,984(a2)
10007fe6:	3cd62e23          	sw	a3,988(a2)
10007fea:	952e                	add	a0,a0,a1
10007fec:	00054583          	lbu	a1,0(a0)
10007ff0:	00054503          	lbu	a0,0(a0)
10007ff4:	8d2d                	xor	a0,a0,a1
10007ff6:	00153693          	seqz	a3,a0
10007ffa:	3dc62503          	lw	a0,988(a2)
10007ffe:	3d862703          	lw	a4,984(a2)
10008002:	96ba                	add	a3,a3,a4
10008004:	00e6b733          	sltu	a4,a3,a4
10008008:	953a                	add	a0,a0,a4
1000800a:	3cd62c23          	sw	a3,984(a2)
1000800e:	3ca62e23          	sw	a0,988(a2)
10008012:	1000d537          	lui	a0,0x1000d
10008016:	33550513          	addi	a0,a0,821 # 1000d335 <sbox>
1000801a:	95aa                	add	a1,a1,a0
1000801c:	0005c503          	lbu	a0,0(a1)
10008020:	0005c583          	lbu	a1,0(a1)
10008024:	8da9                	xor	a1,a1,a0
10008026:	0015b693          	seqz	a3,a1
1000802a:	3dc62583          	lw	a1,988(a2)
1000802e:	3d862703          	lw	a4,984(a2)
10008032:	96ba                	add	a3,a3,a4
10008034:	00e6b733          	sltu	a4,a3,a4
10008038:	95ba                	add	a1,a1,a4
1000803a:	3cd62c23          	sw	a3,984(a2)
1000803e:	3cb62e23          	sw	a1,988(a2)
10008042:	ff442683          	lw	a3,-12(s0)
10008046:	ff244583          	lbu	a1,-14(s0)
1000804a:	ff244703          	lbu	a4,-14(s0)
1000804e:	8f2d                	xor	a4,a4,a1
10008050:	00173793          	seqz	a5,a4
10008054:	3dc62703          	lw	a4,988(a2)
10008058:	3d862803          	lw	a6,984(a2)
1000805c:	97c2                	add	a5,a5,a6
1000805e:	0107b833          	sltu	a6,a5,a6
10008062:	9742                	add	a4,a4,a6
10008064:	3cf62c23          	sw	a5,984(a2)
10008068:	3ce62e23          	sw	a4,988(a2)
1000806c:	20d5c5b3          	sh2add	a1,a1,a3
10008070:	ff344683          	lbu	a3,-13(s0)
10008074:	ff344703          	lbu	a4,-13(s0)
10008078:	8f35                	xor	a4,a4,a3
1000807a:	00173793          	seqz	a5,a4
1000807e:	3dc62703          	lw	a4,988(a2)
10008082:	3d862803          	lw	a6,984(a2)
10008086:	97c2                	add	a5,a5,a6
10008088:	0107b833          	sltu	a6,a5,a6
1000808c:	9742                	add	a4,a4,a6
1000808e:	3cf62c23          	sw	a5,984(a2)
10008092:	3ce62e23          	sw	a4,988(a2)
10008096:	95b6                	add	a1,a1,a3
10008098:	00a58023          	sb	a0,0(a1)
1000809c:	0005c583          	lbu	a1,0(a1)
100080a0:	8d2d                	xor	a0,a0,a1
100080a2:	00153593          	seqz	a1,a0
100080a6:	3dc62503          	lw	a0,988(a2)
100080aa:	3d862683          	lw	a3,984(a2)
100080ae:	95b6                	add	a1,a1,a3
100080b0:	00d5b6b3          	sltu	a3,a1,a3
100080b4:	9536                	add	a0,a0,a3
100080b6:	3cb62c23          	sw	a1,984(a2)
100080ba:	3ca62e23          	sw	a0,988(a2)
100080be:	ff244503          	lbu	a0,-14(s0)
100080c2:	ff244583          	lbu	a1,-14(s0)
100080c6:	8da9                	xor	a1,a1,a0
100080c8:	0015b693          	seqz	a3,a1
100080cc:	3dc62583          	lw	a1,988(a2)
100080d0:	3d862703          	lw	a4,984(a2)
100080d4:	96ba                	add	a3,a3,a4
100080d6:	00e6b733          	sltu	a4,a3,a4
100080da:	95ba                	add	a1,a1,a4
100080dc:	3cd62c23          	sw	a3,984(a2)
100080e0:	3cb62e23          	sw	a1,988(a2)
100080e4:	0505                	addi	a0,a0,1
100080e6:	f2a42a23          	sw	a0,-204(s0)
100080ea:	0ff57593          	zext.b	a1,a0
100080ee:	f2b42c23          	sw	a1,-200(s0)
100080f2:	94c5f5b7          	lui	a1,0x94c5f
100080f6:	76858593          	addi	a1,a1,1896 # 94c5f768 <__StackTop+0x74bdd768>
100080fa:	00b53633          	sltu	a2,a0,a1
100080fe:	00153513          	seqz	a0,a0
10008102:	65c9                	lui	a1,0x12
10008104:	fab58593          	addi	a1,a1,-85 # 11fab <XIP_RAM_LENGTH+0xdfab>
10008108:	00b536b3          	sltu	a3,a0,a1
1000810c:	f2d42e23          	sw	a3,-196(s0)
10008110:	f4c42023          	sw	a2,-192(s0)
10008114:	00b50663          	beq	a0,a1,10008120 <SubBytes+0x698>
10008118:	f3c42503          	lw	a0,-196(s0)
1000811c:	f4a42023          	sw	a0,-192(s0)
10008120:	f2c42503          	lw	a0,-212(s0)
10008124:	f4042583          	lw	a1,-192(s0)
10008128:	f0b42223          	sw	a1,-252(s0)
1000812c:	3dc52683          	lw	a3,988(a0)
10008130:	f0d42623          	sw	a3,-244(s0)
10008134:	3d852603          	lw	a2,984(a0)
10008138:	f0c42423          	sw	a2,-248(s0)
1000813c:	1000d537          	lui	a0,0x1000d
10008140:	2b550513          	addi	a0,a0,693 # 1000d2b5 <_usbd_driver+0x251>
10008144:	943fb0ef          	jal	10003a86 <__wrap_printf>
10008148:	f0442603          	lw	a2,-252(s0)
1000814c:	f0842683          	lw	a3,-248(s0)
10008150:	f0c42583          	lw	a1,-244(s0)
10008154:	f2c42503          	lw	a0,-212(s0)
10008158:	9636                	add	a2,a2,a3
1000815a:	00d636b3          	sltu	a3,a2,a3
1000815e:	96ae                	add	a3,a3,a1
10008160:	3cc52c23          	sw	a2,984(a0)
10008164:	3cd52e23          	sw	a3,988(a0)
10008168:	1000d537          	lui	a0,0x1000d
1000816c:	28b50513          	addi	a0,a0,651 # 1000d28b <_usbd_driver+0x227>
10008170:	917fb0ef          	jal	10003a86 <__wrap_printf>
10008174:	f3442603          	lw	a2,-204(s0)
10008178:	f3842583          	lw	a1,-200(s0)
1000817c:	f2c42503          	lw	a0,-212(s0)
10008180:	fec40923          	sb	a2,-14(s0)
10008184:	ff244603          	lbu	a2,-14(s0)
10008188:	8db1                	xor	a1,a1,a2
1000818a:	0015b613          	seqz	a2,a1
1000818e:	3dc52583          	lw	a1,988(a0)
10008192:	3d852683          	lw	a3,984(a0)
10008196:	9636                	add	a2,a2,a3
10008198:	00d636b3          	sltu	a3,a2,a3
1000819c:	95b6                	add	a1,a1,a3
1000819e:	3cc52c23          	sw	a2,984(a0)
100081a2:	3cb52e23          	sw	a1,988(a0)
100081a6:	200035b7          	lui	a1,0x20003
100081aa:	f2b42423          	sw	a1,-216(s0)
100081ae:	2545a683          	lw	a3,596(a1) # 20003254 <anb_prev_sig+0x4>
100081b2:	f0d42823          	sw	a3,-240(s0)
100081b6:	2505a603          	lw	a2,592(a1)
100081ba:	f0c42a23          	sw	a2,-236(s0)
100081be:	3dc52583          	lw	a1,988(a0)
100081c2:	f2b42223          	sw	a1,-220(s0)
100081c6:	3d852503          	lw	a0,984(a0)
100081ca:	f2a42023          	sw	a0,-224(s0)
100081ce:	1000d537          	lui	a0,0x1000d
100081d2:	18750513          	addi	a0,a0,391 # 1000d187 <_usbd_driver+0x123>
100081d6:	8b1fb0ef          	jal	10003a86 <__wrap_printf>
100081da:	f2042603          	lw	a2,-224(s0)
100081de:	f2442683          	lw	a3,-220(s0)
100081e2:	1000d537          	lui	a0,0x1000d
100081e6:	1af50513          	addi	a0,a0,431 # 1000d1af <_usbd_driver+0x14b>
100081ea:	89dfb0ef          	jal	10003a86 <__wrap_printf>
100081ee:	f1042703          	lw	a4,-240(s0)
100081f2:	f1442583          	lw	a1,-236(s0)
100081f6:	f2442603          	lw	a2,-220(s0)
100081fa:	f2042503          	lw	a0,-224(s0)
100081fe:	00b536b3          	sltu	a3,a0,a1
10008202:	8e19                	sub	a2,a2,a4
10008204:	40d606b3          	sub	a3,a2,a3
10008208:	f0d42e23          	sw	a3,-228(s0)
1000820c:	40b50633          	sub	a2,a0,a1
10008210:	f0c42c23          	sw	a2,-232(s0)
10008214:	1000d537          	lui	a0,0x1000d
10008218:	1dc50513          	addi	a0,a0,476 # 1000d1dc <_usbd_driver+0x178>
1000821c:	86bfb0ef          	jal	10003a86 <__wrap_printf>
10008220:	1000d537          	lui	a0,0x1000d
10008224:	20350513          	addi	a0,a0,515 # 1000d203 <_usbd_driver+0x19f>
10008228:	4629                	li	a2,10
1000822a:	4681                	li	a3,0
1000822c:	85bfb0ef          	jal	10003a86 <__wrap_printf>
10008230:	f1842703          	lw	a4,-232(s0)
10008234:	f1c42783          	lw	a5,-228(s0)
10008238:	f3042583          	lw	a1,-208(s0)
1000823c:	f2042603          	lw	a2,-224(s0)
10008240:	f2442683          	lw	a3,-220(s0)
10008244:	f2c42503          	lw	a0,-212(s0)
10008248:	00a74713          	xori	a4,a4,10
1000824c:	8f5d                	or	a4,a4,a5
1000824e:	00173713          	seqz	a4,a4
10008252:	177d                	addi	a4,a4,-1
10008254:	8dd9                	or	a1,a1,a4
10008256:	41d8                	lw	a4,4(a1)
10008258:	418c                	lw	a1,0(a1)
1000825a:	3cd52e23          	sw	a3,988(a0)
1000825e:	3cc52c23          	sw	a2,984(a0)
10008262:	1000d537          	lui	a0,0x1000d
10008266:	22b50513          	addi	a0,a0,555 # 1000d22b <_usbd_driver+0x1c7>
1000826a:	81dfb0ef          	jal	10003a86 <__wrap_printf>
1000826e:	f2c42603          	lw	a2,-212(s0)
10008272:	f2842583          	lw	a1,-216(s0)
10008276:	3d862503          	lw	a0,984(a2)
1000827a:	3dc62603          	lw	a2,988(a2)
1000827e:	24c5aa23          	sw	a2,596(a1)
10008282:	24a5a823          	sw	a0,592(a1)
10008286:	bee9                	j	10007e60 <SubBytes+0x3d8>
10008288:	fec42583          	lw	a1,-20(s0)
1000828c:	fe842503          	lw	a0,-24(s0)
10008290:	0505                	addi	a0,a0,1
10008292:	00153613          	seqz	a2,a0
10008296:	95b2                	add	a1,a1,a2
10008298:	fea42423          	sw	a0,-24(s0)
1000829c:	feb42623          	sw	a1,-20(s0)
100082a0:	fe842603          	lw	a2,-24(s0)
100082a4:	fec42683          	lw	a3,-20(s0)
100082a8:	8db5                	xor	a1,a1,a3
100082aa:	8d31                	xor	a0,a0,a2
100082ac:	8d4d                	or	a0,a0,a1
100082ae:	00153593          	seqz	a1,a0
100082b2:	20003637          	lui	a2,0x20003
100082b6:	eec42623          	sw	a2,-276(s0)
100082ba:	3d860513          	addi	a0,a2,984 # 200033d8 <runtime_sig>
100082be:	eea42823          	sw	a0,-272(s0)
100082c2:	3dc62503          	lw	a0,988(a2)
100082c6:	3d862683          	lw	a3,984(a2)
100082ca:	95b6                	add	a1,a1,a3
100082cc:	00d5b6b3          	sltu	a3,a1,a3
100082d0:	9536                	add	a0,a0,a3
100082d2:	3cb62c23          	sw	a1,984(a2)
100082d6:	3ca62e23          	sw	a0,988(a2)
100082da:	ff344503          	lbu	a0,-13(s0)
100082de:	ff344583          	lbu	a1,-13(s0)
100082e2:	8da9                	xor	a1,a1,a0
100082e4:	0015b693          	seqz	a3,a1
100082e8:	3dc62583          	lw	a1,988(a2)
100082ec:	3d862703          	lw	a4,984(a2)
100082f0:	96ba                	add	a3,a3,a4
100082f2:	00e6b733          	sltu	a4,a3,a4
100082f6:	95ba                	add	a1,a1,a4
100082f8:	3cd62c23          	sw	a3,984(a2)
100082fc:	3cb62e23          	sw	a1,988(a2)
10008300:	0505                	addi	a0,a0,1
10008302:	eea42a23          	sw	a0,-268(s0)
10008306:	0ff57593          	zext.b	a1,a0
1000830a:	eeb42c23          	sw	a1,-264(s0)
1000830e:	94c5f5b7          	lui	a1,0x94c5f
10008312:	76858593          	addi	a1,a1,1896 # 94c5f768 <__StackTop+0x74bdd768>
10008316:	00b53633          	sltu	a2,a0,a1
1000831a:	00153513          	seqz	a0,a0
1000831e:	65c9                	lui	a1,0x12
10008320:	fab58593          	addi	a1,a1,-85 # 11fab <XIP_RAM_LENGTH+0xdfab>
10008324:	00b536b3          	sltu	a3,a0,a1
10008328:	eed42e23          	sw	a3,-260(s0)
1000832c:	f0c42023          	sw	a2,-256(s0)
10008330:	00b50663          	beq	a0,a1,1000833c <SubBytes+0x8b4>
10008334:	efc42503          	lw	a0,-260(s0)
10008338:	f0a42023          	sw	a0,-256(s0)
1000833c:	eec42503          	lw	a0,-276(s0)
10008340:	f0042583          	lw	a1,-256(s0)
10008344:	ecb42223          	sw	a1,-316(s0)
10008348:	3dc52683          	lw	a3,988(a0)
1000834c:	ecd42623          	sw	a3,-308(s0)
10008350:	3d852603          	lw	a2,984(a0)
10008354:	ecc42423          	sw	a2,-312(s0)
10008358:	1000d537          	lui	a0,0x1000d
1000835c:	2b550513          	addi	a0,a0,693 # 1000d2b5 <_usbd_driver+0x251>
10008360:	f26fb0ef          	jal	10003a86 <__wrap_printf>
10008364:	ec442603          	lw	a2,-316(s0)
10008368:	ec842683          	lw	a3,-312(s0)
1000836c:	ecc42583          	lw	a1,-308(s0)
10008370:	eec42503          	lw	a0,-276(s0)
10008374:	9636                	add	a2,a2,a3
10008376:	00d636b3          	sltu	a3,a2,a3
1000837a:	96ae                	add	a3,a3,a1
1000837c:	3cc52c23          	sw	a2,984(a0)
10008380:	3cd52e23          	sw	a3,988(a0)
10008384:	1000d537          	lui	a0,0x1000d
10008388:	28b50513          	addi	a0,a0,651 # 1000d28b <_usbd_driver+0x227>
1000838c:	efafb0ef          	jal	10003a86 <__wrap_printf>
10008390:	ef442603          	lw	a2,-268(s0)
10008394:	ef842583          	lw	a1,-264(s0)
10008398:	eec42503          	lw	a0,-276(s0)
1000839c:	fec409a3          	sb	a2,-13(s0)
100083a0:	ff344603          	lbu	a2,-13(s0)
100083a4:	8db1                	xor	a1,a1,a2
100083a6:	0015b613          	seqz	a2,a1
100083aa:	3dc52583          	lw	a1,988(a0)
100083ae:	3d852683          	lw	a3,984(a0)
100083b2:	9636                	add	a2,a2,a3
100083b4:	00d636b3          	sltu	a3,a2,a3
100083b8:	95b6                	add	a1,a1,a3
100083ba:	3cc52c23          	sw	a2,984(a0)
100083be:	3cb52e23          	sw	a1,988(a0)
100083c2:	200035b7          	lui	a1,0x20003
100083c6:	eeb42423          	sw	a1,-280(s0)
100083ca:	2545a683          	lw	a3,596(a1) # 20003254 <anb_prev_sig+0x4>
100083ce:	ecd42823          	sw	a3,-304(s0)
100083d2:	2505a603          	lw	a2,592(a1)
100083d6:	ecc42a23          	sw	a2,-300(s0)
100083da:	3dc52583          	lw	a1,988(a0)
100083de:	eeb42223          	sw	a1,-284(s0)
100083e2:	3d852503          	lw	a0,984(a0)
100083e6:	eea42023          	sw	a0,-288(s0)
100083ea:	1000d537          	lui	a0,0x1000d
100083ee:	18750513          	addi	a0,a0,391 # 1000d187 <_usbd_driver+0x123>
100083f2:	e94fb0ef          	jal	10003a86 <__wrap_printf>
100083f6:	ee042603          	lw	a2,-288(s0)
100083fa:	ee442683          	lw	a3,-284(s0)
100083fe:	1000d537          	lui	a0,0x1000d
10008402:	1af50513          	addi	a0,a0,431 # 1000d1af <_usbd_driver+0x14b>
10008406:	e80fb0ef          	jal	10003a86 <__wrap_printf>
1000840a:	ed042703          	lw	a4,-304(s0)
1000840e:	ed442583          	lw	a1,-300(s0)
10008412:	ee442603          	lw	a2,-284(s0)
10008416:	ee042503          	lw	a0,-288(s0)
1000841a:	00b536b3          	sltu	a3,a0,a1
1000841e:	8e19                	sub	a2,a2,a4
10008420:	40d606b3          	sub	a3,a2,a3
10008424:	ecd42e23          	sw	a3,-292(s0)
10008428:	40b50633          	sub	a2,a0,a1
1000842c:	ecc42c23          	sw	a2,-296(s0)
10008430:	1000d537          	lui	a0,0x1000d
10008434:	1dc50513          	addi	a0,a0,476 # 1000d1dc <_usbd_driver+0x178>
10008438:	e4efb0ef          	jal	10003a86 <__wrap_printf>
1000843c:	1000d537          	lui	a0,0x1000d
10008440:	20350513          	addi	a0,a0,515 # 1000d203 <_usbd_driver+0x19f>
10008444:	4611                	li	a2,4
10008446:	4681                	li	a3,0
10008448:	e3efb0ef          	jal	10003a86 <__wrap_printf>
1000844c:	ed842703          	lw	a4,-296(s0)
10008450:	edc42783          	lw	a5,-292(s0)
10008454:	ef042583          	lw	a1,-272(s0)
10008458:	ee042603          	lw	a2,-288(s0)
1000845c:	ee442683          	lw	a3,-284(s0)
10008460:	eec42503          	lw	a0,-276(s0)
10008464:	00474713          	xori	a4,a4,4
10008468:	8f5d                	or	a4,a4,a5
1000846a:	00173713          	seqz	a4,a4
1000846e:	177d                	addi	a4,a4,-1
10008470:	8dd9                	or	a1,a1,a4
10008472:	41d8                	lw	a4,4(a1)
10008474:	418c                	lw	a1,0(a1)
10008476:	3cd52e23          	sw	a3,988(a0)
1000847a:	3cc52c23          	sw	a2,984(a0)
1000847e:	1000d537          	lui	a0,0x1000d
10008482:	22b50513          	addi	a0,a0,555 # 1000d22b <_usbd_driver+0x1c7>
10008486:	e00fb0ef          	jal	10003a86 <__wrap_printf>
1000848a:	eec42603          	lw	a2,-276(s0)
1000848e:	ee842583          	lw	a1,-280(s0)
10008492:	3d862503          	lw	a0,984(a2)
10008496:	3dc62603          	lw	a2,988(a2)
1000849a:	24c5aa23          	sw	a2,596(a1)
1000849e:	24a5a823          	sw	a0,592(a1)
100084a2:	f7aff06f          	j	10007c1c <SubBytes+0x194>
100084a6:	fec42503          	lw	a0,-20(s0)
100084aa:	eaa42c23          	sw	a0,-328(s0)
100084ae:	fe842603          	lw	a2,-24(s0)
100084b2:	eac42a23          	sw	a2,-332(s0)
100084b6:	ffc60593          	addi	a1,a2,-4
100084ba:	eab42e23          	sw	a1,-324(s0)
100084be:	00c5b5b3          	sltu	a1,a1,a2
100084c2:	952e                	add	a0,a0,a1
100084c4:	157d                	addi	a0,a0,-1
100084c6:	eca42023          	sw	a0,-320(s0)
100084ca:	1000d537          	lui	a0,0x1000d
100084ce:	0d950513          	addi	a0,a0,217 # 1000d0d9 <_usbd_driver+0x75>
100084d2:	4611                	li	a2,4
100084d4:	4681                	li	a3,0
100084d6:	db0fb0ef          	jal	10003a86 <__wrap_printf>
100084da:	eb442603          	lw	a2,-332(s0)
100084de:	eb842683          	lw	a3,-328(s0)
100084e2:	1000d537          	lui	a0,0x1000d
100084e6:	10d50513          	addi	a0,a0,269 # 1000d10d <_usbd_driver+0xa9>
100084ea:	d9cfb0ef          	jal	10003a86 <__wrap_printf>
100084ee:	ec042683          	lw	a3,-320(s0)
100084f2:	ebc42603          	lw	a2,-324(s0)
100084f6:	1000d537          	lui	a0,0x1000d
100084fa:	13750513          	addi	a0,a0,311 # 1000d137 <_usbd_driver+0xd3>
100084fe:	d88fb0ef          	jal	10003a86 <__wrap_printf>
10008502:	ebc42683          	lw	a3,-324(s0)
10008506:	ec042503          	lw	a0,-320(s0)
1000850a:	00a6e5b3          	or	a1,a3,a0
1000850e:	0015b593          	seqz	a1,a1
10008512:	fff58713          	addi	a4,a1,-1
10008516:	200035b7          	lui	a1,0x20003
1000851a:	3d858613          	addi	a2,a1,984 # 200033d8 <runtime_sig>
1000851e:	8e59                	or	a2,a2,a4
10008520:	4258                	lw	a4,4(a2)
10008522:	4210                	lw	a2,0(a2)
10008524:	3dc5a603          	lw	a2,988(a1)
10008528:	9532                	add	a0,a0,a2
1000852a:	3d85a603          	lw	a2,984(a1)
1000852e:	9636                	add	a2,a2,a3
10008530:	00d636b3          	sltu	a3,a2,a3
10008534:	9536                	add	a0,a0,a3
10008536:	3cc5ac23          	sw	a2,984(a1)
1000853a:	3ca5ae23          	sw	a0,988(a1)
1000853e:	3d85a503          	lw	a0,984(a1)
10008542:	3dc5a603          	lw	a2,988(a1)
10008546:	200035b7          	lui	a1,0x20003
1000854a:	24c5aa23          	sw	a2,596(a1) # 20003254 <anb_prev_sig+0x4>
1000854e:	24a5a823          	sw	a0,592(a1)
10008552:	14c12083          	lw	ra,332(sp)
10008556:	14812403          	lw	s0,328(sp)
1000855a:	6171                	addi	sp,sp,336
1000855c:	8082                	ret

1000855e <MixColumns>:
1000855e:	7119                	addi	sp,sp,-128
10008560:	de86                	sw	ra,124(sp)
10008562:	dca2                	sw	s0,120(sp)
10008564:	0100                	addi	s0,sp,128
10008566:	faa42e23          	sw	a0,-68(s0)
1000856a:	20003537          	lui	a0,0x20003
1000856e:	fea42023          	sw	a0,-32(s0)
10008572:	4681                	li	a3,0
10008574:	fcd42423          	sw	a3,-56(s0)
10008578:	3cd52e23          	sw	a3,988(a0) # 200033dc <runtime_sig+0x4>
1000857c:	3374d5b7          	lui	a1,0x3374d
10008580:	6a458613          	addi	a2,a1,1700 # 3374d6a4 <__StackTop+0x136cb6a4>
10008584:	3cc52c23          	sw	a2,984(a0)
10008588:	3d850513          	addi	a0,a0,984
1000858c:	fca42a23          	sw	a0,-44(s0)
10008590:	20003537          	lui	a0,0x20003
10008594:	fea42223          	sw	a0,-28(s0)
10008598:	24d52a23          	sw	a3,596(a0) # 20003254 <anb_prev_sig+0x4>
1000859c:	24c52823          	sw	a2,592(a0)
100085a0:	1000d537          	lui	a0,0x1000d
100085a4:	16350513          	addi	a0,a0,355 # 1000d163 <_usbd_driver+0xff>
100085a8:	cdefb0ef          	jal	10003a86 <__wrap_printf>
100085ac:	fbc42683          	lw	a3,-68(s0)
100085b0:	fc842603          	lw	a2,-56(s0)
100085b4:	fe442583          	lw	a1,-28(s0)
100085b8:	fe042503          	lw	a0,-32(s0)
100085bc:	fed42a23          	sw	a3,-12(s0)
100085c0:	fec409a3          	sb	a2,-13(s0)
100085c4:	ff344683          	lbu	a3,-13(s0)
100085c8:	0016b713          	seqz	a4,a3
100085cc:	3dc52683          	lw	a3,988(a0)
100085d0:	3d852783          	lw	a5,984(a0)
100085d4:	973e                	add	a4,a4,a5
100085d6:	00f737b3          	sltu	a5,a4,a5
100085da:	96be                	add	a3,a3,a5
100085dc:	3ce52c23          	sw	a4,984(a0)
100085e0:	3cd52e23          	sw	a3,988(a0)
100085e4:	fec42623          	sw	a2,-20(s0)
100085e8:	fec42423          	sw	a2,-24(s0)
100085ec:	fec42683          	lw	a3,-20(s0)
100085f0:	fe842603          	lw	a2,-24(s0)
100085f4:	8e55                	or	a2,a2,a3
100085f6:	00163693          	seqz	a3,a2
100085fa:	3dc52603          	lw	a2,988(a0)
100085fe:	3d852703          	lw	a4,984(a0)
10008602:	96ba                	add	a3,a3,a4
10008604:	00e6b733          	sltu	a4,a3,a4
10008608:	963a                	add	a2,a2,a4
1000860a:	3cd52c23          	sw	a3,984(a0)
1000860e:	3cc52e23          	sw	a2,988(a0)
10008612:	2545a683          	lw	a3,596(a1)
10008616:	fcd42023          	sw	a3,-64(s0)
1000861a:	2505a603          	lw	a2,592(a1)
1000861e:	fcc42223          	sw	a2,-60(s0)
10008622:	3dc52583          	lw	a1,988(a0)
10008626:	fcb42e23          	sw	a1,-36(s0)
1000862a:	3d852503          	lw	a0,984(a0)
1000862e:	fca42c23          	sw	a0,-40(s0)
10008632:	1000d537          	lui	a0,0x1000d
10008636:	18750513          	addi	a0,a0,391 # 1000d187 <_usbd_driver+0x123>
1000863a:	c4cfb0ef          	jal	10003a86 <__wrap_printf>
1000863e:	fd842603          	lw	a2,-40(s0)
10008642:	fdc42683          	lw	a3,-36(s0)
10008646:	1000d537          	lui	a0,0x1000d
1000864a:	1af50513          	addi	a0,a0,431 # 1000d1af <_usbd_driver+0x14b>
1000864e:	c38fb0ef          	jal	10003a86 <__wrap_printf>
10008652:	fc042703          	lw	a4,-64(s0)
10008656:	fc442583          	lw	a1,-60(s0)
1000865a:	fdc42603          	lw	a2,-36(s0)
1000865e:	fd842503          	lw	a0,-40(s0)
10008662:	00b536b3          	sltu	a3,a0,a1
10008666:	8e19                	sub	a2,a2,a4
10008668:	40d606b3          	sub	a3,a2,a3
1000866c:	fcd42823          	sw	a3,-48(s0)
10008670:	40b50633          	sub	a2,a0,a1
10008674:	fcc42623          	sw	a2,-52(s0)
10008678:	1000d537          	lui	a0,0x1000d
1000867c:	1dc50513          	addi	a0,a0,476 # 1000d1dc <_usbd_driver+0x178>
10008680:	c06fb0ef          	jal	10003a86 <__wrap_printf>
10008684:	fc842683          	lw	a3,-56(s0)
10008688:	1000d537          	lui	a0,0x1000d
1000868c:	20350513          	addi	a0,a0,515 # 1000d203 <_usbd_driver+0x19f>
10008690:	4609                	li	a2,2
10008692:	bf4fb0ef          	jal	10003a86 <__wrap_printf>
10008696:	fcc42703          	lw	a4,-52(s0)
1000869a:	fd042783          	lw	a5,-48(s0)
1000869e:	fd442583          	lw	a1,-44(s0)
100086a2:	fd842603          	lw	a2,-40(s0)
100086a6:	fdc42683          	lw	a3,-36(s0)
100086aa:	fe042503          	lw	a0,-32(s0)
100086ae:	00274713          	xori	a4,a4,2
100086b2:	8f5d                	or	a4,a4,a5
100086b4:	00173713          	seqz	a4,a4
100086b8:	177d                	addi	a4,a4,-1
100086ba:	8dd9                	or	a1,a1,a4
100086bc:	41d8                	lw	a4,4(a1)
100086be:	418c                	lw	a1,0(a1)
100086c0:	3cd52e23          	sw	a3,988(a0)
100086c4:	3cc52c23          	sw	a2,984(a0)
100086c8:	1000d537          	lui	a0,0x1000d
100086cc:	22b50513          	addi	a0,a0,555 # 1000d22b <_usbd_driver+0x1c7>
100086d0:	bb6fb0ef          	jal	10003a86 <__wrap_printf>
100086d4:	fe042603          	lw	a2,-32(s0)
100086d8:	fe442583          	lw	a1,-28(s0)
100086dc:	3d862503          	lw	a0,984(a2)
100086e0:	3dc62603          	lw	a2,988(a2)
100086e4:	24c5aa23          	sw	a2,596(a1)
100086e8:	24a5a823          	sw	a0,592(a1)
100086ec:	a009                	j	100086ee <MixColumns+0x190>
100086ee:	ff344503          	lbu	a0,-13(s0)
100086f2:	faa42c23          	sw	a0,-72(s0)
100086f6:	ff344583          	lbu	a1,-13(s0)
100086fa:	8d2d                	xor	a0,a0,a1
100086fc:	00153613          	seqz	a2,a0
10008700:	20003537          	lui	a0,0x20003
10008704:	faa42823          	sw	a0,-80(s0)
10008708:	3d850593          	addi	a1,a0,984 # 200033d8 <runtime_sig>
1000870c:	fab42223          	sw	a1,-92(s0)
10008710:	3dc52583          	lw	a1,988(a0)
10008714:	3d852683          	lw	a3,984(a0)
10008718:	9636                	add	a2,a2,a3
1000871a:	00d636b3          	sltu	a3,a2,a3
1000871e:	95b6                	add	a1,a1,a3
10008720:	3cc52c23          	sw	a2,984(a0)
10008724:	3cb52e23          	sw	a1,988(a0)
10008728:	200035b7          	lui	a1,0x20003
1000872c:	fab42a23          	sw	a1,-76(s0)
10008730:	2545a683          	lw	a3,596(a1) # 20003254 <anb_prev_sig+0x4>
10008734:	f8d42a23          	sw	a3,-108(s0)
10008738:	2505a603          	lw	a2,592(a1)
1000873c:	f8c42c23          	sw	a2,-104(s0)
10008740:	3dc52583          	lw	a1,988(a0)
10008744:	fab42623          	sw	a1,-84(s0)
10008748:	3d852503          	lw	a0,984(a0)
1000874c:	faa42423          	sw	a0,-88(s0)
10008750:	1000d537          	lui	a0,0x1000d
10008754:	18750513          	addi	a0,a0,391 # 1000d187 <_usbd_driver+0x123>
10008758:	b2efb0ef          	jal	10003a86 <__wrap_printf>
1000875c:	fa842603          	lw	a2,-88(s0)
10008760:	fac42683          	lw	a3,-84(s0)
10008764:	1000d537          	lui	a0,0x1000d
10008768:	1af50513          	addi	a0,a0,431 # 1000d1af <_usbd_driver+0x14b>
1000876c:	b1afb0ef          	jal	10003a86 <__wrap_printf>
10008770:	f9442703          	lw	a4,-108(s0)
10008774:	f9842583          	lw	a1,-104(s0)
10008778:	fac42603          	lw	a2,-84(s0)
1000877c:	fa842503          	lw	a0,-88(s0)
10008780:	00b536b3          	sltu	a3,a0,a1
10008784:	8e19                	sub	a2,a2,a4
10008786:	40d606b3          	sub	a3,a2,a3
1000878a:	fad42023          	sw	a3,-96(s0)
1000878e:	40b50633          	sub	a2,a0,a1
10008792:	f8c42e23          	sw	a2,-100(s0)
10008796:	1000d537          	lui	a0,0x1000d
1000879a:	1dc50513          	addi	a0,a0,476 # 1000d1dc <_usbd_driver+0x178>
1000879e:	ae8fb0ef          	jal	10003a86 <__wrap_printf>
100087a2:	1000d537          	lui	a0,0x1000d
100087a6:	20350513          	addi	a0,a0,515 # 1000d203 <_usbd_driver+0x19f>
100087aa:	4605                	li	a2,1
100087ac:	4681                	li	a3,0
100087ae:	ad8fb0ef          	jal	10003a86 <__wrap_printf>
100087b2:	f9c42703          	lw	a4,-100(s0)
100087b6:	fa042783          	lw	a5,-96(s0)
100087ba:	fa442583          	lw	a1,-92(s0)
100087be:	fa842603          	lw	a2,-88(s0)
100087c2:	fac42683          	lw	a3,-84(s0)
100087c6:	fb042503          	lw	a0,-80(s0)
100087ca:	00174713          	xori	a4,a4,1
100087ce:	8f5d                	or	a4,a4,a5
100087d0:	00173713          	seqz	a4,a4
100087d4:	177d                	addi	a4,a4,-1
100087d6:	8dd9                	or	a1,a1,a4
100087d8:	41d8                	lw	a4,4(a1)
100087da:	418c                	lw	a1,0(a1)
100087dc:	3cd52e23          	sw	a3,988(a0)
100087e0:	3cc52c23          	sw	a2,984(a0)
100087e4:	1000d537          	lui	a0,0x1000d
100087e8:	22b50513          	addi	a0,a0,555 # 1000d22b <_usbd_driver+0x1c7>
100087ec:	a9afb0ef          	jal	10003a86 <__wrap_printf>
100087f0:	fb042683          	lw	a3,-80(s0)
100087f4:	fb442603          	lw	a2,-76(s0)
100087f8:	fb842583          	lw	a1,-72(s0)
100087fc:	3d86a503          	lw	a0,984(a3)
10008800:	3dc6a683          	lw	a3,988(a3)
10008804:	24d62a23          	sw	a3,596(a2)
10008808:	24a62823          	sw	a0,592(a2)
1000880c:	450d                	li	a0,3
1000880e:	18b54a63          	blt	a0,a1,100089a2 <MixColumns+0x444>
10008812:	a009                	j	10008814 <MixColumns+0x2b6>
10008814:	fec42503          	lw	a0,-20(s0)
10008818:	fe842583          	lw	a1,-24(s0)
1000881c:	0585                	addi	a1,a1,1
1000881e:	0015b613          	seqz	a2,a1
10008822:	9532                	add	a0,a0,a2
10008824:	feb42423          	sw	a1,-24(s0)
10008828:	fea42623          	sw	a0,-20(s0)
1000882c:	ff442583          	lw	a1,-12(s0)
10008830:	ff344503          	lbu	a0,-13(s0)
10008834:	20b54533          	sh2add	a0,a0,a1
10008838:	00054503          	lbu	a0,0(a0)
1000883c:	fea40823          	sb	a0,-16(s0)
10008840:	ff442583          	lw	a1,-12(s0)
10008844:	ff344503          	lbu	a0,-13(s0)
10008848:	20b545b3          	sh2add	a1,a0,a1
1000884c:	0005c503          	lbu	a0,0(a1)
10008850:	0015c603          	lbu	a2,1(a1)
10008854:	8d31                	xor	a0,a0,a2
10008856:	0025c603          	lbu	a2,2(a1)
1000885a:	8d31                	xor	a0,a0,a2
1000885c:	0035c583          	lbu	a1,3(a1)
10008860:	8d2d                	xor	a0,a0,a1
10008862:	fea40923          	sb	a0,-14(s0)
10008866:	ff442583          	lw	a1,-12(s0)
1000886a:	ff344503          	lbu	a0,-13(s0)
1000886e:	20b545b3          	sh2add	a1,a0,a1
10008872:	0005c503          	lbu	a0,0(a1)
10008876:	0015c583          	lbu	a1,1(a1)
1000887a:	8d2d                	xor	a0,a0,a1
1000887c:	fea408a3          	sb	a0,-15(s0)
10008880:	ff144503          	lbu	a0,-15(s0)
10008884:	2ac9                	jal	10008a56 <xtime>
10008886:	fea408a3          	sb	a0,-15(s0)
1000888a:	ff144503          	lbu	a0,-15(s0)
1000888e:	ff244583          	lbu	a1,-14(s0)
10008892:	00b54633          	xor	a2,a0,a1
10008896:	ff442583          	lw	a1,-12(s0)
1000889a:	ff344503          	lbu	a0,-13(s0)
1000889e:	20b545b3          	sh2add	a1,a0,a1
100088a2:	0005c503          	lbu	a0,0(a1)
100088a6:	8d31                	xor	a0,a0,a2
100088a8:	00a58023          	sb	a0,0(a1)
100088ac:	ff442583          	lw	a1,-12(s0)
100088b0:	ff344503          	lbu	a0,-13(s0)
100088b4:	20b545b3          	sh2add	a1,a0,a1
100088b8:	0015c503          	lbu	a0,1(a1)
100088bc:	0025c583          	lbu	a1,2(a1)
100088c0:	8d2d                	xor	a0,a0,a1
100088c2:	fea408a3          	sb	a0,-15(s0)
100088c6:	ff144503          	lbu	a0,-15(s0)
100088ca:	2271                	jal	10008a56 <xtime>
100088cc:	fea408a3          	sb	a0,-15(s0)
100088d0:	ff144503          	lbu	a0,-15(s0)
100088d4:	ff244583          	lbu	a1,-14(s0)
100088d8:	00b54633          	xor	a2,a0,a1
100088dc:	ff442583          	lw	a1,-12(s0)
100088e0:	ff344503          	lbu	a0,-13(s0)
100088e4:	20b545b3          	sh2add	a1,a0,a1
100088e8:	0015c503          	lbu	a0,1(a1)
100088ec:	8d31                	xor	a0,a0,a2
100088ee:	00a580a3          	sb	a0,1(a1)
100088f2:	ff442583          	lw	a1,-12(s0)
100088f6:	ff344503          	lbu	a0,-13(s0)
100088fa:	20b545b3          	sh2add	a1,a0,a1
100088fe:	0025c503          	lbu	a0,2(a1)
10008902:	0035c583          	lbu	a1,3(a1)
10008906:	8d2d                	xor	a0,a0,a1
10008908:	fea408a3          	sb	a0,-15(s0)
1000890c:	ff144503          	lbu	a0,-15(s0)
10008910:	2299                	jal	10008a56 <xtime>
10008912:	fea408a3          	sb	a0,-15(s0)
10008916:	ff144503          	lbu	a0,-15(s0)
1000891a:	ff244583          	lbu	a1,-14(s0)
1000891e:	00b54633          	xor	a2,a0,a1
10008922:	ff442583          	lw	a1,-12(s0)
10008926:	ff344503          	lbu	a0,-13(s0)
1000892a:	20b545b3          	sh2add	a1,a0,a1
1000892e:	0025c503          	lbu	a0,2(a1)
10008932:	8d31                	xor	a0,a0,a2
10008934:	00a58123          	sb	a0,2(a1)
10008938:	ff442583          	lw	a1,-12(s0)
1000893c:	ff344503          	lbu	a0,-13(s0)
10008940:	20b54533          	sh2add	a0,a0,a1
10008944:	00354503          	lbu	a0,3(a0)
10008948:	ff044583          	lbu	a1,-16(s0)
1000894c:	8d2d                	xor	a0,a0,a1
1000894e:	fea408a3          	sb	a0,-15(s0)
10008952:	ff144503          	lbu	a0,-15(s0)
10008956:	2201                	jal	10008a56 <xtime>
10008958:	fea408a3          	sb	a0,-15(s0)
1000895c:	ff144503          	lbu	a0,-15(s0)
10008960:	ff244583          	lbu	a1,-14(s0)
10008964:	00b54633          	xor	a2,a0,a1
10008968:	ff442583          	lw	a1,-12(s0)
1000896c:	ff344503          	lbu	a0,-13(s0)
10008970:	20b545b3          	sh2add	a1,a0,a1
10008974:	0035c503          	lbu	a0,3(a1)
10008978:	8d31                	xor	a0,a0,a2
1000897a:	00a581a3          	sb	a0,3(a1)
1000897e:	ff344503          	lbu	a0,-13(s0)
10008982:	0505                	addi	a0,a0,1
10008984:	fea409a3          	sb	a0,-13(s0)
10008988:	200035b7          	lui	a1,0x20003
1000898c:	3d85a503          	lw	a0,984(a1) # 200033d8 <runtime_sig>
10008990:	3dc5a603          	lw	a2,988(a1)
10008994:	200035b7          	lui	a1,0x20003
10008998:	24c5aa23          	sw	a2,596(a1) # 20003254 <anb_prev_sig+0x4>
1000899c:	24a5a823          	sw	a0,592(a1)
100089a0:	b3b9                	j	100086ee <MixColumns+0x190>
100089a2:	fec42503          	lw	a0,-20(s0)
100089a6:	f8a42423          	sw	a0,-120(s0)
100089aa:	fe842603          	lw	a2,-24(s0)
100089ae:	f8c42223          	sw	a2,-124(s0)
100089b2:	ffc60593          	addi	a1,a2,-4
100089b6:	f8b42623          	sw	a1,-116(s0)
100089ba:	00c5b5b3          	sltu	a1,a1,a2
100089be:	952e                	add	a0,a0,a1
100089c0:	157d                	addi	a0,a0,-1
100089c2:	f8a42823          	sw	a0,-112(s0)
100089c6:	1000d537          	lui	a0,0x1000d
100089ca:	0d950513          	addi	a0,a0,217 # 1000d0d9 <_usbd_driver+0x75>
100089ce:	4611                	li	a2,4
100089d0:	4681                	li	a3,0
100089d2:	8b4fb0ef          	jal	10003a86 <__wrap_printf>
100089d6:	f8442603          	lw	a2,-124(s0)
100089da:	f8842683          	lw	a3,-120(s0)
100089de:	1000d537          	lui	a0,0x1000d
100089e2:	10d50513          	addi	a0,a0,269 # 1000d10d <_usbd_driver+0xa9>
100089e6:	8a0fb0ef          	jal	10003a86 <__wrap_printf>
100089ea:	f9042683          	lw	a3,-112(s0)
100089ee:	f8c42603          	lw	a2,-116(s0)
100089f2:	1000d537          	lui	a0,0x1000d
100089f6:	13750513          	addi	a0,a0,311 # 1000d137 <_usbd_driver+0xd3>
100089fa:	88cfb0ef          	jal	10003a86 <__wrap_printf>
100089fe:	f8c42683          	lw	a3,-116(s0)
10008a02:	f9042503          	lw	a0,-112(s0)
10008a06:	00a6e5b3          	or	a1,a3,a0
10008a0a:	0015b593          	seqz	a1,a1
10008a0e:	fff58713          	addi	a4,a1,-1
10008a12:	200035b7          	lui	a1,0x20003
10008a16:	3d858613          	addi	a2,a1,984 # 200033d8 <runtime_sig>
10008a1a:	8e59                	or	a2,a2,a4
10008a1c:	4258                	lw	a4,4(a2)
10008a1e:	4210                	lw	a2,0(a2)
10008a20:	3dc5a603          	lw	a2,988(a1)
10008a24:	9532                	add	a0,a0,a2
10008a26:	3d85a603          	lw	a2,984(a1)
10008a2a:	9636                	add	a2,a2,a3
10008a2c:	00d636b3          	sltu	a3,a2,a3
10008a30:	9536                	add	a0,a0,a3
10008a32:	3cc5ac23          	sw	a2,984(a1)
10008a36:	3ca5ae23          	sw	a0,988(a1)
10008a3a:	3d85a503          	lw	a0,984(a1)
10008a3e:	3dc5a603          	lw	a2,988(a1)
10008a42:	200035b7          	lui	a1,0x20003
10008a46:	24c5aa23          	sw	a2,596(a1) # 20003254 <anb_prev_sig+0x4>
10008a4a:	24a5a823          	sw	a0,592(a1)
10008a4e:	50f6                	lw	ra,124(sp)
10008a50:	5466                	lw	s0,120(sp)
10008a52:	6109                	addi	sp,sp,128
10008a54:	8082                	ret

10008a56 <xtime>:
10008a56:	7119                	addi	sp,sp,-128
10008a58:	de86                	sw	ra,124(sp)
10008a5a:	dca2                	sw	s0,120(sp)
10008a5c:	0100                	addi	s0,sp,128
10008a5e:	fca42023          	sw	a0,-64(s0)
10008a62:	20003537          	lui	a0,0x20003
10008a66:	faa42e23          	sw	a0,-68(s0)
10008a6a:	4681                	li	a3,0
10008a6c:	fcd42c23          	sw	a3,-40(s0)
10008a70:	3cd52e23          	sw	a3,988(a0) # 200033dc <runtime_sig+0x4>
10008a74:	1b4f55b7          	lui	a1,0x1b4f5
10008a78:	d6d58613          	addi	a2,a1,-659 # 1b4f4d6d <XIP_RAM_ORIGIN+0x74f8d6d>
10008a7c:	3cc52c23          	sw	a2,984(a0)
10008a80:	3d850513          	addi	a0,a0,984
10008a84:	faa42a23          	sw	a0,-76(s0)
10008a88:	20003537          	lui	a0,0x20003
10008a8c:	faa42c23          	sw	a0,-72(s0)
10008a90:	24d52a23          	sw	a3,596(a0) # 20003254 <anb_prev_sig+0x4>
10008a94:	24c52823          	sw	a2,592(a0)
10008a98:	1000d537          	lui	a0,0x1000d
10008a9c:	16350513          	addi	a0,a0,355 # 1000d163 <_usbd_driver+0xff>
10008aa0:	fe7fa0ef          	jal	10003a86 <__wrap_printf>
10008aa4:	fbc42603          	lw	a2,-68(s0)
10008aa8:	fd842683          	lw	a3,-40(s0)
10008aac:	fc042503          	lw	a0,-64(s0)
10008ab0:	fea40ba3          	sb	a0,-9(s0)
10008ab4:	ff744583          	lbu	a1,-9(s0)
10008ab8:	8d2d                	xor	a0,a0,a1
10008aba:	00153593          	seqz	a1,a0
10008abe:	3dc62503          	lw	a0,988(a2)
10008ac2:	3d862703          	lw	a4,984(a2)
10008ac6:	95ba                	add	a1,a1,a4
10008ac8:	00e5b733          	sltu	a4,a1,a4
10008acc:	953a                	add	a0,a0,a4
10008ace:	3cb62c23          	sw	a1,984(a2)
10008ad2:	3ca62e23          	sw	a0,988(a2)
10008ad6:	ff744503          	lbu	a0,-9(s0)
10008ada:	ff744583          	lbu	a1,-9(s0)
10008ade:	8da9                	xor	a1,a1,a0
10008ae0:	0015b713          	seqz	a4,a1
10008ae4:	3dc62583          	lw	a1,988(a2)
10008ae8:	3d862783          	lw	a5,984(a2)
10008aec:	973e                	add	a4,a4,a5
10008aee:	00f737b3          	sltu	a5,a4,a5
10008af2:	95be                	add	a1,a1,a5
10008af4:	3ce62c23          	sw	a4,984(a2)
10008af8:	3cb62e23          	sw	a1,988(a2)
10008afc:	0506                	slli	a0,a0,0x1
10008afe:	fca42223          	sw	a0,-60(s0)
10008b02:	ff744503          	lbu	a0,-9(s0)
10008b06:	ff744583          	lbu	a1,-9(s0)
10008b0a:	8da9                	xor	a1,a1,a0
10008b0c:	0015b713          	seqz	a4,a1
10008b10:	3dc62583          	lw	a1,988(a2)
10008b14:	3d862783          	lw	a5,984(a2)
10008b18:	973e                	add	a4,a4,a5
10008b1a:	00f737b3          	sltu	a5,a4,a5
10008b1e:	95be                	add	a1,a1,a5
10008b20:	3ce62c23          	sw	a4,984(a2)
10008b24:	3cb62e23          	sw	a1,988(a2)
10008b28:	811d                	srli	a0,a0,0x7
10008b2a:	3dc62583          	lw	a1,988(a2)
10008b2e:	3d862703          	lw	a4,984(a2)
10008b32:	0705                	addi	a4,a4,1
10008b34:	00173793          	seqz	a5,a4
10008b38:	95be                	add	a1,a1,a5
10008b3a:	3ce62c23          	sw	a4,984(a2)
10008b3e:	3cb62e23          	sw	a1,988(a2)
10008b42:	20a525b3          	sh1add	a1,a0,a0
10008b46:	20b5e5b3          	sh3add	a1,a1,a1
10008b4a:	fcb42423          	sw	a1,-56(s0)
10008b4e:	20a545b3          	sh2add	a1,a0,a0
10008b52:	20a5c5b3          	sh2add	a1,a1,a0
10008b56:	99b23637          	lui	a2,0x99b23
10008b5a:	41960613          	addi	a2,a2,1049 # 99b23419 <__StackTop+0x79aa1419>
10008b5e:	02c50633          	mul	a2,a0,a2
10008b62:	3cf79537          	lui	a0,0x3cf79
10008b66:	25f50513          	addi	a0,a0,607 # 3cf7925f <__StackTop+0x1cef725f>
10008b6a:	9532                	add	a0,a0,a2
10008b6c:	fca42e23          	sw	a0,-36(s0)
10008b70:	00c53633          	sltu	a2,a0,a2
10008b74:	95b2                	add	a1,a1,a2
10008b76:	05cd                	addi	a1,a1,19
10008b78:	feb42023          	sw	a1,-32(s0)
10008b7c:	6639                	lui	a2,0xe
10008b7e:	3d160613          	addi	a2,a2,977 # e3d1 <XIP_RAM_LENGTH+0xa3d1>
10008b82:	fcc42a23          	sw	a2,-44(s0)
10008b86:	0fff8097          	auipc	ra,0xfff8
10008b8a:	2ea080e7          	jalr	746(ra) # 20000e70 <__udivdi3>
10008b8e:	fd442603          	lw	a2,-44(s0)
10008b92:	fd842683          	lw	a3,-40(s0)
10008b96:	0fff8097          	auipc	ra,0xfff8
10008b9a:	5c0080e7          	jalr	1472(ra) # 20001156 <__umoddi3>
10008b9e:	fe042583          	lw	a1,-32(s0)
10008ba2:	fd442603          	lw	a2,-44(s0)
10008ba6:	fd842683          	lw	a3,-40(s0)
10008baa:	872a                	mv	a4,a0
10008bac:	fdc42503          	lw	a0,-36(s0)
10008bb0:	02c707b3          	mul	a5,a4,a2
10008bb4:	fcf42823          	sw	a5,-48(s0)
10008bb8:	02c73733          	mulhu	a4,a4,a2
10008bbc:	fce42623          	sw	a4,-52(s0)
10008bc0:	0fff8097          	auipc	ra,0xfff8
10008bc4:	596080e7          	jalr	1430(ra) # 20001156 <__umoddi3>
10008bc8:	fcc42783          	lw	a5,-52(s0)
10008bcc:	fd042703          	lw	a4,-48(s0)
10008bd0:	fd442603          	lw	a2,-44(s0)
10008bd4:	fd842683          	lw	a3,-40(s0)
10008bd8:	882a                	mv	a6,a0
10008bda:	fdc42503          	lw	a0,-36(s0)
10008bde:	ff042423          	sw	a6,-24(s0)
10008be2:	882e                	mv	a6,a1
10008be4:	fe042583          	lw	a1,-32(s0)
10008be8:	ff042223          	sw	a6,-28(s0)
10008bec:	8d9d                	sub	a1,a1,a5
10008bee:	00e537b3          	sltu	a5,a0,a4
10008bf2:	8d9d                	sub	a1,a1,a5
10008bf4:	8d19                	sub	a0,a0,a4
10008bf6:	0fff8097          	auipc	ra,0xfff8
10008bfa:	27a080e7          	jalr	634(ra) # 20000e70 <__udivdi3>
10008bfe:	fe442683          	lw	a3,-28(s0)
10008c02:	862a                	mv	a2,a0
10008c04:	852e                	mv	a0,a1
10008c06:	fe842583          	lw	a1,-24(s0)
10008c0a:	95b2                	add	a1,a1,a2
10008c0c:	00c5b633          	sltu	a2,a1,a2
10008c10:	9536                	add	a0,a0,a3
10008c12:	00c506b3          	add	a3,a0,a2
10008c16:	589a2537          	lui	a0,0x589a2
10008c1a:	fc550513          	addi	a0,a0,-59 # 589a1fc5 <__StackTop+0x3891ffc5>
10008c1e:	02a58733          	mul	a4,a1,a0
10008c22:	6d305537          	lui	a0,0x6d305
10008c26:	53150613          	addi	a2,a0,1329 # 6d305531 <__StackTop+0x4d283531>
10008c2a:	02c5b533          	mulhu	a0,a1,a2
10008c2e:	953a                	add	a0,a0,a4
10008c30:	02c686b3          	mul	a3,a3,a2
10008c34:	9536                	add	a0,a0,a3
10008c36:	02c585b3          	mul	a1,a1,a2
10008c3a:	3c491637          	lui	a2,0x3c491
10008c3e:	f0f60613          	addi	a2,a2,-241 # 3c490f0f <__StackTop+0x1c40ef0f>
10008c42:	962e                	add	a2,a2,a1
10008c44:	00b635b3          	sltu	a1,a2,a1
10008c48:	952e                	add	a0,a0,a1
10008c4a:	3105a5b7          	lui	a1,0x3105a
10008c4e:	d3a58593          	addi	a1,a1,-710 # 31059d3a <__StackTop+0x10fd7d3a>
10008c52:	952e                	add	a0,a0,a1
10008c54:	65c9                	lui	a1,0x12
10008c56:	fab58593          	addi	a1,a1,-85 # 11fab <XIP_RAM_LENGTH+0xdfab>
10008c5a:	00b536b3          	sltu	a3,a0,a1
10008c5e:	fed42623          	sw	a3,-20(s0)
10008c62:	94c5f6b7          	lui	a3,0x94c5f
10008c66:	76868693          	addi	a3,a3,1896 # 94c5f768 <__StackTop+0x74bdd768>
10008c6a:	00d63633          	sltu	a2,a2,a3
10008c6e:	fec42823          	sw	a2,-16(s0)
10008c72:	00b50663          	beq	a0,a1,10008c7e <xtime+0x228>
10008c76:	fec42503          	lw	a0,-20(s0)
10008c7a:	fea42823          	sw	a0,-16(s0)
10008c7e:	fbc42503          	lw	a0,-68(s0)
10008c82:	ff042583          	lw	a1,-16(s0)
10008c86:	f8b42623          	sw	a1,-116(s0)
10008c8a:	3dc52683          	lw	a3,988(a0)
10008c8e:	f8d42a23          	sw	a3,-108(s0)
10008c92:	3d852603          	lw	a2,984(a0)
10008c96:	f8c42823          	sw	a2,-112(s0)
10008c9a:	1000d537          	lui	a0,0x1000d
10008c9e:	26050513          	addi	a0,a0,608 # 1000d260 <_usbd_driver+0x1fc>
10008ca2:	de5fa0ef          	jal	10003a86 <__wrap_printf>
10008ca6:	f8c42603          	lw	a2,-116(s0)
10008caa:	f9042683          	lw	a3,-112(s0)
10008cae:	f9442583          	lw	a1,-108(s0)
10008cb2:	fbc42503          	lw	a0,-68(s0)
10008cb6:	9636                	add	a2,a2,a3
10008cb8:	00d636b3          	sltu	a3,a2,a3
10008cbc:	96ae                	add	a3,a3,a1
10008cbe:	3cc52c23          	sw	a2,984(a0)
10008cc2:	3cd52e23          	sw	a3,988(a0)
10008cc6:	1000d537          	lui	a0,0x1000d
10008cca:	28b50513          	addi	a0,a0,651 # 1000d28b <_usbd_driver+0x227>
10008cce:	db9fa0ef          	jal	10003a86 <__wrap_printf>
10008cd2:	fc842683          	lw	a3,-56(s0)
10008cd6:	fc442603          	lw	a2,-60(s0)
10008cda:	fb842583          	lw	a1,-72(s0)
10008cde:	fbc42503          	lw	a0,-68(s0)
10008ce2:	8e35                	xor	a2,a2,a3
10008ce4:	fac42823          	sw	a2,-80(s0)
10008ce8:	3dc52603          	lw	a2,988(a0)
10008cec:	3d852683          	lw	a3,984(a0)
10008cf0:	0685                	addi	a3,a3,1
10008cf2:	0016b713          	seqz	a4,a3
10008cf6:	963a                	add	a2,a2,a4
10008cf8:	3cd52c23          	sw	a3,984(a0)
10008cfc:	3cc52e23          	sw	a2,988(a0)
10008d00:	2545a683          	lw	a3,596(a1)
10008d04:	f8d42c23          	sw	a3,-104(s0)
10008d08:	2505a603          	lw	a2,592(a1)
10008d0c:	f8c42e23          	sw	a2,-100(s0)
10008d10:	3dc52583          	lw	a1,988(a0)
10008d14:	fab42623          	sw	a1,-84(s0)
10008d18:	3d852503          	lw	a0,984(a0)
10008d1c:	faa42423          	sw	a0,-88(s0)
10008d20:	1000d537          	lui	a0,0x1000d
10008d24:	18750513          	addi	a0,a0,391 # 1000d187 <_usbd_driver+0x123>
10008d28:	d5ffa0ef          	jal	10003a86 <__wrap_printf>
10008d2c:	fa842603          	lw	a2,-88(s0)
10008d30:	fac42683          	lw	a3,-84(s0)
10008d34:	1000d537          	lui	a0,0x1000d
10008d38:	1af50513          	addi	a0,a0,431 # 1000d1af <_usbd_driver+0x14b>
10008d3c:	d4bfa0ef          	jal	10003a86 <__wrap_printf>
10008d40:	f9842703          	lw	a4,-104(s0)
10008d44:	f9c42583          	lw	a1,-100(s0)
10008d48:	fac42603          	lw	a2,-84(s0)
10008d4c:	fa842503          	lw	a0,-88(s0)
10008d50:	00b536b3          	sltu	a3,a0,a1
10008d54:	8e19                	sub	a2,a2,a4
10008d56:	40d606b3          	sub	a3,a2,a3
10008d5a:	fad42223          	sw	a3,-92(s0)
10008d5e:	40b50633          	sub	a2,a0,a1
10008d62:	fac42023          	sw	a2,-96(s0)
10008d66:	1000d537          	lui	a0,0x1000d
10008d6a:	1dc50513          	addi	a0,a0,476 # 1000d1dc <_usbd_driver+0x178>
10008d6e:	d19fa0ef          	jal	10003a86 <__wrap_printf>
10008d72:	fd842683          	lw	a3,-40(s0)
10008d76:	1000d537          	lui	a0,0x1000d
10008d7a:	20350513          	addi	a0,a0,515 # 1000d203 <_usbd_driver+0x19f>
10008d7e:	4619                	li	a2,6
10008d80:	d07fa0ef          	jal	10003a86 <__wrap_printf>
10008d84:	fa042703          	lw	a4,-96(s0)
10008d88:	fa442783          	lw	a5,-92(s0)
10008d8c:	fb442583          	lw	a1,-76(s0)
10008d90:	fa842603          	lw	a2,-88(s0)
10008d94:	fac42683          	lw	a3,-84(s0)
10008d98:	fbc42503          	lw	a0,-68(s0)
10008d9c:	00674713          	xori	a4,a4,6
10008da0:	8f5d                	or	a4,a4,a5
10008da2:	00173713          	seqz	a4,a4
10008da6:	177d                	addi	a4,a4,-1
10008da8:	8dd9                	or	a1,a1,a4
10008daa:	41d8                	lw	a4,4(a1)
10008dac:	418c                	lw	a1,0(a1)
10008dae:	3cd52e23          	sw	a3,988(a0)
10008db2:	3cc52c23          	sw	a2,984(a0)
10008db6:	1000d537          	lui	a0,0x1000d
10008dba:	22b50513          	addi	a0,a0,555 # 1000d22b <_usbd_driver+0x1c7>
10008dbe:	cc9fa0ef          	jal	10003a86 <__wrap_printf>
10008dc2:	fbc42683          	lw	a3,-68(s0)
10008dc6:	fb842603          	lw	a2,-72(s0)
10008dca:	fb042503          	lw	a0,-80(s0)
10008dce:	3d86a583          	lw	a1,984(a3)
10008dd2:	3dc6a683          	lw	a3,988(a3)
10008dd6:	24d62a23          	sw	a3,596(a2)
10008dda:	24b62823          	sw	a1,592(a2)
10008dde:	0ff57513          	zext.b	a0,a0
10008de2:	50f6                	lw	ra,124(sp)
10008de4:	5466                	lw	s0,120(sp)
10008de6:	6109                	addi	sp,sp,128
10008de8:	8082                	ret

10008dea <ShiftRows>:
10008dea:	7139                	addi	sp,sp,-64
10008dec:	de06                	sw	ra,60(sp)
10008dee:	dc22                	sw	s0,56(sp)
10008df0:	0080                	addi	s0,sp,64
10008df2:	fca42223          	sw	a0,-60(s0)
10008df6:	20003537          	lui	a0,0x20003
10008dfa:	fea42423          	sw	a0,-24(s0)
10008dfe:	4681                	li	a3,0
10008e00:	fcd42823          	sw	a3,-48(s0)
10008e04:	3cd52e23          	sw	a3,988(a0) # 200033dc <runtime_sig+0x4>
10008e08:	754755b7          	lui	a1,0x75475
10008e0c:	1f758613          	addi	a2,a1,503 # 754751f7 <__StackTop+0x553f31f7>
10008e10:	3cc52c23          	sw	a2,984(a0)
10008e14:	3d850513          	addi	a0,a0,984
10008e18:	fca42e23          	sw	a0,-36(s0)
10008e1c:	20003537          	lui	a0,0x20003
10008e20:	fea42623          	sw	a0,-20(s0)
10008e24:	24d52a23          	sw	a3,596(a0) # 20003254 <anb_prev_sig+0x4>
10008e28:	24c52823          	sw	a2,592(a0)
10008e2c:	1000d537          	lui	a0,0x1000d
10008e30:	16350513          	addi	a0,a0,355 # 1000d163 <_usbd_driver+0xff>
10008e34:	c53fa0ef          	jal	10003a86 <__wrap_printf>
10008e38:	fc442603          	lw	a2,-60(s0)
10008e3c:	fec42583          	lw	a1,-20(s0)
10008e40:	fe842503          	lw	a0,-24(s0)
10008e44:	fec42a23          	sw	a2,-12(s0)
10008e48:	ff442683          	lw	a3,-12(s0)
10008e4c:	0016c603          	lbu	a2,1(a3)
10008e50:	0016c683          	lbu	a3,1(a3)
10008e54:	8eb1                	xor	a3,a3,a2
10008e56:	0016b713          	seqz	a4,a3
10008e5a:	3dc52683          	lw	a3,988(a0)
10008e5e:	3d852783          	lw	a5,984(a0)
10008e62:	973e                	add	a4,a4,a5
10008e64:	00f737b3          	sltu	a5,a4,a5
10008e68:	96be                	add	a3,a3,a5
10008e6a:	3ce52c23          	sw	a4,984(a0)
10008e6e:	3cd52e23          	sw	a3,988(a0)
10008e72:	fec409a3          	sb	a2,-13(s0)
10008e76:	ff344683          	lbu	a3,-13(s0)
10008e7a:	8e35                	xor	a2,a2,a3
10008e7c:	00163693          	seqz	a3,a2
10008e80:	3dc52603          	lw	a2,988(a0)
10008e84:	3d852703          	lw	a4,984(a0)
10008e88:	96ba                	add	a3,a3,a4
10008e8a:	00e6b733          	sltu	a4,a3,a4
10008e8e:	963a                	add	a2,a2,a4
10008e90:	3cd52c23          	sw	a3,984(a0)
10008e94:	3cc52e23          	sw	a2,988(a0)
10008e98:	ff442683          	lw	a3,-12(s0)
10008e9c:	0056c603          	lbu	a2,5(a3)
10008ea0:	0056c683          	lbu	a3,5(a3)
10008ea4:	8eb1                	xor	a3,a3,a2
10008ea6:	0016b713          	seqz	a4,a3
10008eaa:	3dc52683          	lw	a3,988(a0)
10008eae:	3d852783          	lw	a5,984(a0)
10008eb2:	973e                	add	a4,a4,a5
10008eb4:	00f737b3          	sltu	a5,a4,a5
10008eb8:	96be                	add	a3,a3,a5
10008eba:	3ce52c23          	sw	a4,984(a0)
10008ebe:	3cd52e23          	sw	a3,988(a0)
10008ec2:	ff442683          	lw	a3,-12(s0)
10008ec6:	00c680a3          	sb	a2,1(a3)
10008eca:	0016c683          	lbu	a3,1(a3)
10008ece:	8e35                	xor	a2,a2,a3
10008ed0:	00163693          	seqz	a3,a2
10008ed4:	3dc52603          	lw	a2,988(a0)
10008ed8:	3d852703          	lw	a4,984(a0)
10008edc:	96ba                	add	a3,a3,a4
10008ede:	00e6b733          	sltu	a4,a3,a4
10008ee2:	963a                	add	a2,a2,a4
10008ee4:	3cd52c23          	sw	a3,984(a0)
10008ee8:	3cc52e23          	sw	a2,988(a0)
10008eec:	ff442683          	lw	a3,-12(s0)
10008ef0:	0096c603          	lbu	a2,9(a3)
10008ef4:	0096c683          	lbu	a3,9(a3)
10008ef8:	8eb1                	xor	a3,a3,a2
10008efa:	0016b713          	seqz	a4,a3
10008efe:	3dc52683          	lw	a3,988(a0)
10008f02:	3d852783          	lw	a5,984(a0)
10008f06:	973e                	add	a4,a4,a5
10008f08:	00f737b3          	sltu	a5,a4,a5
10008f0c:	96be                	add	a3,a3,a5
10008f0e:	3ce52c23          	sw	a4,984(a0)
10008f12:	3cd52e23          	sw	a3,988(a0)
10008f16:	ff442683          	lw	a3,-12(s0)
10008f1a:	00c682a3          	sb	a2,5(a3)
10008f1e:	0056c683          	lbu	a3,5(a3)
10008f22:	8e35                	xor	a2,a2,a3
10008f24:	00163693          	seqz	a3,a2
10008f28:	3dc52603          	lw	a2,988(a0)
10008f2c:	3d852703          	lw	a4,984(a0)
10008f30:	96ba                	add	a3,a3,a4
10008f32:	00e6b733          	sltu	a4,a3,a4
10008f36:	963a                	add	a2,a2,a4
10008f38:	3cd52c23          	sw	a3,984(a0)
10008f3c:	3cc52e23          	sw	a2,988(a0)
10008f40:	ff442683          	lw	a3,-12(s0)
10008f44:	00d6c603          	lbu	a2,13(a3)
10008f48:	00d6c683          	lbu	a3,13(a3)
10008f4c:	8eb1                	xor	a3,a3,a2
10008f4e:	0016b713          	seqz	a4,a3
10008f52:	3dc52683          	lw	a3,988(a0)
10008f56:	3d852783          	lw	a5,984(a0)
10008f5a:	973e                	add	a4,a4,a5
10008f5c:	00f737b3          	sltu	a5,a4,a5
10008f60:	96be                	add	a3,a3,a5
10008f62:	3ce52c23          	sw	a4,984(a0)
10008f66:	3cd52e23          	sw	a3,988(a0)
10008f6a:	ff442683          	lw	a3,-12(s0)
10008f6e:	00c684a3          	sb	a2,9(a3)
10008f72:	0096c683          	lbu	a3,9(a3)
10008f76:	8e35                	xor	a2,a2,a3
10008f78:	00163693          	seqz	a3,a2
10008f7c:	3dc52603          	lw	a2,988(a0)
10008f80:	3d852703          	lw	a4,984(a0)
10008f84:	96ba                	add	a3,a3,a4
10008f86:	00e6b733          	sltu	a4,a3,a4
10008f8a:	963a                	add	a2,a2,a4
10008f8c:	3cd52c23          	sw	a3,984(a0)
10008f90:	3cc52e23          	sw	a2,988(a0)
10008f94:	ff344603          	lbu	a2,-13(s0)
10008f98:	ff344683          	lbu	a3,-13(s0)
10008f9c:	8eb1                	xor	a3,a3,a2
10008f9e:	0016b713          	seqz	a4,a3
10008fa2:	3dc52683          	lw	a3,988(a0)
10008fa6:	3d852783          	lw	a5,984(a0)
10008faa:	973e                	add	a4,a4,a5
10008fac:	00f737b3          	sltu	a5,a4,a5
10008fb0:	96be                	add	a3,a3,a5
10008fb2:	3ce52c23          	sw	a4,984(a0)
10008fb6:	3cd52e23          	sw	a3,988(a0)
10008fba:	ff442683          	lw	a3,-12(s0)
10008fbe:	00c686a3          	sb	a2,13(a3)
10008fc2:	00d6c683          	lbu	a3,13(a3)
10008fc6:	8e35                	xor	a2,a2,a3
10008fc8:	00163693          	seqz	a3,a2
10008fcc:	3dc52603          	lw	a2,988(a0)
10008fd0:	3d852703          	lw	a4,984(a0)
10008fd4:	96ba                	add	a3,a3,a4
10008fd6:	00e6b733          	sltu	a4,a3,a4
10008fda:	963a                	add	a2,a2,a4
10008fdc:	3cd52c23          	sw	a3,984(a0)
10008fe0:	3cc52e23          	sw	a2,988(a0)
10008fe4:	ff442683          	lw	a3,-12(s0)
10008fe8:	0026c603          	lbu	a2,2(a3)
10008fec:	0026c683          	lbu	a3,2(a3)
10008ff0:	8eb1                	xor	a3,a3,a2
10008ff2:	0016b713          	seqz	a4,a3
10008ff6:	3dc52683          	lw	a3,988(a0)
10008ffa:	3d852783          	lw	a5,984(a0)
10008ffe:	973e                	add	a4,a4,a5
10009000:	00f737b3          	sltu	a5,a4,a5
10009004:	96be                	add	a3,a3,a5
10009006:	3ce52c23          	sw	a4,984(a0)
1000900a:	3cd52e23          	sw	a3,988(a0)
1000900e:	fec409a3          	sb	a2,-13(s0)
10009012:	ff344683          	lbu	a3,-13(s0)
10009016:	8e35                	xor	a2,a2,a3
10009018:	00163693          	seqz	a3,a2
1000901c:	3dc52603          	lw	a2,988(a0)
10009020:	3d852703          	lw	a4,984(a0)
10009024:	96ba                	add	a3,a3,a4
10009026:	00e6b733          	sltu	a4,a3,a4
1000902a:	963a                	add	a2,a2,a4
1000902c:	3cd52c23          	sw	a3,984(a0)
10009030:	3cc52e23          	sw	a2,988(a0)
10009034:	ff442683          	lw	a3,-12(s0)
10009038:	00a6c603          	lbu	a2,10(a3)
1000903c:	00a6c683          	lbu	a3,10(a3)
10009040:	8eb1                	xor	a3,a3,a2
10009042:	0016b713          	seqz	a4,a3
10009046:	3dc52683          	lw	a3,988(a0)
1000904a:	3d852783          	lw	a5,984(a0)
1000904e:	973e                	add	a4,a4,a5
10009050:	00f737b3          	sltu	a5,a4,a5
10009054:	96be                	add	a3,a3,a5
10009056:	3ce52c23          	sw	a4,984(a0)
1000905a:	3cd52e23          	sw	a3,988(a0)
1000905e:	ff442683          	lw	a3,-12(s0)
10009062:	00c68123          	sb	a2,2(a3)
10009066:	0026c683          	lbu	a3,2(a3)
1000906a:	8e35                	xor	a2,a2,a3
1000906c:	00163693          	seqz	a3,a2
10009070:	3dc52603          	lw	a2,988(a0)
10009074:	3d852703          	lw	a4,984(a0)
10009078:	96ba                	add	a3,a3,a4
1000907a:	00e6b733          	sltu	a4,a3,a4
1000907e:	963a                	add	a2,a2,a4
10009080:	3cd52c23          	sw	a3,984(a0)
10009084:	3cc52e23          	sw	a2,988(a0)
10009088:	ff344603          	lbu	a2,-13(s0)
1000908c:	ff344683          	lbu	a3,-13(s0)
10009090:	8eb1                	xor	a3,a3,a2
10009092:	0016b713          	seqz	a4,a3
10009096:	3dc52683          	lw	a3,988(a0)
1000909a:	3d852783          	lw	a5,984(a0)
1000909e:	973e                	add	a4,a4,a5
100090a0:	00f737b3          	sltu	a5,a4,a5
100090a4:	96be                	add	a3,a3,a5
100090a6:	3ce52c23          	sw	a4,984(a0)
100090aa:	3cd52e23          	sw	a3,988(a0)
100090ae:	ff442683          	lw	a3,-12(s0)
100090b2:	00c68523          	sb	a2,10(a3)
100090b6:	00a6c683          	lbu	a3,10(a3)
100090ba:	8e35                	xor	a2,a2,a3
100090bc:	00163693          	seqz	a3,a2
100090c0:	3dc52603          	lw	a2,988(a0)
100090c4:	3d852703          	lw	a4,984(a0)
100090c8:	96ba                	add	a3,a3,a4
100090ca:	00e6b733          	sltu	a4,a3,a4
100090ce:	963a                	add	a2,a2,a4
100090d0:	3cd52c23          	sw	a3,984(a0)
100090d4:	3cc52e23          	sw	a2,988(a0)
100090d8:	ff442683          	lw	a3,-12(s0)
100090dc:	0066c603          	lbu	a2,6(a3)
100090e0:	0066c683          	lbu	a3,6(a3)
100090e4:	8eb1                	xor	a3,a3,a2
100090e6:	0016b713          	seqz	a4,a3
100090ea:	3dc52683          	lw	a3,988(a0)
100090ee:	3d852783          	lw	a5,984(a0)
100090f2:	973e                	add	a4,a4,a5
100090f4:	00f737b3          	sltu	a5,a4,a5
100090f8:	96be                	add	a3,a3,a5
100090fa:	3ce52c23          	sw	a4,984(a0)
100090fe:	3cd52e23          	sw	a3,988(a0)
10009102:	fec409a3          	sb	a2,-13(s0)
10009106:	ff344683          	lbu	a3,-13(s0)
1000910a:	8e35                	xor	a2,a2,a3
1000910c:	00163693          	seqz	a3,a2
10009110:	3dc52603          	lw	a2,988(a0)
10009114:	3d852703          	lw	a4,984(a0)
10009118:	96ba                	add	a3,a3,a4
1000911a:	00e6b733          	sltu	a4,a3,a4
1000911e:	963a                	add	a2,a2,a4
10009120:	3cd52c23          	sw	a3,984(a0)
10009124:	3cc52e23          	sw	a2,988(a0)
10009128:	ff442683          	lw	a3,-12(s0)
1000912c:	00e6c603          	lbu	a2,14(a3)
10009130:	00e6c683          	lbu	a3,14(a3)
10009134:	8eb1                	xor	a3,a3,a2
10009136:	0016b713          	seqz	a4,a3
1000913a:	3dc52683          	lw	a3,988(a0)
1000913e:	3d852783          	lw	a5,984(a0)
10009142:	973e                	add	a4,a4,a5
10009144:	00f737b3          	sltu	a5,a4,a5
10009148:	96be                	add	a3,a3,a5
1000914a:	3ce52c23          	sw	a4,984(a0)
1000914e:	3cd52e23          	sw	a3,988(a0)
10009152:	ff442683          	lw	a3,-12(s0)
10009156:	00c68323          	sb	a2,6(a3)
1000915a:	0066c683          	lbu	a3,6(a3)
1000915e:	8e35                	xor	a2,a2,a3
10009160:	00163693          	seqz	a3,a2
10009164:	3dc52603          	lw	a2,988(a0)
10009168:	3d852703          	lw	a4,984(a0)
1000916c:	96ba                	add	a3,a3,a4
1000916e:	00e6b733          	sltu	a4,a3,a4
10009172:	963a                	add	a2,a2,a4
10009174:	3cd52c23          	sw	a3,984(a0)
10009178:	3cc52e23          	sw	a2,988(a0)
1000917c:	ff344603          	lbu	a2,-13(s0)
10009180:	ff344683          	lbu	a3,-13(s0)
10009184:	8eb1                	xor	a3,a3,a2
10009186:	0016b713          	seqz	a4,a3
1000918a:	3dc52683          	lw	a3,988(a0)
1000918e:	3d852783          	lw	a5,984(a0)
10009192:	973e                	add	a4,a4,a5
10009194:	00f737b3          	sltu	a5,a4,a5
10009198:	96be                	add	a3,a3,a5
1000919a:	3ce52c23          	sw	a4,984(a0)
1000919e:	3cd52e23          	sw	a3,988(a0)
100091a2:	ff442683          	lw	a3,-12(s0)
100091a6:	00c68723          	sb	a2,14(a3)
100091aa:	00e6c683          	lbu	a3,14(a3)
100091ae:	8e35                	xor	a2,a2,a3
100091b0:	00163693          	seqz	a3,a2
100091b4:	3dc52603          	lw	a2,988(a0)
100091b8:	3d852703          	lw	a4,984(a0)
100091bc:	96ba                	add	a3,a3,a4
100091be:	00e6b733          	sltu	a4,a3,a4
100091c2:	963a                	add	a2,a2,a4
100091c4:	3cd52c23          	sw	a3,984(a0)
100091c8:	3cc52e23          	sw	a2,988(a0)
100091cc:	ff442683          	lw	a3,-12(s0)
100091d0:	0036c603          	lbu	a2,3(a3)
100091d4:	0036c683          	lbu	a3,3(a3)
100091d8:	8eb1                	xor	a3,a3,a2
100091da:	0016b713          	seqz	a4,a3
100091de:	3dc52683          	lw	a3,988(a0)
100091e2:	3d852783          	lw	a5,984(a0)
100091e6:	973e                	add	a4,a4,a5
100091e8:	00f737b3          	sltu	a5,a4,a5
100091ec:	96be                	add	a3,a3,a5
100091ee:	3ce52c23          	sw	a4,984(a0)
100091f2:	3cd52e23          	sw	a3,988(a0)
100091f6:	fec409a3          	sb	a2,-13(s0)
100091fa:	ff344683          	lbu	a3,-13(s0)
100091fe:	8e35                	xor	a2,a2,a3
10009200:	00163693          	seqz	a3,a2
10009204:	3dc52603          	lw	a2,988(a0)
10009208:	3d852703          	lw	a4,984(a0)
1000920c:	96ba                	add	a3,a3,a4
1000920e:	00e6b733          	sltu	a4,a3,a4
10009212:	963a                	add	a2,a2,a4
10009214:	3cd52c23          	sw	a3,984(a0)
10009218:	3cc52e23          	sw	a2,988(a0)
1000921c:	ff442683          	lw	a3,-12(s0)
10009220:	00f6c603          	lbu	a2,15(a3)
10009224:	00f6c683          	lbu	a3,15(a3)
10009228:	8eb1                	xor	a3,a3,a2
1000922a:	0016b713          	seqz	a4,a3
1000922e:	3dc52683          	lw	a3,988(a0)
10009232:	3d852783          	lw	a5,984(a0)
10009236:	973e                	add	a4,a4,a5
10009238:	00f737b3          	sltu	a5,a4,a5
1000923c:	96be                	add	a3,a3,a5
1000923e:	3ce52c23          	sw	a4,984(a0)
10009242:	3cd52e23          	sw	a3,988(a0)
10009246:	ff442683          	lw	a3,-12(s0)
1000924a:	00c681a3          	sb	a2,3(a3)
1000924e:	0036c683          	lbu	a3,3(a3)
10009252:	8e35                	xor	a2,a2,a3
10009254:	00163693          	seqz	a3,a2
10009258:	3dc52603          	lw	a2,988(a0)
1000925c:	3d852703          	lw	a4,984(a0)
10009260:	96ba                	add	a3,a3,a4
10009262:	00e6b733          	sltu	a4,a3,a4
10009266:	963a                	add	a2,a2,a4
10009268:	3cd52c23          	sw	a3,984(a0)
1000926c:	3cc52e23          	sw	a2,988(a0)
10009270:	ff442683          	lw	a3,-12(s0)
10009274:	00b6c603          	lbu	a2,11(a3)
10009278:	00b6c683          	lbu	a3,11(a3)
1000927c:	8eb1                	xor	a3,a3,a2
1000927e:	0016b713          	seqz	a4,a3
10009282:	3dc52683          	lw	a3,988(a0)
10009286:	3d852783          	lw	a5,984(a0)
1000928a:	973e                	add	a4,a4,a5
1000928c:	00f737b3          	sltu	a5,a4,a5
10009290:	96be                	add	a3,a3,a5
10009292:	3ce52c23          	sw	a4,984(a0)
10009296:	3cd52e23          	sw	a3,988(a0)
1000929a:	ff442683          	lw	a3,-12(s0)
1000929e:	00c687a3          	sb	a2,15(a3)
100092a2:	00f6c683          	lbu	a3,15(a3)
100092a6:	8e35                	xor	a2,a2,a3
100092a8:	00163693          	seqz	a3,a2
100092ac:	3dc52603          	lw	a2,988(a0)
100092b0:	3d852703          	lw	a4,984(a0)
100092b4:	96ba                	add	a3,a3,a4
100092b6:	00e6b733          	sltu	a4,a3,a4
100092ba:	963a                	add	a2,a2,a4
100092bc:	3cd52c23          	sw	a3,984(a0)
100092c0:	3cc52e23          	sw	a2,988(a0)
100092c4:	ff442683          	lw	a3,-12(s0)
100092c8:	0076c603          	lbu	a2,7(a3)
100092cc:	0076c683          	lbu	a3,7(a3)
100092d0:	8eb1                	xor	a3,a3,a2
100092d2:	0016b713          	seqz	a4,a3
100092d6:	3dc52683          	lw	a3,988(a0)
100092da:	3d852783          	lw	a5,984(a0)
100092de:	973e                	add	a4,a4,a5
100092e0:	00f737b3          	sltu	a5,a4,a5
100092e4:	96be                	add	a3,a3,a5
100092e6:	3ce52c23          	sw	a4,984(a0)
100092ea:	3cd52e23          	sw	a3,988(a0)
100092ee:	ff442683          	lw	a3,-12(s0)
100092f2:	00c685a3          	sb	a2,11(a3)
100092f6:	00b6c683          	lbu	a3,11(a3)
100092fa:	8e35                	xor	a2,a2,a3
100092fc:	00163693          	seqz	a3,a2
10009300:	3dc52603          	lw	a2,988(a0)
10009304:	3d852703          	lw	a4,984(a0)
10009308:	96ba                	add	a3,a3,a4
1000930a:	00e6b733          	sltu	a4,a3,a4
1000930e:	963a                	add	a2,a2,a4
10009310:	3cd52c23          	sw	a3,984(a0)
10009314:	3cc52e23          	sw	a2,988(a0)
10009318:	ff344603          	lbu	a2,-13(s0)
1000931c:	ff344683          	lbu	a3,-13(s0)
10009320:	8eb1                	xor	a3,a3,a2
10009322:	0016b713          	seqz	a4,a3
10009326:	3dc52683          	lw	a3,988(a0)
1000932a:	3d852783          	lw	a5,984(a0)
1000932e:	973e                	add	a4,a4,a5
10009330:	00f737b3          	sltu	a5,a4,a5
10009334:	96be                	add	a3,a3,a5
10009336:	3ce52c23          	sw	a4,984(a0)
1000933a:	3cd52e23          	sw	a3,988(a0)
1000933e:	ff442683          	lw	a3,-12(s0)
10009342:	00c683a3          	sb	a2,7(a3)
10009346:	0076c683          	lbu	a3,7(a3)
1000934a:	8e35                	xor	a2,a2,a3
1000934c:	00163693          	seqz	a3,a2
10009350:	3dc52603          	lw	a2,988(a0)
10009354:	3d852703          	lw	a4,984(a0)
10009358:	96ba                	add	a3,a3,a4
1000935a:	00e6b733          	sltu	a4,a3,a4
1000935e:	963a                	add	a2,a2,a4
10009360:	3cd52c23          	sw	a3,984(a0)
10009364:	3cc52e23          	sw	a2,988(a0)
10009368:	2545a683          	lw	a3,596(a1)
1000936c:	fcd42423          	sw	a3,-56(s0)
10009370:	2505a603          	lw	a2,592(a1)
10009374:	fcc42623          	sw	a2,-52(s0)
10009378:	3dc52583          	lw	a1,988(a0)
1000937c:	feb42223          	sw	a1,-28(s0)
10009380:	3d852503          	lw	a0,984(a0)
10009384:	fea42023          	sw	a0,-32(s0)
10009388:	1000d537          	lui	a0,0x1000d
1000938c:	18750513          	addi	a0,a0,391 # 1000d187 <_usbd_driver+0x123>
10009390:	ef6fa0ef          	jal	10003a86 <__wrap_printf>
10009394:	fe042603          	lw	a2,-32(s0)
10009398:	fe442683          	lw	a3,-28(s0)
1000939c:	1000d537          	lui	a0,0x1000d
100093a0:	1af50513          	addi	a0,a0,431 # 1000d1af <_usbd_driver+0x14b>
100093a4:	ee2fa0ef          	jal	10003a86 <__wrap_printf>
100093a8:	fc842703          	lw	a4,-56(s0)
100093ac:	fcc42583          	lw	a1,-52(s0)
100093b0:	fe442603          	lw	a2,-28(s0)
100093b4:	fe042503          	lw	a0,-32(s0)
100093b8:	00b536b3          	sltu	a3,a0,a1
100093bc:	8e19                	sub	a2,a2,a4
100093be:	40d606b3          	sub	a3,a2,a3
100093c2:	fcd42c23          	sw	a3,-40(s0)
100093c6:	40b50633          	sub	a2,a0,a1
100093ca:	fcc42a23          	sw	a2,-44(s0)
100093ce:	1000d537          	lui	a0,0x1000d
100093d2:	1dc50513          	addi	a0,a0,476 # 1000d1dc <_usbd_driver+0x178>
100093d6:	eb0fa0ef          	jal	10003a86 <__wrap_printf>
100093da:	fd042683          	lw	a3,-48(s0)
100093de:	1000d537          	lui	a0,0x1000d
100093e2:	20350513          	addi	a0,a0,515 # 1000d203 <_usbd_driver+0x19f>
100093e6:	02000613          	li	a2,32
100093ea:	e9cfa0ef          	jal	10003a86 <__wrap_printf>
100093ee:	fd442703          	lw	a4,-44(s0)
100093f2:	fd842783          	lw	a5,-40(s0)
100093f6:	fdc42583          	lw	a1,-36(s0)
100093fa:	fe042603          	lw	a2,-32(s0)
100093fe:	fe442683          	lw	a3,-28(s0)
10009402:	fe842503          	lw	a0,-24(s0)
10009406:	02074713          	xori	a4,a4,32
1000940a:	8f5d                	or	a4,a4,a5
1000940c:	00173713          	seqz	a4,a4
10009410:	177d                	addi	a4,a4,-1
10009412:	8dd9                	or	a1,a1,a4
10009414:	41d8                	lw	a4,4(a1)
10009416:	418c                	lw	a1,0(a1)
10009418:	3cd52e23          	sw	a3,988(a0)
1000941c:	3cc52c23          	sw	a2,984(a0)
10009420:	1000d537          	lui	a0,0x1000d
10009424:	22b50513          	addi	a0,a0,555 # 1000d22b <_usbd_driver+0x1c7>
10009428:	e5efa0ef          	jal	10003a86 <__wrap_printf>
1000942c:	fe842603          	lw	a2,-24(s0)
10009430:	fec42583          	lw	a1,-20(s0)
10009434:	3d862503          	lw	a0,984(a2)
10009438:	3dc62603          	lw	a2,988(a2)
1000943c:	24c5aa23          	sw	a2,596(a1)
10009440:	24a5a823          	sw	a0,592(a1)
10009444:	50f2                	lw	ra,60(sp)
10009446:	5462                	lw	s0,56(sp)
10009448:	6121                	addi	sp,sp,64
1000944a:	8082                	ret

1000944c <AES_init_ctx>:
1000944c:	1101                	addi	sp,sp,-32
1000944e:	ce06                	sw	ra,28(sp)
10009450:	cc22                	sw	s0,24(sp)
10009452:	1000                	addi	s0,sp,32
10009454:	feb42023          	sw	a1,-32(s0)
10009458:	fea42223          	sw	a0,-28(s0)
1000945c:	20003537          	lui	a0,0x20003
10009460:	fea42423          	sw	a0,-24(s0)
10009464:	4681                	li	a3,0
10009466:	3cd52e23          	sw	a3,988(a0) # 200033dc <runtime_sig+0x4>
1000946a:	4c56d5b7          	lui	a1,0x4c56d
1000946e:	a8158613          	addi	a2,a1,-1407 # 4c56ca81 <__StackTop+0x2c4eaa81>
10009472:	3cc52c23          	sw	a2,984(a0)
10009476:	20003537          	lui	a0,0x20003
1000947a:	fea42623          	sw	a0,-20(s0)
1000947e:	24d52a23          	sw	a3,596(a0) # 20003254 <anb_prev_sig+0x4>
10009482:	24c52823          	sw	a2,592(a0)
10009486:	1000d537          	lui	a0,0x1000d
1000948a:	16350513          	addi	a0,a0,355 # 1000d163 <_usbd_driver+0xff>
1000948e:	df8fa0ef          	jal	10003a86 <__wrap_printf>
10009492:	fe042583          	lw	a1,-32(s0)
10009496:	fe442503          	lw	a0,-28(s0)
1000949a:	fea42a23          	sw	a0,-12(s0)
1000949e:	feb42823          	sw	a1,-16(s0)
100094a2:	ff442503          	lw	a0,-12(s0)
100094a6:	ff042583          	lw	a1,-16(s0)
100094aa:	200d                	jal	100094cc <KeyExpansion>
100094ac:	fe842603          	lw	a2,-24(s0)
100094b0:	fec42583          	lw	a1,-20(s0)
100094b4:	3d862503          	lw	a0,984(a2)
100094b8:	3dc62603          	lw	a2,988(a2)
100094bc:	24c5aa23          	sw	a2,596(a1)
100094c0:	24a5a823          	sw	a0,592(a1)
100094c4:	40f2                	lw	ra,28(sp)
100094c6:	4462                	lw	s0,24(sp)
100094c8:	6105                	addi	sp,sp,32
100094ca:	8082                	ret

100094cc <KeyExpansion>:
100094cc:	a0010113          	addi	sp,sp,-1536
100094d0:	5e112e23          	sw	ra,1532(sp)
100094d4:	5e812c23          	sw	s0,1528(sp)
100094d8:	60010413          	addi	s0,sp,1536
100094dc:	fab42623          	sw	a1,-84(s0)
100094e0:	faa42423          	sw	a0,-88(s0)
100094e4:	20003537          	lui	a0,0x20003
100094e8:	fca42823          	sw	a0,-48(s0)
100094ec:	4681                	li	a3,0
100094ee:	fad42c23          	sw	a3,-72(s0)
100094f2:	3cd52e23          	sw	a3,988(a0) # 200033dc <runtime_sig+0x4>
100094f6:	123135b7          	lui	a1,0x12313
100094fa:	42a58613          	addi	a2,a1,1066 # 1231342a <__psram_end__+0x131342a>
100094fe:	3cc52c23          	sw	a2,984(a0)
10009502:	3d850513          	addi	a0,a0,984
10009506:	fca42223          	sw	a0,-60(s0)
1000950a:	20003537          	lui	a0,0x20003
1000950e:	fca42a23          	sw	a0,-44(s0)
10009512:	24d52a23          	sw	a3,596(a0) # 20003254 <anb_prev_sig+0x4>
10009516:	24c52823          	sw	a2,592(a0)
1000951a:	1000d537          	lui	a0,0x1000d
1000951e:	16350513          	addi	a0,a0,355 # 1000d163 <_usbd_driver+0xff>
10009522:	d64fa0ef          	jal	10003a86 <__wrap_printf>
10009526:	fa842703          	lw	a4,-88(s0)
1000952a:	fac42683          	lw	a3,-84(s0)
1000952e:	fb842603          	lw	a2,-72(s0)
10009532:	fd442583          	lw	a1,-44(s0)
10009536:	fd042503          	lw	a0,-48(s0)
1000953a:	fee42823          	sw	a4,-16(s0)
1000953e:	fed42623          	sw	a3,-20(s0)
10009542:	fec42423          	sw	a2,-24(s0)
10009546:	fe842603          	lw	a2,-24(s0)
1000954a:	00163693          	seqz	a3,a2
1000954e:	3dc52603          	lw	a2,988(a0)
10009552:	3d852703          	lw	a4,984(a0)
10009556:	96ba                	add	a3,a3,a4
10009558:	00e6b733          	sltu	a4,a3,a4
1000955c:	963a                	add	a2,a2,a4
1000955e:	3cd52c23          	sw	a3,984(a0)
10009562:	3cc52e23          	sw	a2,988(a0)
10009566:	2545a683          	lw	a3,596(a1)
1000956a:	fad42823          	sw	a3,-80(s0)
1000956e:	2505a603          	lw	a2,592(a1)
10009572:	fac42a23          	sw	a2,-76(s0)
10009576:	3dc52583          	lw	a1,988(a0)
1000957a:	fcb42623          	sw	a1,-52(s0)
1000957e:	3d852503          	lw	a0,984(a0)
10009582:	fca42423          	sw	a0,-56(s0)
10009586:	1000d537          	lui	a0,0x1000d
1000958a:	18750513          	addi	a0,a0,391 # 1000d187 <_usbd_driver+0x123>
1000958e:	cf8fa0ef          	jal	10003a86 <__wrap_printf>
10009592:	fc842603          	lw	a2,-56(s0)
10009596:	fcc42683          	lw	a3,-52(s0)
1000959a:	1000d537          	lui	a0,0x1000d
1000959e:	1af50513          	addi	a0,a0,431 # 1000d1af <_usbd_driver+0x14b>
100095a2:	ce4fa0ef          	jal	10003a86 <__wrap_printf>
100095a6:	fb042703          	lw	a4,-80(s0)
100095aa:	fb442583          	lw	a1,-76(s0)
100095ae:	fcc42603          	lw	a2,-52(s0)
100095b2:	fc842503          	lw	a0,-56(s0)
100095b6:	00b536b3          	sltu	a3,a0,a1
100095ba:	8e19                	sub	a2,a2,a4
100095bc:	40d606b3          	sub	a3,a2,a3
100095c0:	fcd42023          	sw	a3,-64(s0)
100095c4:	40b50633          	sub	a2,a0,a1
100095c8:	fac42e23          	sw	a2,-68(s0)
100095cc:	1000d537          	lui	a0,0x1000d
100095d0:	1dc50513          	addi	a0,a0,476 # 1000d1dc <_usbd_driver+0x178>
100095d4:	cb2fa0ef          	jal	10003a86 <__wrap_printf>
100095d8:	fb842683          	lw	a3,-72(s0)
100095dc:	1000d537          	lui	a0,0x1000d
100095e0:	20350513          	addi	a0,a0,515 # 1000d203 <_usbd_driver+0x19f>
100095e4:	4605                	li	a2,1
100095e6:	ca0fa0ef          	jal	10003a86 <__wrap_printf>
100095ea:	fbc42703          	lw	a4,-68(s0)
100095ee:	fc042783          	lw	a5,-64(s0)
100095f2:	fc442583          	lw	a1,-60(s0)
100095f6:	fc842603          	lw	a2,-56(s0)
100095fa:	fcc42683          	lw	a3,-52(s0)
100095fe:	fd042503          	lw	a0,-48(s0)
10009602:	00174713          	xori	a4,a4,1
10009606:	8f5d                	or	a4,a4,a5
10009608:	00173713          	seqz	a4,a4
1000960c:	177d                	addi	a4,a4,-1
1000960e:	8dd9                	or	a1,a1,a4
10009610:	41d8                	lw	a4,4(a1)
10009612:	418c                	lw	a1,0(a1)
10009614:	3cd52e23          	sw	a3,988(a0)
10009618:	3cc52c23          	sw	a2,984(a0)
1000961c:	1000d537          	lui	a0,0x1000d
10009620:	22b50513          	addi	a0,a0,555 # 1000d22b <_usbd_driver+0x1c7>
10009624:	c62fa0ef          	jal	10003a86 <__wrap_printf>
10009628:	fd042603          	lw	a2,-48(s0)
1000962c:	fd442583          	lw	a1,-44(s0)
10009630:	3d862503          	lw	a0,984(a2)
10009634:	3dc62603          	lw	a2,988(a2)
10009638:	24c5aa23          	sw	a2,596(a1)
1000963c:	24a5a823          	sw	a0,592(a1)
10009640:	a009                	j	10009642 <KeyExpansion+0x176>
10009642:	fe842503          	lw	a0,-24(s0)
10009646:	faa42223          	sw	a0,-92(s0)
1000964a:	fe842583          	lw	a1,-24(s0)
1000964e:	8d2d                	xor	a0,a0,a1
10009650:	00153613          	seqz	a2,a0
10009654:	20003537          	lui	a0,0x20003
10009658:	f8a42e23          	sw	a0,-100(s0)
1000965c:	3d850593          	addi	a1,a0,984 # 200033d8 <runtime_sig>
10009660:	f8b42823          	sw	a1,-112(s0)
10009664:	3dc52583          	lw	a1,988(a0)
10009668:	3d852683          	lw	a3,984(a0)
1000966c:	9636                	add	a2,a2,a3
1000966e:	00d636b3          	sltu	a3,a2,a3
10009672:	95b6                	add	a1,a1,a3
10009674:	3cc52c23          	sw	a2,984(a0)
10009678:	3cb52e23          	sw	a1,988(a0)
1000967c:	200035b7          	lui	a1,0x20003
10009680:	fab42023          	sw	a1,-96(s0)
10009684:	2545a683          	lw	a3,596(a1) # 20003254 <anb_prev_sig+0x4>
10009688:	f8d42023          	sw	a3,-128(s0)
1000968c:	2505a603          	lw	a2,592(a1)
10009690:	f8c42223          	sw	a2,-124(s0)
10009694:	3dc52583          	lw	a1,988(a0)
10009698:	f8b42c23          	sw	a1,-104(s0)
1000969c:	3d852503          	lw	a0,984(a0)
100096a0:	f8a42a23          	sw	a0,-108(s0)
100096a4:	1000d537          	lui	a0,0x1000d
100096a8:	18750513          	addi	a0,a0,391 # 1000d187 <_usbd_driver+0x123>
100096ac:	bdafa0ef          	jal	10003a86 <__wrap_printf>
100096b0:	f9442603          	lw	a2,-108(s0)
100096b4:	f9842683          	lw	a3,-104(s0)
100096b8:	1000d537          	lui	a0,0x1000d
100096bc:	1af50513          	addi	a0,a0,431 # 1000d1af <_usbd_driver+0x14b>
100096c0:	bc6fa0ef          	jal	10003a86 <__wrap_printf>
100096c4:	f8042703          	lw	a4,-128(s0)
100096c8:	f8442583          	lw	a1,-124(s0)
100096cc:	f9842603          	lw	a2,-104(s0)
100096d0:	f9442503          	lw	a0,-108(s0)
100096d4:	00b536b3          	sltu	a3,a0,a1
100096d8:	8e19                	sub	a2,a2,a4
100096da:	40d606b3          	sub	a3,a2,a3
100096de:	f8d42623          	sw	a3,-116(s0)
100096e2:	40b50633          	sub	a2,a0,a1
100096e6:	f8c42423          	sw	a2,-120(s0)
100096ea:	1000d537          	lui	a0,0x1000d
100096ee:	1dc50513          	addi	a0,a0,476 # 1000d1dc <_usbd_driver+0x178>
100096f2:	b94fa0ef          	jal	10003a86 <__wrap_printf>
100096f6:	1000d537          	lui	a0,0x1000d
100096fa:	20350513          	addi	a0,a0,515 # 1000d203 <_usbd_driver+0x19f>
100096fe:	4605                	li	a2,1
10009700:	4681                	li	a3,0
10009702:	b84fa0ef          	jal	10003a86 <__wrap_printf>
10009706:	f8842703          	lw	a4,-120(s0)
1000970a:	f8c42783          	lw	a5,-116(s0)
1000970e:	f9042583          	lw	a1,-112(s0)
10009712:	f9442603          	lw	a2,-108(s0)
10009716:	f9842683          	lw	a3,-104(s0)
1000971a:	f9c42503          	lw	a0,-100(s0)
1000971e:	00174713          	xori	a4,a4,1
10009722:	8f5d                	or	a4,a4,a5
10009724:	00173713          	seqz	a4,a4
10009728:	177d                	addi	a4,a4,-1
1000972a:	8dd9                	or	a1,a1,a4
1000972c:	41d8                	lw	a4,4(a1)
1000972e:	418c                	lw	a1,0(a1)
10009730:	3cd52e23          	sw	a3,988(a0)
10009734:	3cc52c23          	sw	a2,984(a0)
10009738:	1000d537          	lui	a0,0x1000d
1000973c:	22b50513          	addi	a0,a0,555 # 1000d22b <_usbd_driver+0x1c7>
10009740:	b46fa0ef          	jal	10003a86 <__wrap_printf>
10009744:	f9c42683          	lw	a3,-100(s0)
10009748:	fa042603          	lw	a2,-96(s0)
1000974c:	fa442583          	lw	a1,-92(s0)
10009750:	3d86a503          	lw	a0,984(a3)
10009754:	3dc6a683          	lw	a3,988(a3)
10009758:	24d62a23          	sw	a3,596(a2)
1000975c:	24a62823          	sw	a0,592(a2)
10009760:	450d                	li	a0,3
10009762:	00b57463          	bgeu	a0,a1,1000976a <KeyExpansion+0x29e>
10009766:	4040106f          	j	1000ab6a <KeyExpansion+0x169e>
1000976a:	fec42503          	lw	a0,-20(s0)
1000976e:	f2a42a23          	sw	a0,-204(s0)
10009772:	fe842503          	lw	a0,-24(s0)
10009776:	f2a42c23          	sw	a0,-200(s0)
1000977a:	fe842583          	lw	a1,-24(s0)
1000977e:	8da9                	xor	a1,a1,a0
10009780:	0015b693          	seqz	a3,a1
10009784:	20003637          	lui	a2,0x20003
10009788:	f2c42e23          	sw	a2,-196(s0)
1000978c:	3d860593          	addi	a1,a2,984 # 200033d8 <runtime_sig>
10009790:	f4b42023          	sw	a1,-192(s0)
10009794:	3dc62583          	lw	a1,988(a2)
10009798:	3d862703          	lw	a4,984(a2)
1000979c:	96ba                	add	a3,a3,a4
1000979e:	00e6b733          	sltu	a4,a3,a4
100097a2:	95ba                	add	a1,a1,a4
100097a4:	3cd62c23          	sw	a3,984(a2)
100097a8:	3cb62e23          	sw	a1,988(a2)
100097ac:	47ef15b7          	lui	a1,0x47ef1
100097b0:	75858613          	addi	a2,a1,1880 # 47ef1758 <__StackTop+0x27e6f758>
100097b4:	02c535b3          	mulhu	a1,a0,a2
100097b8:	20a526b3          	sh1add	a3,a0,a0
100097bc:	95b6                	add	a1,a1,a3
100097be:	02c50633          	mul	a2,a0,a2
100097c2:	06819537          	lui	a0,0x6819
100097c6:	d3050513          	addi	a0,a0,-720 # 6818d30 <RAM_LENGTH+0x6798d30>
100097ca:	9532                	add	a0,a0,a2
100097cc:	f4a42a23          	sw	a0,-172(s0)
100097d0:	00c53633          	sltu	a2,a0,a2
100097d4:	95b2                	add	a1,a1,a2
100097d6:	058d                	addi	a1,a1,3
100097d8:	f4b42c23          	sw	a1,-168(s0)
100097dc:	6639                	lui	a2,0xe
100097de:	3d160613          	addi	a2,a2,977 # e3d1 <XIP_RAM_LENGTH+0xa3d1>
100097e2:	f4c42623          	sw	a2,-180(s0)
100097e6:	4681                	li	a3,0
100097e8:	f4d42823          	sw	a3,-176(s0)
100097ec:	0fff7097          	auipc	ra,0xfff7
100097f0:	684080e7          	jalr	1668(ra) # 20000e70 <__udivdi3>
100097f4:	f4c42603          	lw	a2,-180(s0)
100097f8:	f5042683          	lw	a3,-176(s0)
100097fc:	0fff8097          	auipc	ra,0xfff8
10009800:	95a080e7          	jalr	-1702(ra) # 20001156 <__umoddi3>
10009804:	f5842583          	lw	a1,-168(s0)
10009808:	f4c42603          	lw	a2,-180(s0)
1000980c:	f5042683          	lw	a3,-176(s0)
10009810:	872a                	mv	a4,a0
10009812:	f5442503          	lw	a0,-172(s0)
10009816:	02c707b3          	mul	a5,a4,a2
1000981a:	f4f42423          	sw	a5,-184(s0)
1000981e:	02c73733          	mulhu	a4,a4,a2
10009822:	f4e42223          	sw	a4,-188(s0)
10009826:	0fff8097          	auipc	ra,0xfff8
1000982a:	930080e7          	jalr	-1744(ra) # 20001156 <__umoddi3>
1000982e:	f4442783          	lw	a5,-188(s0)
10009832:	f4842703          	lw	a4,-184(s0)
10009836:	f4c42603          	lw	a2,-180(s0)
1000983a:	f5042683          	lw	a3,-176(s0)
1000983e:	882a                	mv	a6,a0
10009840:	f5442503          	lw	a0,-172(s0)
10009844:	f7042023          	sw	a6,-160(s0)
10009848:	882e                	mv	a6,a1
1000984a:	f5842583          	lw	a1,-168(s0)
1000984e:	f5042e23          	sw	a6,-164(s0)
10009852:	8d9d                	sub	a1,a1,a5
10009854:	00e537b3          	sltu	a5,a0,a4
10009858:	8d9d                	sub	a1,a1,a5
1000985a:	8d19                	sub	a0,a0,a4
1000985c:	0fff7097          	auipc	ra,0xfff7
10009860:	614080e7          	jalr	1556(ra) # 20000e70 <__udivdi3>
10009864:	f5c42683          	lw	a3,-164(s0)
10009868:	862a                	mv	a2,a0
1000986a:	852e                	mv	a0,a1
1000986c:	f6042583          	lw	a1,-160(s0)
10009870:	95b2                	add	a1,a1,a2
10009872:	00c5b633          	sltu	a2,a1,a2
10009876:	9536                	add	a0,a0,a3
10009878:	00c506b3          	add	a3,a0,a2
1000987c:	589a2537          	lui	a0,0x589a2
10009880:	fc550513          	addi	a0,a0,-59 # 589a1fc5 <__StackTop+0x3891ffc5>
10009884:	f6a42223          	sw	a0,-156(s0)
10009888:	02a58733          	mul	a4,a1,a0
1000988c:	6d305537          	lui	a0,0x6d305
10009890:	53150613          	addi	a2,a0,1329 # 6d305531 <__StackTop+0x4d283531>
10009894:	f6c42423          	sw	a2,-152(s0)
10009898:	02c5b533          	mulhu	a0,a1,a2
1000989c:	953a                	add	a0,a0,a4
1000989e:	02c686b3          	mul	a3,a3,a2
100098a2:	9536                	add	a0,a0,a3
100098a4:	02c585b3          	mul	a1,a1,a2
100098a8:	d4567637          	lui	a2,0xd4567
100098ac:	02260613          	addi	a2,a2,34 # d4567022 <__StackTop+0xb44e5022>
100098b0:	962e                	add	a2,a2,a1
100098b2:	00b635b3          	sltu	a1,a2,a1
100098b6:	952e                	add	a0,a0,a1
100098b8:	94fe25b7          	lui	a1,0x94fe2
100098bc:	6ea58593          	addi	a1,a1,1770 # 94fe26ea <__StackTop+0x74f606ea>
100098c0:	952e                	add	a0,a0,a1
100098c2:	65c9                	lui	a1,0x12
100098c4:	fab58593          	addi	a1,a1,-85 # 11fab <XIP_RAM_LENGTH+0xdfab>
100098c8:	f6b42623          	sw	a1,-148(s0)
100098cc:	00b536b3          	sltu	a3,a0,a1
100098d0:	f6d42823          	sw	a3,-144(s0)
100098d4:	94c5f6b7          	lui	a3,0x94c5f
100098d8:	f6d42a23          	sw	a3,-140(s0)
100098dc:	76868693          	addi	a3,a3,1896 # 94c5f768 <__StackTop+0x74bdd768>
100098e0:	f6d42c23          	sw	a3,-136(s0)
100098e4:	00d63633          	sltu	a2,a2,a3
100098e8:	f6c42e23          	sw	a2,-132(s0)
100098ec:	00b50663          	beq	a0,a1,100098f8 <KeyExpansion+0x42c>
100098f0:	f7042503          	lw	a0,-144(s0)
100098f4:	f6a42e23          	sw	a0,-132(s0)
100098f8:	f3c42503          	lw	a0,-196(s0)
100098fc:	f7c42583          	lw	a1,-132(s0)
10009900:	eeb42a23          	sw	a1,-268(s0)
10009904:	3dc52683          	lw	a3,988(a0)
10009908:	eed42e23          	sw	a3,-260(s0)
1000990c:	3d852603          	lw	a2,984(a0)
10009910:	eec42c23          	sw	a2,-264(s0)
10009914:	1000d537          	lui	a0,0x1000d
10009918:	26050513          	addi	a0,a0,608 # 1000d260 <_usbd_driver+0x1fc>
1000991c:	96afa0ef          	jal	10003a86 <__wrap_printf>
10009920:	ef442603          	lw	a2,-268(s0)
10009924:	ef842683          	lw	a3,-264(s0)
10009928:	efc42583          	lw	a1,-260(s0)
1000992c:	f3c42503          	lw	a0,-196(s0)
10009930:	9636                	add	a2,a2,a3
10009932:	00d636b3          	sltu	a3,a2,a3
10009936:	96ae                	add	a3,a3,a1
10009938:	3cc52c23          	sw	a2,984(a0)
1000993c:	3cd52e23          	sw	a3,988(a0)
10009940:	1000d537          	lui	a0,0x1000d
10009944:	28b50513          	addi	a0,a0,651 # 1000d28b <_usbd_driver+0x227>
10009948:	93efa0ef          	jal	10003a86 <__wrap_printf>
1000994c:	f3c42503          	lw	a0,-196(s0)
10009950:	3dc52683          	lw	a3,988(a0)
10009954:	f0d42223          	sw	a3,-252(s0)
10009958:	3d852603          	lw	a2,984(a0)
1000995c:	f0c42023          	sw	a2,-256(s0)
10009960:	1000d537          	lui	a0,0x1000d
10009964:	2b550513          	addi	a0,a0,693 # 1000d2b5 <_usbd_driver+0x251>
10009968:	91efa0ef          	jal	10003a86 <__wrap_printf>
1000996c:	f0042683          	lw	a3,-256(s0)
10009970:	f0442583          	lw	a1,-252(s0)
10009974:	f3c42503          	lw	a0,-196(s0)
10009978:	00168613          	addi	a2,a3,1
1000997c:	00d636b3          	sltu	a3,a2,a3
10009980:	96ae                	add	a3,a3,a1
10009982:	3cc52c23          	sw	a2,984(a0)
10009986:	3cd52e23          	sw	a3,988(a0)
1000998a:	1000d537          	lui	a0,0x1000d
1000998e:	28b50513          	addi	a0,a0,651 # 1000d28b <_usbd_driver+0x227>
10009992:	8f4fa0ef          	jal	10003a86 <__wrap_printf>
10009996:	f3442583          	lw	a1,-204(s0)
1000999a:	f3c42703          	lw	a4,-196(s0)
1000999e:	f4c42603          	lw	a2,-180(s0)
100099a2:	f5042683          	lw	a3,-176(s0)
100099a6:	f3842503          	lw	a0,-200(s0)
100099aa:	20b545b3          	sh2add	a1,a0,a1
100099ae:	0005c503          	lbu	a0,0(a1)
100099b2:	f0a42423          	sw	a0,-248(s0)
100099b6:	0005c583          	lbu	a1,0(a1)
100099ba:	8d2d                	xor	a0,a0,a1
100099bc:	00153593          	seqz	a1,a0
100099c0:	3dc72503          	lw	a0,988(a4)
100099c4:	3d872783          	lw	a5,984(a4)
100099c8:	95be                	add	a1,a1,a5
100099ca:	00f5b7b3          	sltu	a5,a1,a5
100099ce:	953e                	add	a0,a0,a5
100099d0:	3cb72c23          	sw	a1,984(a4)
100099d4:	3ca72e23          	sw	a0,988(a4)
100099d8:	ff042503          	lw	a0,-16(s0)
100099dc:	f0a42623          	sw	a0,-244(s0)
100099e0:	fe842503          	lw	a0,-24(s0)
100099e4:	f0a42823          	sw	a0,-240(s0)
100099e8:	fe842583          	lw	a1,-24(s0)
100099ec:	8da9                	xor	a1,a1,a0
100099ee:	0015b793          	seqz	a5,a1
100099f2:	3dc72583          	lw	a1,988(a4)
100099f6:	3d872803          	lw	a6,984(a4)
100099fa:	97c2                	add	a5,a5,a6
100099fc:	0107b833          	sltu	a6,a5,a6
10009a00:	95c2                	add	a1,a1,a6
10009a02:	3cf72c23          	sw	a5,984(a4)
10009a06:	3cb72e23          	sw	a1,988(a4)
10009a0a:	eaf355b7          	lui	a1,0xeaf35
10009a0e:	1b758713          	addi	a4,a1,439 # eaf351b7 <__StackTop+0xcaeb31b7>
10009a12:	02e535b3          	mulhu	a1,a0,a4
10009a16:	20a527b3          	sh1add	a5,a0,a0
10009a1a:	95be                	add	a1,a1,a5
10009a1c:	02e50733          	mul	a4,a0,a4
10009a20:	62f17537          	lui	a0,0x62f17
10009a24:	56a50513          	addi	a0,a0,1386 # 62f1756a <__StackTop+0x42e9556a>
10009a28:	953a                	add	a0,a0,a4
10009a2a:	f0a42e23          	sw	a0,-228(s0)
10009a2e:	00e53733          	sltu	a4,a0,a4
10009a32:	95ba                	add	a1,a1,a4
10009a34:	0589                	addi	a1,a1,2
10009a36:	f2b42023          	sw	a1,-224(s0)
10009a3a:	0fff7097          	auipc	ra,0xfff7
10009a3e:	436080e7          	jalr	1078(ra) # 20000e70 <__udivdi3>
10009a42:	f4c42603          	lw	a2,-180(s0)
10009a46:	f5042683          	lw	a3,-176(s0)
10009a4a:	0fff7097          	auipc	ra,0xfff7
10009a4e:	70c080e7          	jalr	1804(ra) # 20001156 <__umoddi3>
10009a52:	f2042583          	lw	a1,-224(s0)
10009a56:	f4c42603          	lw	a2,-180(s0)
10009a5a:	f5042683          	lw	a3,-176(s0)
10009a5e:	872a                	mv	a4,a0
10009a60:	f1c42503          	lw	a0,-228(s0)
10009a64:	02c707b3          	mul	a5,a4,a2
10009a68:	f0f42c23          	sw	a5,-232(s0)
10009a6c:	02c73733          	mulhu	a4,a4,a2
10009a70:	f0e42a23          	sw	a4,-236(s0)
10009a74:	0fff7097          	auipc	ra,0xfff7
10009a78:	6e2080e7          	jalr	1762(ra) # 20001156 <__umoddi3>
10009a7c:	f1442783          	lw	a5,-236(s0)
10009a80:	f1842703          	lw	a4,-232(s0)
10009a84:	f4c42603          	lw	a2,-180(s0)
10009a88:	f5042683          	lw	a3,-176(s0)
10009a8c:	882a                	mv	a6,a0
10009a8e:	f1c42503          	lw	a0,-228(s0)
10009a92:	f3042223          	sw	a6,-220(s0)
10009a96:	882e                	mv	a6,a1
10009a98:	f2042583          	lw	a1,-224(s0)
10009a9c:	f3042423          	sw	a6,-216(s0)
10009aa0:	8d9d                	sub	a1,a1,a5
10009aa2:	00e537b3          	sltu	a5,a0,a4
10009aa6:	8d9d                	sub	a1,a1,a5
10009aa8:	8d19                	sub	a0,a0,a4
10009aaa:	0fff7097          	auipc	ra,0xfff7
10009aae:	3c6080e7          	jalr	966(ra) # 20000e70 <__udivdi3>
10009ab2:	f2442603          	lw	a2,-220(s0)
10009ab6:	f2842883          	lw	a7,-216(s0)
10009aba:	f6842703          	lw	a4,-152(s0)
10009abe:	f7842683          	lw	a3,-136(s0)
10009ac2:	882a                	mv	a6,a0
10009ac4:	f6442503          	lw	a0,-156(s0)
10009ac8:	87ae                	mv	a5,a1
10009aca:	f6c42583          	lw	a1,-148(s0)
10009ace:	9642                	add	a2,a2,a6
10009ad0:	01063833          	sltu	a6,a2,a6
10009ad4:	97c6                	add	a5,a5,a7
10009ad6:	97c2                	add	a5,a5,a6
10009ad8:	02a60833          	mul	a6,a2,a0
10009adc:	02e63533          	mulhu	a0,a2,a4
10009ae0:	9542                	add	a0,a0,a6
10009ae2:	02e787b3          	mul	a5,a5,a4
10009ae6:	953e                	add	a0,a0,a5
10009ae8:	02e60733          	mul	a4,a2,a4
10009aec:	bdef0637          	lui	a2,0xbdef0
10009af0:	33c60613          	addi	a2,a2,828 # bdef033c <__StackTop+0x9de6e33c>
10009af4:	963a                	add	a2,a2,a4
10009af6:	00e63733          	sltu	a4,a2,a4
10009afa:	953a                	add	a0,a0,a4
10009afc:	88a0a737          	lui	a4,0x88a0a
10009b00:	7da70713          	addi	a4,a4,2010 # 88a0a7da <__StackTop+0x689887da>
10009b04:	953a                	add	a0,a0,a4
10009b06:	00b53733          	sltu	a4,a0,a1
10009b0a:	f2e42623          	sw	a4,-212(s0)
10009b0e:	00d63633          	sltu	a2,a2,a3
10009b12:	f2c42823          	sw	a2,-208(s0)
10009b16:	00b50663          	beq	a0,a1,10009b22 <KeyExpansion+0x656>
10009b1a:	f2c42503          	lw	a0,-212(s0)
10009b1e:	f2a42823          	sw	a0,-208(s0)
10009b22:	f3c42503          	lw	a0,-196(s0)
10009b26:	f3042583          	lw	a1,-208(s0)
10009b2a:	eab42a23          	sw	a1,-332(s0)
10009b2e:	3dc52683          	lw	a3,988(a0)
10009b32:	ead42e23          	sw	a3,-324(s0)
10009b36:	3d852603          	lw	a2,984(a0)
10009b3a:	eac42c23          	sw	a2,-328(s0)
10009b3e:	1000d537          	lui	a0,0x1000d
10009b42:	26050513          	addi	a0,a0,608 # 1000d260 <_usbd_driver+0x1fc>
10009b46:	f41f90ef          	jal	10003a86 <__wrap_printf>
10009b4a:	eb442603          	lw	a2,-332(s0)
10009b4e:	eb842683          	lw	a3,-328(s0)
10009b52:	ebc42583          	lw	a1,-324(s0)
10009b56:	f3c42503          	lw	a0,-196(s0)
10009b5a:	9636                	add	a2,a2,a3
10009b5c:	00d636b3          	sltu	a3,a2,a3
10009b60:	96ae                	add	a3,a3,a1
10009b62:	3cc52c23          	sw	a2,984(a0)
10009b66:	3cd52e23          	sw	a3,988(a0)
10009b6a:	1000d537          	lui	a0,0x1000d
10009b6e:	28b50513          	addi	a0,a0,651 # 1000d28b <_usbd_driver+0x227>
10009b72:	f15f90ef          	jal	10003a86 <__wrap_printf>
10009b76:	f3c42503          	lw	a0,-196(s0)
10009b7a:	3dc52683          	lw	a3,988(a0)
10009b7e:	ecd42223          	sw	a3,-316(s0)
10009b82:	3d852603          	lw	a2,984(a0)
10009b86:	ecc42023          	sw	a2,-320(s0)
10009b8a:	1000d537          	lui	a0,0x1000d
10009b8e:	2b550513          	addi	a0,a0,693 # 1000d2b5 <_usbd_driver+0x251>
10009b92:	ef5f90ef          	jal	10003a86 <__wrap_printf>
10009b96:	ec042683          	lw	a3,-320(s0)
10009b9a:	ec442583          	lw	a1,-316(s0)
10009b9e:	f3c42503          	lw	a0,-196(s0)
10009ba2:	00168613          	addi	a2,a3,1
10009ba6:	00d636b3          	sltu	a3,a2,a3
10009baa:	96ae                	add	a3,a3,a1
10009bac:	3cc52c23          	sw	a2,984(a0)
10009bb0:	3cd52e23          	sw	a3,988(a0)
10009bb4:	1000d537          	lui	a0,0x1000d
10009bb8:	28b50513          	addi	a0,a0,651 # 1000d28b <_usbd_driver+0x227>
10009bbc:	ecbf90ef          	jal	10003a86 <__wrap_printf>
10009bc0:	f0c42783          	lw	a5,-244(s0)
10009bc4:	f1042583          	lw	a1,-240(s0)
10009bc8:	f3c42703          	lw	a4,-196(s0)
10009bcc:	f4c42603          	lw	a2,-180(s0)
10009bd0:	f5042683          	lw	a3,-176(s0)
10009bd4:	f0842503          	lw	a0,-248(s0)
10009bd8:	20f5c5b3          	sh2add	a1,a1,a5
10009bdc:	00a58023          	sb	a0,0(a1)
10009be0:	0005c583          	lbu	a1,0(a1)
10009be4:	8d2d                	xor	a0,a0,a1
10009be6:	00153593          	seqz	a1,a0
10009bea:	3dc72503          	lw	a0,988(a4)
10009bee:	3d872783          	lw	a5,984(a4)
10009bf2:	95be                	add	a1,a1,a5
10009bf4:	00f5b7b3          	sltu	a5,a1,a5
10009bf8:	953e                	add	a0,a0,a5
10009bfa:	3cb72c23          	sw	a1,984(a4)
10009bfe:	3ca72e23          	sw	a0,988(a4)
10009c02:	fec42503          	lw	a0,-20(s0)
10009c06:	eca42423          	sw	a0,-312(s0)
10009c0a:	fe842503          	lw	a0,-24(s0)
10009c0e:	eca42623          	sw	a0,-308(s0)
10009c12:	fe842583          	lw	a1,-24(s0)
10009c16:	8da9                	xor	a1,a1,a0
10009c18:	0015b793          	seqz	a5,a1
10009c1c:	3dc72583          	lw	a1,988(a4)
10009c20:	3d872803          	lw	a6,984(a4)
10009c24:	97c2                	add	a5,a5,a6
10009c26:	0107b833          	sltu	a6,a5,a6
10009c2a:	95c2                	add	a1,a1,a6
10009c2c:	3cf72c23          	sw	a5,984(a4)
10009c30:	3cb72e23          	sw	a1,988(a4)
10009c34:	a932b5b7          	lui	a1,0xa932b
10009c38:	66458713          	addi	a4,a1,1636 # a932b664 <__StackTop+0x892a9664>
10009c3c:	02e535b3          	mulhu	a1,a0,a4
10009c40:	20a527b3          	sh1add	a5,a0,a0
10009c44:	95be                	add	a1,a1,a5
10009c46:	02e50733          	mul	a4,a0,a4
10009c4a:	be543537          	lui	a0,0xbe543
10009c4e:	59050513          	addi	a0,a0,1424 # be543590 <__StackTop+0x9e4c1590>
10009c52:	953a                	add	a0,a0,a4
10009c54:	eca42c23          	sw	a0,-296(s0)
10009c58:	00e53733          	sltu	a4,a0,a4
10009c5c:	95ba                	add	a1,a1,a4
10009c5e:	ecb42e23          	sw	a1,-292(s0)
10009c62:	0fff7097          	auipc	ra,0xfff7
10009c66:	20e080e7          	jalr	526(ra) # 20000e70 <__udivdi3>
10009c6a:	f4c42603          	lw	a2,-180(s0)
10009c6e:	f5042683          	lw	a3,-176(s0)
10009c72:	0fff7097          	auipc	ra,0xfff7
10009c76:	4e4080e7          	jalr	1252(ra) # 20001156 <__umoddi3>
10009c7a:	edc42583          	lw	a1,-292(s0)
10009c7e:	f4c42603          	lw	a2,-180(s0)
10009c82:	f5042683          	lw	a3,-176(s0)
10009c86:	872a                	mv	a4,a0
10009c88:	ed842503          	lw	a0,-296(s0)
10009c8c:	02c707b3          	mul	a5,a4,a2
10009c90:	ecf42a23          	sw	a5,-300(s0)
10009c94:	02c73733          	mulhu	a4,a4,a2
10009c98:	ece42823          	sw	a4,-304(s0)
10009c9c:	0fff7097          	auipc	ra,0xfff7
10009ca0:	4ba080e7          	jalr	1210(ra) # 20001156 <__umoddi3>
10009ca4:	ed042783          	lw	a5,-304(s0)
10009ca8:	ed442703          	lw	a4,-300(s0)
10009cac:	f4c42603          	lw	a2,-180(s0)
10009cb0:	f5042683          	lw	a3,-176(s0)
10009cb4:	882a                	mv	a6,a0
10009cb6:	ed842503          	lw	a0,-296(s0)
10009cba:	ef042023          	sw	a6,-288(s0)
10009cbe:	882e                	mv	a6,a1
10009cc0:	edc42583          	lw	a1,-292(s0)
10009cc4:	ef042223          	sw	a6,-284(s0)
10009cc8:	8d9d                	sub	a1,a1,a5
10009cca:	00e537b3          	sltu	a5,a0,a4
10009cce:	8d9d                	sub	a1,a1,a5
10009cd0:	8d19                	sub	a0,a0,a4
10009cd2:	0fff7097          	auipc	ra,0xfff7
10009cd6:	19e080e7          	jalr	414(ra) # 20000e70 <__udivdi3>
10009cda:	ee042603          	lw	a2,-288(s0)
10009cde:	ee442883          	lw	a7,-284(s0)
10009ce2:	f6842703          	lw	a4,-152(s0)
10009ce6:	f7442683          	lw	a3,-140(s0)
10009cea:	882a                	mv	a6,a0
10009cec:	f6442503          	lw	a0,-156(s0)
10009cf0:	87ae                	mv	a5,a1
10009cf2:	f6c42583          	lw	a1,-148(s0)
10009cf6:	9642                	add	a2,a2,a6
10009cf8:	01063833          	sltu	a6,a2,a6
10009cfc:	97c6                	add	a5,a5,a7
10009cfe:	97c2                	add	a5,a5,a6
10009d00:	02a60833          	mul	a6,a2,a0
10009d04:	02e63533          	mulhu	a0,a2,a4
10009d08:	9542                	add	a0,a0,a6
10009d0a:	02e787b3          	mul	a5,a5,a4
10009d0e:	953e                	add	a0,a0,a5
10009d10:	02e60733          	mul	a4,a2,a4
10009d14:	4119c637          	lui	a2,0x4119c
10009d18:	54f60613          	addi	a2,a2,1359 # 4119c54f <__StackTop+0x2111a54f>
10009d1c:	963a                	add	a2,a2,a4
10009d1e:	00e63733          	sltu	a4,a2,a4
10009d22:	953a                	add	a0,a0,a4
10009d24:	4ce89737          	lui	a4,0x4ce89
10009d28:	e4170713          	addi	a4,a4,-447 # 4ce88e41 <__StackTop+0x2ce06e41>
10009d2c:	953a                	add	a0,a0,a4
10009d2e:	00b53733          	sltu	a4,a0,a1
10009d32:	eee42423          	sw	a4,-280(s0)
10009d36:	76768693          	addi	a3,a3,1895
10009d3a:	eed42623          	sw	a3,-276(s0)
10009d3e:	00d63633          	sltu	a2,a2,a3
10009d42:	eec42823          	sw	a2,-272(s0)
10009d46:	00b50663          	beq	a0,a1,10009d52 <KeyExpansion+0x886>
10009d4a:	ee842503          	lw	a0,-280(s0)
10009d4e:	eea42823          	sw	a0,-272(s0)
10009d52:	f3c42503          	lw	a0,-196(s0)
10009d56:	ef042583          	lw	a1,-272(s0)
10009d5a:	e6b42823          	sw	a1,-400(s0)
10009d5e:	3dc52683          	lw	a3,988(a0)
10009d62:	e6d42c23          	sw	a3,-392(s0)
10009d66:	3d852603          	lw	a2,984(a0)
10009d6a:	e6c42a23          	sw	a2,-396(s0)
10009d6e:	1000d537          	lui	a0,0x1000d
10009d72:	26050513          	addi	a0,a0,608 # 1000d260 <_usbd_driver+0x1fc>
10009d76:	d11f90ef          	jal	10003a86 <__wrap_printf>
10009d7a:	e7042603          	lw	a2,-400(s0)
10009d7e:	e7442683          	lw	a3,-396(s0)
10009d82:	e7842583          	lw	a1,-392(s0)
10009d86:	f3c42503          	lw	a0,-196(s0)
10009d8a:	9636                	add	a2,a2,a3
10009d8c:	00d636b3          	sltu	a3,a2,a3
10009d90:	96ae                	add	a3,a3,a1
10009d92:	3cc52c23          	sw	a2,984(a0)
10009d96:	3cd52e23          	sw	a3,988(a0)
10009d9a:	1000d537          	lui	a0,0x1000d
10009d9e:	28b50513          	addi	a0,a0,651 # 1000d28b <_usbd_driver+0x227>
10009da2:	ce5f90ef          	jal	10003a86 <__wrap_printf>
10009da6:	ec842603          	lw	a2,-312(s0)
10009daa:	ecc42583          	lw	a1,-308(s0)
10009dae:	f3c42503          	lw	a0,-196(s0)
10009db2:	20c5c5b3          	sh2add	a1,a1,a2
10009db6:	e8b42223          	sw	a1,-380(s0)
10009dba:	3dc52683          	lw	a3,988(a0)
10009dbe:	e8d42023          	sw	a3,-384(s0)
10009dc2:	3d852603          	lw	a2,984(a0)
10009dc6:	e6c42e23          	sw	a2,-388(s0)
10009dca:	1000d537          	lui	a0,0x1000d
10009dce:	2b550513          	addi	a0,a0,693 # 1000d2b5 <_usbd_driver+0x251>
10009dd2:	cb5f90ef          	jal	10003a86 <__wrap_printf>
10009dd6:	e7c42683          	lw	a3,-388(s0)
10009dda:	e8042583          	lw	a1,-384(s0)
10009dde:	f3c42503          	lw	a0,-196(s0)
10009de2:	00168613          	addi	a2,a3,1
10009de6:	00d636b3          	sltu	a3,a2,a3
10009dea:	96ae                	add	a3,a3,a1
10009dec:	3cc52c23          	sw	a2,984(a0)
10009df0:	3cd52e23          	sw	a3,988(a0)
10009df4:	1000d537          	lui	a0,0x1000d
10009df8:	28b50513          	addi	a0,a0,651 # 1000d28b <_usbd_driver+0x227>
10009dfc:	c8bf90ef          	jal	10003a86 <__wrap_printf>
10009e00:	e8442583          	lw	a1,-380(s0)
10009e04:	f3c42703          	lw	a4,-196(s0)
10009e08:	f4c42603          	lw	a2,-180(s0)
10009e0c:	f5042683          	lw	a3,-176(s0)
10009e10:	0015c503          	lbu	a0,1(a1)
10009e14:	e8a42423          	sw	a0,-376(s0)
10009e18:	0015c583          	lbu	a1,1(a1)
10009e1c:	8d2d                	xor	a0,a0,a1
10009e1e:	00153593          	seqz	a1,a0
10009e22:	3dc72503          	lw	a0,988(a4)
10009e26:	3d872783          	lw	a5,984(a4)
10009e2a:	95be                	add	a1,a1,a5
10009e2c:	00f5b7b3          	sltu	a5,a1,a5
10009e30:	953e                	add	a0,a0,a5
10009e32:	3cb72c23          	sw	a1,984(a4)
10009e36:	3ca72e23          	sw	a0,988(a4)
10009e3a:	ff042503          	lw	a0,-16(s0)
10009e3e:	e8a42623          	sw	a0,-372(s0)
10009e42:	fe842503          	lw	a0,-24(s0)
10009e46:	e8a42823          	sw	a0,-368(s0)
10009e4a:	fe842583          	lw	a1,-24(s0)
10009e4e:	8da9                	xor	a1,a1,a0
10009e50:	0015b793          	seqz	a5,a1
10009e54:	3dc72583          	lw	a1,988(a4)
10009e58:	3d872803          	lw	a6,984(a4)
10009e5c:	97c2                	add	a5,a5,a6
10009e5e:	0107b833          	sltu	a6,a5,a6
10009e62:	95c2                	add	a1,a1,a6
10009e64:	3cf72c23          	sw	a5,984(a4)
10009e68:	3cb72e23          	sw	a1,988(a4)
10009e6c:	cfeef5b7          	lui	a1,0xcfeef
10009e70:	49b58713          	addi	a4,a1,1179 # cfeef49b <__StackTop+0xafe6d49b>
10009e74:	02e535b3          	mulhu	a1,a0,a4
10009e78:	20a527b3          	sh1add	a5,a0,a0
10009e7c:	95be                	add	a1,a1,a5
10009e7e:	02e50733          	mul	a4,a0,a4
10009e82:	65626537          	lui	a0,0x65626
10009e86:	1cf50513          	addi	a0,a0,463 # 656261cf <__StackTop+0x455a41cf>
10009e8a:	953a                	add	a0,a0,a4
10009e8c:	e8a42e23          	sw	a0,-356(s0)
10009e90:	00e53733          	sltu	a4,a0,a4
10009e94:	95ba                	add	a1,a1,a4
10009e96:	0585                	addi	a1,a1,1
10009e98:	eab42023          	sw	a1,-352(s0)
10009e9c:	0fff7097          	auipc	ra,0xfff7
10009ea0:	fd4080e7          	jalr	-44(ra) # 20000e70 <__udivdi3>
10009ea4:	f4c42603          	lw	a2,-180(s0)
10009ea8:	f5042683          	lw	a3,-176(s0)
10009eac:	0fff7097          	auipc	ra,0xfff7
10009eb0:	2aa080e7          	jalr	682(ra) # 20001156 <__umoddi3>
10009eb4:	ea042583          	lw	a1,-352(s0)
10009eb8:	f4c42603          	lw	a2,-180(s0)
10009ebc:	f5042683          	lw	a3,-176(s0)
10009ec0:	872a                	mv	a4,a0
10009ec2:	e9c42503          	lw	a0,-356(s0)
10009ec6:	02c707b3          	mul	a5,a4,a2
10009eca:	e8f42c23          	sw	a5,-360(s0)
10009ece:	02c73733          	mulhu	a4,a4,a2
10009ed2:	e8e42a23          	sw	a4,-364(s0)
10009ed6:	0fff7097          	auipc	ra,0xfff7
10009eda:	280080e7          	jalr	640(ra) # 20001156 <__umoddi3>
10009ede:	e9442783          	lw	a5,-364(s0)
10009ee2:	e9842703          	lw	a4,-360(s0)
10009ee6:	f4c42603          	lw	a2,-180(s0)
10009eea:	f5042683          	lw	a3,-176(s0)
10009eee:	882a                	mv	a6,a0
10009ef0:	e9c42503          	lw	a0,-356(s0)
10009ef4:	eb042223          	sw	a6,-348(s0)
10009ef8:	882e                	mv	a6,a1
10009efa:	ea042583          	lw	a1,-352(s0)
10009efe:	eb042423          	sw	a6,-344(s0)
10009f02:	8d9d                	sub	a1,a1,a5
10009f04:	00e537b3          	sltu	a5,a0,a4
10009f08:	8d9d                	sub	a1,a1,a5
10009f0a:	8d19                	sub	a0,a0,a4
10009f0c:	0fff7097          	auipc	ra,0xfff7
10009f10:	f64080e7          	jalr	-156(ra) # 20000e70 <__udivdi3>
10009f14:	ea442603          	lw	a2,-348(s0)
10009f18:	ea842883          	lw	a7,-344(s0)
10009f1c:	f6842703          	lw	a4,-152(s0)
10009f20:	eec42683          	lw	a3,-276(s0)
10009f24:	882a                	mv	a6,a0
10009f26:	f6442503          	lw	a0,-156(s0)
10009f2a:	87ae                	mv	a5,a1
10009f2c:	f6c42583          	lw	a1,-148(s0)
10009f30:	9642                	add	a2,a2,a6
10009f32:	01063833          	sltu	a6,a2,a6
10009f36:	97c6                	add	a5,a5,a7
10009f38:	97c2                	add	a5,a5,a6
10009f3a:	02a60833          	mul	a6,a2,a0
10009f3e:	02e63533          	mulhu	a0,a2,a4
10009f42:	9542                	add	a0,a0,a6
10009f44:	02e787b3          	mul	a5,a5,a4
10009f48:	953e                	add	a0,a0,a5
10009f4a:	02e60733          	mul	a4,a2,a4
10009f4e:	73e32637          	lui	a2,0x73e32
10009f52:	df960613          	addi	a2,a2,-519 # 73e31df9 <__StackTop+0x53dafdf9>
10009f56:	963a                	add	a2,a2,a4
10009f58:	00e63733          	sltu	a4,a2,a4
10009f5c:	953a                	add	a0,a0,a4
10009f5e:	7a7e5737          	lui	a4,0x7a7e5
10009f62:	daf70713          	addi	a4,a4,-593 # 7a7e4daf <__StackTop+0x5a762daf>
10009f66:	953a                	add	a0,a0,a4
10009f68:	00b53733          	sltu	a4,a0,a1
10009f6c:	eae42623          	sw	a4,-340(s0)
10009f70:	00d63633          	sltu	a2,a2,a3
10009f74:	eac42823          	sw	a2,-336(s0)
10009f78:	00b50663          	beq	a0,a1,10009f84 <KeyExpansion+0xab8>
10009f7c:	eac42503          	lw	a0,-340(s0)
10009f80:	eaa42823          	sw	a0,-336(s0)
10009f84:	f3c42503          	lw	a0,-196(s0)
10009f88:	eb042583          	lw	a1,-336(s0)
10009f8c:	e2b42823          	sw	a1,-464(s0)
10009f90:	3dc52683          	lw	a3,988(a0)
10009f94:	e2d42c23          	sw	a3,-456(s0)
10009f98:	3d852603          	lw	a2,984(a0)
10009f9c:	e2c42a23          	sw	a2,-460(s0)
10009fa0:	1000d537          	lui	a0,0x1000d
10009fa4:	26050513          	addi	a0,a0,608 # 1000d260 <_usbd_driver+0x1fc>
10009fa8:	adff90ef          	jal	10003a86 <__wrap_printf>
10009fac:	e3042603          	lw	a2,-464(s0)
10009fb0:	e3442683          	lw	a3,-460(s0)
10009fb4:	e3842583          	lw	a1,-456(s0)
10009fb8:	f3c42503          	lw	a0,-196(s0)
10009fbc:	9636                	add	a2,a2,a3
10009fbe:	00d636b3          	sltu	a3,a2,a3
10009fc2:	96ae                	add	a3,a3,a1
10009fc4:	3cc52c23          	sw	a2,984(a0)
10009fc8:	3cd52e23          	sw	a3,988(a0)
10009fcc:	1000d537          	lui	a0,0x1000d
10009fd0:	28b50513          	addi	a0,a0,651 # 1000d28b <_usbd_driver+0x227>
10009fd4:	ab3f90ef          	jal	10003a86 <__wrap_printf>
10009fd8:	e8c42603          	lw	a2,-372(s0)
10009fdc:	e9042583          	lw	a1,-368(s0)
10009fe0:	f3c42503          	lw	a0,-196(s0)
10009fe4:	20c5c5b3          	sh2add	a1,a1,a2
10009fe8:	e4b42223          	sw	a1,-444(s0)
10009fec:	3dc52683          	lw	a3,988(a0)
10009ff0:	e4d42023          	sw	a3,-448(s0)
10009ff4:	3d852603          	lw	a2,984(a0)
10009ff8:	e2c42e23          	sw	a2,-452(s0)
10009ffc:	1000d537          	lui	a0,0x1000d
1000a000:	2b550513          	addi	a0,a0,693 # 1000d2b5 <_usbd_driver+0x251>
1000a004:	a83f90ef          	jal	10003a86 <__wrap_printf>
1000a008:	e3c42683          	lw	a3,-452(s0)
1000a00c:	e4042583          	lw	a1,-448(s0)
1000a010:	f3c42503          	lw	a0,-196(s0)
1000a014:	00168613          	addi	a2,a3,1
1000a018:	00d636b3          	sltu	a3,a2,a3
1000a01c:	96ae                	add	a3,a3,a1
1000a01e:	3cc52c23          	sw	a2,984(a0)
1000a022:	3cd52e23          	sw	a3,988(a0)
1000a026:	1000d537          	lui	a0,0x1000d
1000a02a:	28b50513          	addi	a0,a0,651 # 1000d28b <_usbd_driver+0x227>
1000a02e:	a59f90ef          	jal	10003a86 <__wrap_printf>
1000a032:	e4442583          	lw	a1,-444(s0)
1000a036:	f3c42703          	lw	a4,-196(s0)
1000a03a:	f4c42603          	lw	a2,-180(s0)
1000a03e:	f5042683          	lw	a3,-176(s0)
1000a042:	e8842503          	lw	a0,-376(s0)
1000a046:	00a580a3          	sb	a0,1(a1)
1000a04a:	0015c583          	lbu	a1,1(a1)
1000a04e:	8d2d                	xor	a0,a0,a1
1000a050:	00153593          	seqz	a1,a0
1000a054:	3dc72503          	lw	a0,988(a4)
1000a058:	3d872783          	lw	a5,984(a4)
1000a05c:	95be                	add	a1,a1,a5
1000a05e:	00f5b7b3          	sltu	a5,a1,a5
1000a062:	953e                	add	a0,a0,a5
1000a064:	3cb72c23          	sw	a1,984(a4)
1000a068:	3ca72e23          	sw	a0,988(a4)
1000a06c:	fec42503          	lw	a0,-20(s0)
1000a070:	e4a42423          	sw	a0,-440(s0)
1000a074:	fe842503          	lw	a0,-24(s0)
1000a078:	e4a42623          	sw	a0,-436(s0)
1000a07c:	fe842583          	lw	a1,-24(s0)
1000a080:	8da9                	xor	a1,a1,a0
1000a082:	0015b793          	seqz	a5,a1
1000a086:	3dc72583          	lw	a1,988(a4)
1000a08a:	3d872803          	lw	a6,984(a4)
1000a08e:	97c2                	add	a5,a5,a6
1000a090:	0107b833          	sltu	a6,a5,a6
1000a094:	95c2                	add	a1,a1,a6
1000a096:	3cf72c23          	sw	a5,984(a4)
1000a09a:	3cb72e23          	sw	a1,988(a4)
1000a09e:	cf36c5b7          	lui	a1,0xcf36c
1000a0a2:	e9c58713          	addi	a4,a1,-356 # cf36be9c <__StackTop+0xaf2e9e9c>
1000a0a6:	02e535b3          	mulhu	a1,a0,a4
1000a0aa:	20a527b3          	sh1add	a5,a0,a0
1000a0ae:	95be                	add	a1,a1,a5
1000a0b0:	02e50733          	mul	a4,a0,a4
1000a0b4:	0ee22537          	lui	a0,0xee22
1000a0b8:	0551                	addi	a0,a0,20 # ee22014 <RAM_LENGTH+0xeda2014>
1000a0ba:	953a                	add	a0,a0,a4
1000a0bc:	e4a42c23          	sw	a0,-424(s0)
1000a0c0:	00e53733          	sltu	a4,a0,a4
1000a0c4:	95ba                	add	a1,a1,a4
1000a0c6:	058d                	addi	a1,a1,3
1000a0c8:	e4b42e23          	sw	a1,-420(s0)
1000a0cc:	0fff7097          	auipc	ra,0xfff7
1000a0d0:	da4080e7          	jalr	-604(ra) # 20000e70 <__udivdi3>
1000a0d4:	f4c42603          	lw	a2,-180(s0)
1000a0d8:	f5042683          	lw	a3,-176(s0)
1000a0dc:	0fff7097          	auipc	ra,0xfff7
1000a0e0:	07a080e7          	jalr	122(ra) # 20001156 <__umoddi3>
1000a0e4:	e5c42583          	lw	a1,-420(s0)
1000a0e8:	f4c42603          	lw	a2,-180(s0)
1000a0ec:	f5042683          	lw	a3,-176(s0)
1000a0f0:	872a                	mv	a4,a0
1000a0f2:	e5842503          	lw	a0,-424(s0)
1000a0f6:	02c707b3          	mul	a5,a4,a2
1000a0fa:	e4f42a23          	sw	a5,-428(s0)
1000a0fe:	02c73733          	mulhu	a4,a4,a2
1000a102:	e4e42823          	sw	a4,-432(s0)
1000a106:	0fff7097          	auipc	ra,0xfff7
1000a10a:	050080e7          	jalr	80(ra) # 20001156 <__umoddi3>
1000a10e:	e5042783          	lw	a5,-432(s0)
1000a112:	e5442703          	lw	a4,-428(s0)
1000a116:	f4c42603          	lw	a2,-180(s0)
1000a11a:	f5042683          	lw	a3,-176(s0)
1000a11e:	882a                	mv	a6,a0
1000a120:	e5842503          	lw	a0,-424(s0)
1000a124:	e7042023          	sw	a6,-416(s0)
1000a128:	882e                	mv	a6,a1
1000a12a:	e5c42583          	lw	a1,-420(s0)
1000a12e:	e7042223          	sw	a6,-412(s0)
1000a132:	8d9d                	sub	a1,a1,a5
1000a134:	00e537b3          	sltu	a5,a0,a4
1000a138:	8d9d                	sub	a1,a1,a5
1000a13a:	8d19                	sub	a0,a0,a4
1000a13c:	0fff7097          	auipc	ra,0xfff7
1000a140:	d34080e7          	jalr	-716(ra) # 20000e70 <__udivdi3>
1000a144:	e6042603          	lw	a2,-416(s0)
1000a148:	e6442883          	lw	a7,-412(s0)
1000a14c:	f6842703          	lw	a4,-152(s0)
1000a150:	f7842683          	lw	a3,-136(s0)
1000a154:	882a                	mv	a6,a0
1000a156:	f6442503          	lw	a0,-156(s0)
1000a15a:	87ae                	mv	a5,a1
1000a15c:	f6c42583          	lw	a1,-148(s0)
1000a160:	9642                	add	a2,a2,a6
1000a162:	01063833          	sltu	a6,a2,a6
1000a166:	97c6                	add	a5,a5,a7
1000a168:	97c2                	add	a5,a5,a6
1000a16a:	02a60833          	mul	a6,a2,a0
1000a16e:	02e63533          	mulhu	a0,a2,a4
1000a172:	9542                	add	a0,a0,a6
1000a174:	02e787b3          	mul	a5,a5,a4
1000a178:	953e                	add	a0,a0,a5
1000a17a:	02e60733          	mul	a4,a2,a4
1000a17e:	8a54a637          	lui	a2,0x8a54a
1000a182:	7e860613          	addi	a2,a2,2024 # 8a54a7e8 <__StackTop+0x6a4c87e8>
1000a186:	963a                	add	a2,a2,a4
1000a188:	00e63733          	sltu	a4,a2,a4
1000a18c:	953a                	add	a0,a0,a4
1000a18e:	b028d737          	lui	a4,0xb028d
1000a192:	e0670713          	addi	a4,a4,-506 # b028ce06 <__StackTop+0x9020ae06>
1000a196:	953a                	add	a0,a0,a4
1000a198:	00b53733          	sltu	a4,a0,a1
1000a19c:	e6e42423          	sw	a4,-408(s0)
1000a1a0:	00d63633          	sltu	a2,a2,a3
1000a1a4:	e6c42623          	sw	a2,-404(s0)
1000a1a8:	00b50663          	beq	a0,a1,1000a1b4 <KeyExpansion+0xce8>
1000a1ac:	e6842503          	lw	a0,-408(s0)
1000a1b0:	e6a42623          	sw	a0,-404(s0)
1000a1b4:	f3c42503          	lw	a0,-196(s0)
1000a1b8:	e6c42583          	lw	a1,-404(s0)
1000a1bc:	deb42623          	sw	a1,-532(s0)
1000a1c0:	3dc52683          	lw	a3,988(a0)
1000a1c4:	ded42a23          	sw	a3,-524(s0)
1000a1c8:	3d852603          	lw	a2,984(a0)
1000a1cc:	dec42823          	sw	a2,-528(s0)
1000a1d0:	1000d537          	lui	a0,0x1000d
1000a1d4:	26050513          	addi	a0,a0,608 # 1000d260 <_usbd_driver+0x1fc>
1000a1d8:	8aff90ef          	jal	10003a86 <__wrap_printf>
1000a1dc:	dec42603          	lw	a2,-532(s0)
1000a1e0:	df042683          	lw	a3,-528(s0)
1000a1e4:	df442583          	lw	a1,-524(s0)
1000a1e8:	f3c42503          	lw	a0,-196(s0)
1000a1ec:	9636                	add	a2,a2,a3
1000a1ee:	00d636b3          	sltu	a3,a2,a3
1000a1f2:	96ae                	add	a3,a3,a1
1000a1f4:	3cc52c23          	sw	a2,984(a0)
1000a1f8:	3cd52e23          	sw	a3,988(a0)
1000a1fc:	1000d537          	lui	a0,0x1000d
1000a200:	28b50513          	addi	a0,a0,651 # 1000d28b <_usbd_driver+0x227>
1000a204:	883f90ef          	jal	10003a86 <__wrap_printf>
1000a208:	e4842603          	lw	a2,-440(s0)
1000a20c:	e4c42583          	lw	a1,-436(s0)
1000a210:	f3c42503          	lw	a0,-196(s0)
1000a214:	20c5c5b3          	sh2add	a1,a1,a2
1000a218:	e0b42023          	sw	a1,-512(s0)
1000a21c:	3dc52683          	lw	a3,988(a0)
1000a220:	ded42e23          	sw	a3,-516(s0)
1000a224:	3d852603          	lw	a2,984(a0)
1000a228:	dec42c23          	sw	a2,-520(s0)
1000a22c:	1000d537          	lui	a0,0x1000d
1000a230:	2b550513          	addi	a0,a0,693 # 1000d2b5 <_usbd_driver+0x251>
1000a234:	853f90ef          	jal	10003a86 <__wrap_printf>
1000a238:	df842683          	lw	a3,-520(s0)
1000a23c:	dfc42583          	lw	a1,-516(s0)
1000a240:	f3c42503          	lw	a0,-196(s0)
1000a244:	00168613          	addi	a2,a3,1
1000a248:	00d636b3          	sltu	a3,a2,a3
1000a24c:	96ae                	add	a3,a3,a1
1000a24e:	3cc52c23          	sw	a2,984(a0)
1000a252:	3cd52e23          	sw	a3,988(a0)
1000a256:	1000d537          	lui	a0,0x1000d
1000a25a:	28b50513          	addi	a0,a0,651 # 1000d28b <_usbd_driver+0x227>
1000a25e:	829f90ef          	jal	10003a86 <__wrap_printf>
1000a262:	e0042583          	lw	a1,-512(s0)
1000a266:	f3c42703          	lw	a4,-196(s0)
1000a26a:	f4c42603          	lw	a2,-180(s0)
1000a26e:	f5042683          	lw	a3,-176(s0)
1000a272:	0025c503          	lbu	a0,2(a1)
1000a276:	e0a42223          	sw	a0,-508(s0)
1000a27a:	0025c583          	lbu	a1,2(a1)
1000a27e:	8d2d                	xor	a0,a0,a1
1000a280:	00153593          	seqz	a1,a0
1000a284:	3dc72503          	lw	a0,988(a4)
1000a288:	3d872783          	lw	a5,984(a4)
1000a28c:	95be                	add	a1,a1,a5
1000a28e:	00f5b7b3          	sltu	a5,a1,a5
1000a292:	953e                	add	a0,a0,a5
1000a294:	3cb72c23          	sw	a1,984(a4)
1000a298:	3ca72e23          	sw	a0,988(a4)
1000a29c:	ff042503          	lw	a0,-16(s0)
1000a2a0:	e0a42423          	sw	a0,-504(s0)
1000a2a4:	fe842503          	lw	a0,-24(s0)
1000a2a8:	e0a42623          	sw	a0,-500(s0)
1000a2ac:	fe842583          	lw	a1,-24(s0)
1000a2b0:	8da9                	xor	a1,a1,a0
1000a2b2:	0015b793          	seqz	a5,a1
1000a2b6:	3dc72583          	lw	a1,988(a4)
1000a2ba:	3d872803          	lw	a6,984(a4)
1000a2be:	97c2                	add	a5,a5,a6
1000a2c0:	0107b833          	sltu	a6,a5,a6
1000a2c4:	95c2                	add	a1,a1,a6
1000a2c6:	3cf72c23          	sw	a5,984(a4)
1000a2ca:	3cb72e23          	sw	a1,988(a4)
1000a2ce:	bf0125b7          	lui	a1,0xbf012
1000a2d2:	ab558713          	addi	a4,a1,-1355 # bf011ab5 <__StackTop+0x9ef8fab5>
1000a2d6:	02e535b3          	mulhu	a1,a0,a4
1000a2da:	20a527b3          	sh1add	a5,a0,a0
1000a2de:	95be                	add	a1,a1,a5
1000a2e0:	02e50733          	mul	a4,a0,a4
1000a2e4:	826c6537          	lui	a0,0x826c6
1000a2e8:	67c50513          	addi	a0,a0,1660 # 826c667c <__StackTop+0x6264467c>
1000a2ec:	953a                	add	a0,a0,a4
1000a2ee:	e0a42c23          	sw	a0,-488(s0)
1000a2f2:	00e53733          	sltu	a4,a0,a4
1000a2f6:	95ba                	add	a1,a1,a4
1000a2f8:	0585                	addi	a1,a1,1
1000a2fa:	e0b42e23          	sw	a1,-484(s0)
1000a2fe:	0fff7097          	auipc	ra,0xfff7
1000a302:	b72080e7          	jalr	-1166(ra) # 20000e70 <__udivdi3>
1000a306:	f4c42603          	lw	a2,-180(s0)
1000a30a:	f5042683          	lw	a3,-176(s0)
1000a30e:	0fff7097          	auipc	ra,0xfff7
1000a312:	e48080e7          	jalr	-440(ra) # 20001156 <__umoddi3>
1000a316:	e1c42583          	lw	a1,-484(s0)
1000a31a:	f4c42603          	lw	a2,-180(s0)
1000a31e:	f5042683          	lw	a3,-176(s0)
1000a322:	872a                	mv	a4,a0
1000a324:	e1842503          	lw	a0,-488(s0)
1000a328:	02c707b3          	mul	a5,a4,a2
1000a32c:	e0f42a23          	sw	a5,-492(s0)
1000a330:	02c73733          	mulhu	a4,a4,a2
1000a334:	e0e42823          	sw	a4,-496(s0)
1000a338:	0fff7097          	auipc	ra,0xfff7
1000a33c:	e1e080e7          	jalr	-482(ra) # 20001156 <__umoddi3>
1000a340:	e1042783          	lw	a5,-496(s0)
1000a344:	e1442703          	lw	a4,-492(s0)
1000a348:	f4c42603          	lw	a2,-180(s0)
1000a34c:	f5042683          	lw	a3,-176(s0)
1000a350:	882a                	mv	a6,a0
1000a352:	e1842503          	lw	a0,-488(s0)
1000a356:	e3042023          	sw	a6,-480(s0)
1000a35a:	882e                	mv	a6,a1
1000a35c:	e1c42583          	lw	a1,-484(s0)
1000a360:	e3042223          	sw	a6,-476(s0)
1000a364:	8d9d                	sub	a1,a1,a5
1000a366:	00e537b3          	sltu	a5,a0,a4
1000a36a:	8d9d                	sub	a1,a1,a5
1000a36c:	8d19                	sub	a0,a0,a4
1000a36e:	0fff7097          	auipc	ra,0xfff7
1000a372:	b02080e7          	jalr	-1278(ra) # 20000e70 <__udivdi3>
1000a376:	e2042603          	lw	a2,-480(s0)
1000a37a:	e2442883          	lw	a7,-476(s0)
1000a37e:	f6842703          	lw	a4,-152(s0)
1000a382:	f7842683          	lw	a3,-136(s0)
1000a386:	882a                	mv	a6,a0
1000a388:	f6442503          	lw	a0,-156(s0)
1000a38c:	87ae                	mv	a5,a1
1000a38e:	f6c42583          	lw	a1,-148(s0)
1000a392:	9642                	add	a2,a2,a6
1000a394:	01063833          	sltu	a6,a2,a6
1000a398:	97c6                	add	a5,a5,a7
1000a39a:	97c2                	add	a5,a5,a6
1000a39c:	02a60833          	mul	a6,a2,a0
1000a3a0:	02e63533          	mulhu	a0,a2,a4
1000a3a4:	9542                	add	a0,a0,a6
1000a3a6:	02e787b3          	mul	a5,a5,a4
1000a3aa:	953e                	add	a0,a0,a5
1000a3ac:	02e60733          	mul	a4,a2,a4
1000a3b0:	07faf637          	lui	a2,0x7faf
1000a3b4:	87e60613          	addi	a2,a2,-1922 # 7fae87e <RAM_LENGTH+0x7f2e87e>
1000a3b8:	963a                	add	a2,a2,a4
1000a3ba:	00e63733          	sltu	a4,a2,a4
1000a3be:	953a                	add	a0,a0,a4
1000a3c0:	96c30737          	lui	a4,0x96c30
1000a3c4:	20670713          	addi	a4,a4,518 # 96c30206 <__StackTop+0x76bae206>
1000a3c8:	953a                	add	a0,a0,a4
1000a3ca:	00b53733          	sltu	a4,a0,a1
1000a3ce:	e2e42423          	sw	a4,-472(s0)
1000a3d2:	00d63633          	sltu	a2,a2,a3
1000a3d6:	e2c42623          	sw	a2,-468(s0)
1000a3da:	00b50663          	beq	a0,a1,1000a3e6 <KeyExpansion+0xf1a>
1000a3de:	e2842503          	lw	a0,-472(s0)
1000a3e2:	e2a42623          	sw	a0,-468(s0)
1000a3e6:	f3c42503          	lw	a0,-196(s0)
1000a3ea:	e2c42583          	lw	a1,-468(s0)
1000a3ee:	dab42423          	sw	a1,-600(s0)
1000a3f2:	3dc52683          	lw	a3,988(a0)
1000a3f6:	dad42823          	sw	a3,-592(s0)
1000a3fa:	3d852603          	lw	a2,984(a0)
1000a3fe:	dac42623          	sw	a2,-596(s0)
1000a402:	1000d537          	lui	a0,0x1000d
1000a406:	26050513          	addi	a0,a0,608 # 1000d260 <_usbd_driver+0x1fc>
1000a40a:	e7cf90ef          	jal	10003a86 <__wrap_printf>
1000a40e:	da842603          	lw	a2,-600(s0)
1000a412:	dac42683          	lw	a3,-596(s0)
1000a416:	db042583          	lw	a1,-592(s0)
1000a41a:	f3c42503          	lw	a0,-196(s0)
1000a41e:	9636                	add	a2,a2,a3
1000a420:	00d636b3          	sltu	a3,a2,a3
1000a424:	96ae                	add	a3,a3,a1
1000a426:	3cc52c23          	sw	a2,984(a0)
1000a42a:	3cd52e23          	sw	a3,988(a0)
1000a42e:	1000d537          	lui	a0,0x1000d
1000a432:	28b50513          	addi	a0,a0,651 # 1000d28b <_usbd_driver+0x227>
1000a436:	e50f90ef          	jal	10003a86 <__wrap_printf>
1000a43a:	e0842603          	lw	a2,-504(s0)
1000a43e:	e0c42583          	lw	a1,-500(s0)
1000a442:	f3c42503          	lw	a0,-196(s0)
1000a446:	20c5c5b3          	sh2add	a1,a1,a2
1000a44a:	dab42e23          	sw	a1,-580(s0)
1000a44e:	3dc52683          	lw	a3,988(a0)
1000a452:	dad42c23          	sw	a3,-584(s0)
1000a456:	3d852603          	lw	a2,984(a0)
1000a45a:	dac42a23          	sw	a2,-588(s0)
1000a45e:	1000d537          	lui	a0,0x1000d
1000a462:	2b550513          	addi	a0,a0,693 # 1000d2b5 <_usbd_driver+0x251>
1000a466:	e20f90ef          	jal	10003a86 <__wrap_printf>
1000a46a:	db442683          	lw	a3,-588(s0)
1000a46e:	db842583          	lw	a1,-584(s0)
1000a472:	f3c42503          	lw	a0,-196(s0)
1000a476:	00168613          	addi	a2,a3,1
1000a47a:	00d636b3          	sltu	a3,a2,a3
1000a47e:	96ae                	add	a3,a3,a1
1000a480:	3cc52c23          	sw	a2,984(a0)
1000a484:	3cd52e23          	sw	a3,988(a0)
1000a488:	1000d537          	lui	a0,0x1000d
1000a48c:	28b50513          	addi	a0,a0,651 # 1000d28b <_usbd_driver+0x227>
1000a490:	df6f90ef          	jal	10003a86 <__wrap_printf>
1000a494:	dbc42583          	lw	a1,-580(s0)
1000a498:	f3c42703          	lw	a4,-196(s0)
1000a49c:	f4c42603          	lw	a2,-180(s0)
1000a4a0:	f5042683          	lw	a3,-176(s0)
1000a4a4:	e0442503          	lw	a0,-508(s0)
1000a4a8:	00a58123          	sb	a0,2(a1)
1000a4ac:	0025c583          	lbu	a1,2(a1)
1000a4b0:	8d2d                	xor	a0,a0,a1
1000a4b2:	00153593          	seqz	a1,a0
1000a4b6:	3dc72503          	lw	a0,988(a4)
1000a4ba:	3d872783          	lw	a5,984(a4)
1000a4be:	95be                	add	a1,a1,a5
1000a4c0:	00f5b7b3          	sltu	a5,a1,a5
1000a4c4:	953e                	add	a0,a0,a5
1000a4c6:	3cb72c23          	sw	a1,984(a4)
1000a4ca:	3ca72e23          	sw	a0,988(a4)
1000a4ce:	fec42503          	lw	a0,-20(s0)
1000a4d2:	dca42023          	sw	a0,-576(s0)
1000a4d6:	fe842503          	lw	a0,-24(s0)
1000a4da:	dca42223          	sw	a0,-572(s0)
1000a4de:	fe842583          	lw	a1,-24(s0)
1000a4e2:	8da9                	xor	a1,a1,a0
1000a4e4:	0015b793          	seqz	a5,a1
1000a4e8:	3dc72583          	lw	a1,988(a4)
1000a4ec:	3d872803          	lw	a6,984(a4)
1000a4f0:	97c2                	add	a5,a5,a6
1000a4f2:	0107b833          	sltu	a6,a5,a6
1000a4f6:	95c2                	add	a1,a1,a6
1000a4f8:	3cf72c23          	sw	a5,984(a4)
1000a4fc:	3cb72e23          	sw	a1,988(a4)
1000a500:	00251593          	slli	a1,a0,0x2
1000a504:	dcb42423          	sw	a1,-568(s0)
1000a508:	337205b7          	lui	a1,0x33720
1000a50c:	97258713          	addi	a4,a1,-1678 # 3371f972 <__StackTop+0x1369d972>
1000a510:	02e535b3          	mulhu	a1,a0,a4
1000a514:	20a527b3          	sh1add	a5,a0,a0
1000a518:	95be                	add	a1,a1,a5
1000a51a:	02e50733          	mul	a4,a0,a4
1000a51e:	2242e537          	lui	a0,0x2242e
1000a522:	63450513          	addi	a0,a0,1588 # 2242e634 <__StackTop+0x23ac634>
1000a526:	953a                	add	a0,a0,a4
1000a528:	dca42a23          	sw	a0,-556(s0)
1000a52c:	00e53733          	sltu	a4,a0,a4
1000a530:	95ba                	add	a1,a1,a4
1000a532:	058d                	addi	a1,a1,3
1000a534:	dcb42c23          	sw	a1,-552(s0)
1000a538:	0fff7097          	auipc	ra,0xfff7
1000a53c:	938080e7          	jalr	-1736(ra) # 20000e70 <__udivdi3>
1000a540:	f4c42603          	lw	a2,-180(s0)
1000a544:	f5042683          	lw	a3,-176(s0)
1000a548:	0fff7097          	auipc	ra,0xfff7
1000a54c:	c0e080e7          	jalr	-1010(ra) # 20001156 <__umoddi3>
1000a550:	dd842583          	lw	a1,-552(s0)
1000a554:	f4c42603          	lw	a2,-180(s0)
1000a558:	f5042683          	lw	a3,-176(s0)
1000a55c:	872a                	mv	a4,a0
1000a55e:	dd442503          	lw	a0,-556(s0)
1000a562:	02c707b3          	mul	a5,a4,a2
1000a566:	dcf42823          	sw	a5,-560(s0)
1000a56a:	02c73733          	mulhu	a4,a4,a2
1000a56e:	dce42623          	sw	a4,-564(s0)
1000a572:	0fff7097          	auipc	ra,0xfff7
1000a576:	be4080e7          	jalr	-1052(ra) # 20001156 <__umoddi3>
1000a57a:	dcc42783          	lw	a5,-564(s0)
1000a57e:	dd042703          	lw	a4,-560(s0)
1000a582:	f4c42603          	lw	a2,-180(s0)
1000a586:	f5042683          	lw	a3,-176(s0)
1000a58a:	882a                	mv	a6,a0
1000a58c:	dd442503          	lw	a0,-556(s0)
1000a590:	dd042e23          	sw	a6,-548(s0)
1000a594:	882e                	mv	a6,a1
1000a596:	dd842583          	lw	a1,-552(s0)
1000a59a:	df042023          	sw	a6,-544(s0)
1000a59e:	8d9d                	sub	a1,a1,a5
1000a5a0:	00e537b3          	sltu	a5,a0,a4
1000a5a4:	8d9d                	sub	a1,a1,a5
1000a5a6:	8d19                	sub	a0,a0,a4
1000a5a8:	0fff7097          	auipc	ra,0xfff7
1000a5ac:	8c8080e7          	jalr	-1848(ra) # 20000e70 <__udivdi3>
1000a5b0:	ddc42603          	lw	a2,-548(s0)
1000a5b4:	de042883          	lw	a7,-544(s0)
1000a5b8:	f6842703          	lw	a4,-152(s0)
1000a5bc:	f7842683          	lw	a3,-136(s0)
1000a5c0:	882a                	mv	a6,a0
1000a5c2:	f6442503          	lw	a0,-156(s0)
1000a5c6:	87ae                	mv	a5,a1
1000a5c8:	f6c42583          	lw	a1,-148(s0)
1000a5cc:	9642                	add	a2,a2,a6
1000a5ce:	01063833          	sltu	a6,a2,a6
1000a5d2:	97c6                	add	a5,a5,a7
1000a5d4:	97c2                	add	a5,a5,a6
1000a5d6:	02a60833          	mul	a6,a2,a0
1000a5da:	02e63533          	mulhu	a0,a2,a4
1000a5de:	9542                	add	a0,a0,a6
1000a5e0:	02e787b3          	mul	a5,a5,a4
1000a5e4:	953e                	add	a0,a0,a5
1000a5e6:	02e60733          	mul	a4,a2,a4
1000a5ea:	ed063637          	lui	a2,0xed063
1000a5ee:	18e60613          	addi	a2,a2,398 # ed06318e <__StackTop+0xccfe118e>
1000a5f2:	963a                	add	a2,a2,a4
1000a5f4:	00e63733          	sltu	a4,a2,a4
1000a5f8:	953a                	add	a0,a0,a4
1000a5fa:	d72ea737          	lui	a4,0xd72ea
1000a5fe:	a7270713          	addi	a4,a4,-1422 # d72e9a72 <__StackTop+0xb7267a72>
1000a602:	953a                	add	a0,a0,a4
1000a604:	00b53733          	sltu	a4,a0,a1
1000a608:	dee42223          	sw	a4,-540(s0)
1000a60c:	00d63633          	sltu	a2,a2,a3
1000a610:	dec42423          	sw	a2,-536(s0)
1000a614:	00b50663          	beq	a0,a1,1000a620 <KeyExpansion+0x1154>
1000a618:	de442503          	lw	a0,-540(s0)
1000a61c:	dea42423          	sw	a0,-536(s0)
1000a620:	f3c42503          	lw	a0,-196(s0)
1000a624:	de842583          	lw	a1,-536(s0)
1000a628:	d8b42823          	sw	a1,-624(s0)
1000a62c:	3dc52683          	lw	a3,988(a0)
1000a630:	d8d42c23          	sw	a3,-616(s0)
1000a634:	3d852603          	lw	a2,984(a0)
1000a638:	d8c42a23          	sw	a2,-620(s0)
1000a63c:	1000d537          	lui	a0,0x1000d
1000a640:	26050513          	addi	a0,a0,608 # 1000d260 <_usbd_driver+0x1fc>
1000a644:	c42f90ef          	jal	10003a86 <__wrap_printf>
1000a648:	d9042603          	lw	a2,-624(s0)
1000a64c:	d9442683          	lw	a3,-620(s0)
1000a650:	d9842583          	lw	a1,-616(s0)
1000a654:	f3c42503          	lw	a0,-196(s0)
1000a658:	9636                	add	a2,a2,a3
1000a65a:	00d636b3          	sltu	a3,a2,a3
1000a65e:	96ae                	add	a3,a3,a1
1000a660:	3cc52c23          	sw	a2,984(a0)
1000a664:	3cd52e23          	sw	a3,988(a0)
1000a668:	1000d537          	lui	a0,0x1000d
1000a66c:	28b50513          	addi	a0,a0,651 # 1000d28b <_usbd_driver+0x227>
1000a670:	c16f90ef          	jal	10003a86 <__wrap_printf>
1000a674:	dc042703          	lw	a4,-576(s0)
1000a678:	f7842603          	lw	a2,-136(s0)
1000a67c:	dc842683          	lw	a3,-568(s0)
1000a680:	f6c42583          	lw	a1,-148(s0)
1000a684:	dc442503          	lw	a0,-572(s0)
1000a688:	20e54533          	sh2add	a0,a0,a4
1000a68c:	d8a42e23          	sw	a0,-612(s0)
1000a690:	00468513          	addi	a0,a3,4
1000a694:	00c53633          	sltu	a2,a0,a2
1000a698:	00d53533          	sltu	a0,a0,a3
1000a69c:	00b536b3          	sltu	a3,a0,a1
1000a6a0:	dad42023          	sw	a3,-608(s0)
1000a6a4:	dac42223          	sw	a2,-604(s0)
1000a6a8:	00b50663          	beq	a0,a1,1000a6b4 <KeyExpansion+0x11e8>
1000a6ac:	da042503          	lw	a0,-608(s0)
1000a6b0:	daa42223          	sw	a0,-604(s0)
1000a6b4:	f3c42503          	lw	a0,-196(s0)
1000a6b8:	da442583          	lw	a1,-604(s0)
1000a6bc:	d4b42a23          	sw	a1,-684(s0)
1000a6c0:	3dc52683          	lw	a3,988(a0)
1000a6c4:	d4d42e23          	sw	a3,-676(s0)
1000a6c8:	3d852603          	lw	a2,984(a0)
1000a6cc:	d4c42c23          	sw	a2,-680(s0)
1000a6d0:	1000d537          	lui	a0,0x1000d
1000a6d4:	2b550513          	addi	a0,a0,693 # 1000d2b5 <_usbd_driver+0x251>
1000a6d8:	baef90ef          	jal	10003a86 <__wrap_printf>
1000a6dc:	d5442603          	lw	a2,-684(s0)
1000a6e0:	d5842683          	lw	a3,-680(s0)
1000a6e4:	d5c42583          	lw	a1,-676(s0)
1000a6e8:	f3c42503          	lw	a0,-196(s0)
1000a6ec:	9636                	add	a2,a2,a3
1000a6ee:	00d636b3          	sltu	a3,a2,a3
1000a6f2:	96ae                	add	a3,a3,a1
1000a6f4:	3cc52c23          	sw	a2,984(a0)
1000a6f8:	3cd52e23          	sw	a3,988(a0)
1000a6fc:	1000d537          	lui	a0,0x1000d
1000a700:	28b50513          	addi	a0,a0,651 # 1000d28b <_usbd_driver+0x227>
1000a704:	b82f90ef          	jal	10003a86 <__wrap_printf>
1000a708:	d9c42583          	lw	a1,-612(s0)
1000a70c:	f3c42703          	lw	a4,-196(s0)
1000a710:	f4c42603          	lw	a2,-180(s0)
1000a714:	f5042683          	lw	a3,-176(s0)
1000a718:	0035c503          	lbu	a0,3(a1)
1000a71c:	d6a42023          	sw	a0,-672(s0)
1000a720:	0035c583          	lbu	a1,3(a1)
1000a724:	8d2d                	xor	a0,a0,a1
1000a726:	00153593          	seqz	a1,a0
1000a72a:	3dc72503          	lw	a0,988(a4)
1000a72e:	3d872783          	lw	a5,984(a4)
1000a732:	95be                	add	a1,a1,a5
1000a734:	00f5b7b3          	sltu	a5,a1,a5
1000a738:	953e                	add	a0,a0,a5
1000a73a:	3cb72c23          	sw	a1,984(a4)
1000a73e:	3ca72e23          	sw	a0,988(a4)
1000a742:	ff042503          	lw	a0,-16(s0)
1000a746:	d6a42223          	sw	a0,-668(s0)
1000a74a:	fe842503          	lw	a0,-24(s0)
1000a74e:	d6a42423          	sw	a0,-664(s0)
1000a752:	fe842583          	lw	a1,-24(s0)
1000a756:	8da9                	xor	a1,a1,a0
1000a758:	0015b793          	seqz	a5,a1
1000a75c:	3dc72583          	lw	a1,988(a4)
1000a760:	3d872803          	lw	a6,984(a4)
1000a764:	97c2                	add	a5,a5,a6
1000a766:	0107b833          	sltu	a6,a5,a6
1000a76a:	95c2                	add	a1,a1,a6
1000a76c:	3cf72c23          	sw	a5,984(a4)
1000a770:	3cb72e23          	sw	a1,988(a4)
1000a774:	00251593          	slli	a1,a0,0x2
1000a778:	d6b42623          	sw	a1,-660(s0)
1000a77c:	313325b7          	lui	a1,0x31332
1000a780:	80c58713          	addi	a4,a1,-2036 # 3133180c <__StackTop+0x112af80c>
1000a784:	02e535b3          	mulhu	a1,a0,a4
1000a788:	20a527b3          	sh1add	a5,a0,a0
1000a78c:	95be                	add	a1,a1,a5
1000a78e:	02e50733          	mul	a4,a0,a4
1000a792:	3423e537          	lui	a0,0x3423e
1000a796:	a9450513          	addi	a0,a0,-1388 # 3423da94 <__StackTop+0x141bba94>
1000a79a:	953a                	add	a0,a0,a4
1000a79c:	d6a42c23          	sw	a0,-648(s0)
1000a7a0:	00e53733          	sltu	a4,a0,a4
1000a7a4:	95ba                	add	a1,a1,a4
1000a7a6:	0585                	addi	a1,a1,1
1000a7a8:	d6b42e23          	sw	a1,-644(s0)
1000a7ac:	0fff6097          	auipc	ra,0xfff6
1000a7b0:	6c4080e7          	jalr	1732(ra) # 20000e70 <__udivdi3>
1000a7b4:	f4c42603          	lw	a2,-180(s0)
1000a7b8:	f5042683          	lw	a3,-176(s0)
1000a7bc:	0fff7097          	auipc	ra,0xfff7
1000a7c0:	99a080e7          	jalr	-1638(ra) # 20001156 <__umoddi3>
1000a7c4:	d7c42583          	lw	a1,-644(s0)
1000a7c8:	f4c42603          	lw	a2,-180(s0)
1000a7cc:	f5042683          	lw	a3,-176(s0)
1000a7d0:	872a                	mv	a4,a0
1000a7d2:	d7842503          	lw	a0,-648(s0)
1000a7d6:	02c707b3          	mul	a5,a4,a2
1000a7da:	d6f42a23          	sw	a5,-652(s0)
1000a7de:	02c73733          	mulhu	a4,a4,a2
1000a7e2:	d6e42823          	sw	a4,-656(s0)
1000a7e6:	0fff7097          	auipc	ra,0xfff7
1000a7ea:	970080e7          	jalr	-1680(ra) # 20001156 <__umoddi3>
1000a7ee:	d7042783          	lw	a5,-656(s0)
1000a7f2:	d7442703          	lw	a4,-652(s0)
1000a7f6:	f4c42603          	lw	a2,-180(s0)
1000a7fa:	f5042683          	lw	a3,-176(s0)
1000a7fe:	882a                	mv	a6,a0
1000a800:	d7842503          	lw	a0,-648(s0)
1000a804:	d9042023          	sw	a6,-640(s0)
1000a808:	882e                	mv	a6,a1
1000a80a:	d7c42583          	lw	a1,-644(s0)
1000a80e:	d9042223          	sw	a6,-636(s0)
1000a812:	8d9d                	sub	a1,a1,a5
1000a814:	00e537b3          	sltu	a5,a0,a4
1000a818:	8d9d                	sub	a1,a1,a5
1000a81a:	8d19                	sub	a0,a0,a4
1000a81c:	0fff6097          	auipc	ra,0xfff6
1000a820:	654080e7          	jalr	1620(ra) # 20000e70 <__udivdi3>
1000a824:	d8042603          	lw	a2,-640(s0)
1000a828:	d8442883          	lw	a7,-636(s0)
1000a82c:	f6842703          	lw	a4,-152(s0)
1000a830:	f7842683          	lw	a3,-136(s0)
1000a834:	882a                	mv	a6,a0
1000a836:	f6442503          	lw	a0,-156(s0)
1000a83a:	87ae                	mv	a5,a1
1000a83c:	f6c42583          	lw	a1,-148(s0)
1000a840:	9642                	add	a2,a2,a6
1000a842:	01063833          	sltu	a6,a2,a6
1000a846:	97c6                	add	a5,a5,a7
1000a848:	97c2                	add	a5,a5,a6
1000a84a:	02a60833          	mul	a6,a2,a0
1000a84e:	02e63533          	mulhu	a0,a2,a4
1000a852:	9542                	add	a0,a0,a6
1000a854:	02e787b3          	mul	a5,a5,a4
1000a858:	953e                	add	a0,a0,a5
1000a85a:	02e60733          	mul	a4,a2,a4
1000a85e:	1dd16637          	lui	a2,0x1dd16
1000a862:	1639                	addi	a2,a2,-18 # 1dd15fee <XIP_RAM_ORIGIN+0x9d19fee>
1000a864:	963a                	add	a2,a2,a4
1000a866:	00e63733          	sltu	a4,a2,a4
1000a86a:	953a                	add	a0,a0,a4
1000a86c:	a87b7737          	lui	a4,0xa87b7
1000a870:	ec770713          	addi	a4,a4,-313 # a87b6ec7 <__StackTop+0x88734ec7>
1000a874:	953a                	add	a0,a0,a4
1000a876:	00b53733          	sltu	a4,a0,a1
1000a87a:	d8e42423          	sw	a4,-632(s0)
1000a87e:	00d63633          	sltu	a2,a2,a3
1000a882:	d8c42623          	sw	a2,-628(s0)
1000a886:	00b50663          	beq	a0,a1,1000a892 <KeyExpansion+0x13c6>
1000a88a:	d8842503          	lw	a0,-632(s0)
1000a88e:	d8a42623          	sw	a0,-628(s0)
1000a892:	f3c42503          	lw	a0,-196(s0)
1000a896:	d8c42583          	lw	a1,-628(s0)
1000a89a:	d2b42e23          	sw	a1,-708(s0)
1000a89e:	3dc52683          	lw	a3,988(a0)
1000a8a2:	d4d42223          	sw	a3,-700(s0)
1000a8a6:	3d852603          	lw	a2,984(a0)
1000a8aa:	d4c42023          	sw	a2,-704(s0)
1000a8ae:	1000d537          	lui	a0,0x1000d
1000a8b2:	26050513          	addi	a0,a0,608 # 1000d260 <_usbd_driver+0x1fc>
1000a8b6:	9d0f90ef          	jal	10003a86 <__wrap_printf>
1000a8ba:	d3c42603          	lw	a2,-708(s0)
1000a8be:	d4042683          	lw	a3,-704(s0)
1000a8c2:	d4442583          	lw	a1,-700(s0)
1000a8c6:	f3c42503          	lw	a0,-196(s0)
1000a8ca:	9636                	add	a2,a2,a3
1000a8cc:	00d636b3          	sltu	a3,a2,a3
1000a8d0:	96ae                	add	a3,a3,a1
1000a8d2:	3cc52c23          	sw	a2,984(a0)
1000a8d6:	3cd52e23          	sw	a3,988(a0)
1000a8da:	1000d537          	lui	a0,0x1000d
1000a8de:	28b50513          	addi	a0,a0,651 # 1000d28b <_usbd_driver+0x227>
1000a8e2:	9a4f90ef          	jal	10003a86 <__wrap_printf>
1000a8e6:	d6442703          	lw	a4,-668(s0)
1000a8ea:	f7842603          	lw	a2,-136(s0)
1000a8ee:	d6c42683          	lw	a3,-660(s0)
1000a8f2:	f6c42583          	lw	a1,-148(s0)
1000a8f6:	d6842503          	lw	a0,-664(s0)
1000a8fa:	20e54533          	sh2add	a0,a0,a4
1000a8fe:	d4a42423          	sw	a0,-696(s0)
1000a902:	00468513          	addi	a0,a3,4
1000a906:	00c53633          	sltu	a2,a0,a2
1000a90a:	00d53533          	sltu	a0,a0,a3
1000a90e:	00b536b3          	sltu	a3,a0,a1
1000a912:	d4d42623          	sw	a3,-692(s0)
1000a916:	d4c42823          	sw	a2,-688(s0)
1000a91a:	00b50663          	beq	a0,a1,1000a926 <KeyExpansion+0x145a>
1000a91e:	d4c42503          	lw	a0,-692(s0)
1000a922:	d4a42823          	sw	a0,-688(s0)
1000a926:	f3c42503          	lw	a0,-196(s0)
1000a92a:	d5042583          	lw	a1,-688(s0)
1000a92e:	d2b42223          	sw	a1,-732(s0)
1000a932:	3dc52683          	lw	a3,988(a0)
1000a936:	d2d42623          	sw	a3,-724(s0)
1000a93a:	3d852603          	lw	a2,984(a0)
1000a93e:	d2c42423          	sw	a2,-728(s0)
1000a942:	1000d537          	lui	a0,0x1000d
1000a946:	2b550513          	addi	a0,a0,693 # 1000d2b5 <_usbd_driver+0x251>
1000a94a:	93cf90ef          	jal	10003a86 <__wrap_printf>
1000a94e:	d2442603          	lw	a2,-732(s0)
1000a952:	d2842683          	lw	a3,-728(s0)
1000a956:	d2c42583          	lw	a1,-724(s0)
1000a95a:	f3c42503          	lw	a0,-196(s0)
1000a95e:	9636                	add	a2,a2,a3
1000a960:	00d636b3          	sltu	a3,a2,a3
1000a964:	96ae                	add	a3,a3,a1
1000a966:	3cc52c23          	sw	a2,984(a0)
1000a96a:	3cd52e23          	sw	a3,988(a0)
1000a96e:	1000d537          	lui	a0,0x1000d
1000a972:	28b50513          	addi	a0,a0,651 # 1000d28b <_usbd_driver+0x227>
1000a976:	910f90ef          	jal	10003a86 <__wrap_printf>
1000a97a:	d4842683          	lw	a3,-696(s0)
1000a97e:	f3c42703          	lw	a4,-196(s0)
1000a982:	eec42603          	lw	a2,-276(s0)
1000a986:	f6c42583          	lw	a1,-148(s0)
1000a98a:	d6042503          	lw	a0,-672(s0)
1000a98e:	00a681a3          	sb	a0,3(a3)
1000a992:	0036c683          	lbu	a3,3(a3)
1000a996:	8d35                	xor	a0,a0,a3
1000a998:	00153693          	seqz	a3,a0
1000a99c:	3dc72503          	lw	a0,988(a4)
1000a9a0:	3d872783          	lw	a5,984(a4)
1000a9a4:	96be                	add	a3,a3,a5
1000a9a6:	00f6b7b3          	sltu	a5,a3,a5
1000a9aa:	953e                	add	a0,a0,a5
1000a9ac:	3cd72c23          	sw	a3,984(a4)
1000a9b0:	3ca72e23          	sw	a0,988(a4)
1000a9b4:	fe842503          	lw	a0,-24(s0)
1000a9b8:	fe842683          	lw	a3,-24(s0)
1000a9bc:	8ea9                	xor	a3,a3,a0
1000a9be:	0016b793          	seqz	a5,a3
1000a9c2:	3dc72683          	lw	a3,988(a4)
1000a9c6:	3d872803          	lw	a6,984(a4)
1000a9ca:	97c2                	add	a5,a5,a6
1000a9cc:	0107b833          	sltu	a6,a5,a6
1000a9d0:	96c2                	add	a3,a3,a6
1000a9d2:	3cf72c23          	sw	a5,984(a4)
1000a9d6:	3cd72e23          	sw	a3,988(a4)
1000a9da:	0505                	addi	a0,a0,1
1000a9dc:	d2a42823          	sw	a0,-720(s0)
1000a9e0:	00c53633          	sltu	a2,a0,a2
1000a9e4:	00153513          	seqz	a0,a0
1000a9e8:	00b536b3          	sltu	a3,a0,a1
1000a9ec:	d2d42a23          	sw	a3,-716(s0)
1000a9f0:	d2c42c23          	sw	a2,-712(s0)
1000a9f4:	00b50663          	beq	a0,a1,1000aa00 <KeyExpansion+0x1534>
1000a9f8:	d3442503          	lw	a0,-716(s0)
1000a9fc:	d2a42c23          	sw	a0,-712(s0)
1000aa00:	f3c42503          	lw	a0,-196(s0)
1000aa04:	d3842583          	lw	a1,-712(s0)
1000aa08:	ceb42e23          	sw	a1,-772(s0)
1000aa0c:	3dc52683          	lw	a3,988(a0)
1000aa10:	d0d42223          	sw	a3,-764(s0)
1000aa14:	3d852603          	lw	a2,984(a0)
1000aa18:	d0c42023          	sw	a2,-768(s0)
1000aa1c:	1000d537          	lui	a0,0x1000d
1000aa20:	2b550513          	addi	a0,a0,693 # 1000d2b5 <_usbd_driver+0x251>
1000aa24:	862f90ef          	jal	10003a86 <__wrap_printf>
1000aa28:	cfc42603          	lw	a2,-772(s0)
1000aa2c:	d0042683          	lw	a3,-768(s0)
1000aa30:	d0442583          	lw	a1,-764(s0)
1000aa34:	f3c42503          	lw	a0,-196(s0)
1000aa38:	9636                	add	a2,a2,a3
1000aa3a:	00d636b3          	sltu	a3,a2,a3
1000aa3e:	96ae                	add	a3,a3,a1
1000aa40:	3cc52c23          	sw	a2,984(a0)
1000aa44:	3cd52e23          	sw	a3,988(a0)
1000aa48:	1000d537          	lui	a0,0x1000d
1000aa4c:	28b50513          	addi	a0,a0,651 # 1000d28b <_usbd_driver+0x227>
1000aa50:	836f90ef          	jal	10003a86 <__wrap_printf>
1000aa54:	d3042583          	lw	a1,-720(s0)
1000aa58:	f3c42503          	lw	a0,-196(s0)
1000aa5c:	feb42423          	sw	a1,-24(s0)
1000aa60:	fe842603          	lw	a2,-24(s0)
1000aa64:	8db1                	xor	a1,a1,a2
1000aa66:	0015b613          	seqz	a2,a1
1000aa6a:	3dc52583          	lw	a1,988(a0)
1000aa6e:	3d852683          	lw	a3,984(a0)
1000aa72:	9636                	add	a2,a2,a3
1000aa74:	00d636b3          	sltu	a3,a2,a3
1000aa78:	95b6                	add	a1,a1,a3
1000aa7a:	3cc52c23          	sw	a2,984(a0)
1000aa7e:	3cb52e23          	sw	a1,988(a0)
1000aa82:	200035b7          	lui	a1,0x20003
1000aa86:	d2b42023          	sw	a1,-736(s0)
1000aa8a:	2545a683          	lw	a3,596(a1) # 20003254 <anb_prev_sig+0x4>
1000aa8e:	d0d42423          	sw	a3,-760(s0)
1000aa92:	2505a603          	lw	a2,592(a1)
1000aa96:	d0c42623          	sw	a2,-756(s0)
1000aa9a:	3dc52583          	lw	a1,988(a0)
1000aa9e:	d0b42e23          	sw	a1,-740(s0)
1000aaa2:	3d852503          	lw	a0,984(a0)
1000aaa6:	d0a42c23          	sw	a0,-744(s0)
1000aaaa:	1000d537          	lui	a0,0x1000d
1000aaae:	18750513          	addi	a0,a0,391 # 1000d187 <_usbd_driver+0x123>
1000aab2:	fd5f80ef          	jal	10003a86 <__wrap_printf>
1000aab6:	d1842603          	lw	a2,-744(s0)
1000aaba:	d1c42683          	lw	a3,-740(s0)
1000aabe:	1000d537          	lui	a0,0x1000d
1000aac2:	1af50513          	addi	a0,a0,431 # 1000d1af <_usbd_driver+0x14b>
1000aac6:	fc1f80ef          	jal	10003a86 <__wrap_printf>
1000aaca:	d0842703          	lw	a4,-760(s0)
1000aace:	d0c42583          	lw	a1,-756(s0)
1000aad2:	d1c42603          	lw	a2,-740(s0)
1000aad6:	d1842503          	lw	a0,-744(s0)
1000aada:	00b536b3          	sltu	a3,a0,a1
1000aade:	8e19                	sub	a2,a2,a4
1000aae0:	40d606b3          	sub	a3,a2,a3
1000aae4:	d0d42a23          	sw	a3,-748(s0)
1000aae8:	40b50633          	sub	a2,a0,a1
1000aaec:	d0c42823          	sw	a2,-752(s0)
1000aaf0:	1000d537          	lui	a0,0x1000d
1000aaf4:	1dc50513          	addi	a0,a0,476 # 1000d1dc <_usbd_driver+0x178>
1000aaf8:	f8ff80ef          	jal	10003a86 <__wrap_printf>
1000aafc:	f5042683          	lw	a3,-176(s0)
1000ab00:	1000d537          	lui	a0,0x1000d
1000ab04:	20350513          	addi	a0,a0,515 # 1000d203 <_usbd_driver+0x19f>
1000ab08:	02300613          	li	a2,35
1000ab0c:	f7bf80ef          	jal	10003a86 <__wrap_printf>
1000ab10:	d1042703          	lw	a4,-752(s0)
1000ab14:	d1442783          	lw	a5,-748(s0)
1000ab18:	f4042583          	lw	a1,-192(s0)
1000ab1c:	d1842603          	lw	a2,-744(s0)
1000ab20:	d1c42683          	lw	a3,-740(s0)
1000ab24:	f3c42503          	lw	a0,-196(s0)
1000ab28:	02374713          	xori	a4,a4,35
1000ab2c:	8f5d                	or	a4,a4,a5
1000ab2e:	00173713          	seqz	a4,a4
1000ab32:	177d                	addi	a4,a4,-1
1000ab34:	8dd9                	or	a1,a1,a4
1000ab36:	41d8                	lw	a4,4(a1)
1000ab38:	418c                	lw	a1,0(a1)
1000ab3a:	3cd52e23          	sw	a3,988(a0)
1000ab3e:	3cc52c23          	sw	a2,984(a0)
1000ab42:	1000d537          	lui	a0,0x1000d
1000ab46:	22b50513          	addi	a0,a0,555 # 1000d22b <_usbd_driver+0x1c7>
1000ab4a:	f3df80ef          	jal	10003a86 <__wrap_printf>
1000ab4e:	f3c42603          	lw	a2,-196(s0)
1000ab52:	d2042583          	lw	a1,-736(s0)
1000ab56:	3d862503          	lw	a0,984(a2)
1000ab5a:	3dc62603          	lw	a2,988(a2)
1000ab5e:	24c5aa23          	sw	a2,596(a1)
1000ab62:	24a5a823          	sw	a0,592(a1)
1000ab66:	addfe06f          	j	10009642 <KeyExpansion+0x176>
1000ab6a:	4511                	li	a0,4
1000ab6c:	fea42423          	sw	a0,-24(s0)
1000ab70:	fe842503          	lw	a0,-24(s0)
1000ab74:	1571                	addi	a0,a0,-4
1000ab76:	00153613          	seqz	a2,a0
1000ab7a:	20003537          	lui	a0,0x20003
1000ab7e:	cea42a23          	sw	a0,-780(s0)
1000ab82:	3d850593          	addi	a1,a0,984 # 200033d8 <runtime_sig>
1000ab86:	ceb42423          	sw	a1,-792(s0)
1000ab8a:	3dc52583          	lw	a1,988(a0)
1000ab8e:	3d852683          	lw	a3,984(a0)
1000ab92:	9636                	add	a2,a2,a3
1000ab94:	00d636b3          	sltu	a3,a2,a3
1000ab98:	95b6                	add	a1,a1,a3
1000ab9a:	3cc52c23          	sw	a2,984(a0)
1000ab9e:	3cb52e23          	sw	a1,988(a0)
1000aba2:	200035b7          	lui	a1,0x20003
1000aba6:	ceb42c23          	sw	a1,-776(s0)
1000abaa:	2545a683          	lw	a3,596(a1) # 20003254 <anb_prev_sig+0x4>
1000abae:	ccd42c23          	sw	a3,-808(s0)
1000abb2:	2505a603          	lw	a2,592(a1)
1000abb6:	ccc42e23          	sw	a2,-804(s0)
1000abba:	3dc52583          	lw	a1,988(a0)
1000abbe:	ceb42823          	sw	a1,-784(s0)
1000abc2:	3d852503          	lw	a0,984(a0)
1000abc6:	cea42623          	sw	a0,-788(s0)
1000abca:	1000d537          	lui	a0,0x1000d
1000abce:	18750513          	addi	a0,a0,391 # 1000d187 <_usbd_driver+0x123>
1000abd2:	eb5f80ef          	jal	10003a86 <__wrap_printf>
1000abd6:	cec42603          	lw	a2,-788(s0)
1000abda:	cf042683          	lw	a3,-784(s0)
1000abde:	1000d537          	lui	a0,0x1000d
1000abe2:	1af50513          	addi	a0,a0,431 # 1000d1af <_usbd_driver+0x14b>
1000abe6:	ea1f80ef          	jal	10003a86 <__wrap_printf>
1000abea:	cd842703          	lw	a4,-808(s0)
1000abee:	cdc42583          	lw	a1,-804(s0)
1000abf2:	cf042603          	lw	a2,-784(s0)
1000abf6:	cec42503          	lw	a0,-788(s0)
1000abfa:	00b536b3          	sltu	a3,a0,a1
1000abfe:	8e19                	sub	a2,a2,a4
1000ac00:	40d606b3          	sub	a3,a2,a3
1000ac04:	ced42223          	sw	a3,-796(s0)
1000ac08:	40b50633          	sub	a2,a0,a1
1000ac0c:	cec42023          	sw	a2,-800(s0)
1000ac10:	1000d537          	lui	a0,0x1000d
1000ac14:	1dc50513          	addi	a0,a0,476 # 1000d1dc <_usbd_driver+0x178>
1000ac18:	e6ff80ef          	jal	10003a86 <__wrap_printf>
1000ac1c:	1000d537          	lui	a0,0x1000d
1000ac20:	20350513          	addi	a0,a0,515 # 1000d203 <_usbd_driver+0x19f>
1000ac24:	4605                	li	a2,1
1000ac26:	4681                	li	a3,0
1000ac28:	e5ff80ef          	jal	10003a86 <__wrap_printf>
1000ac2c:	ce042703          	lw	a4,-800(s0)
1000ac30:	ce442783          	lw	a5,-796(s0)
1000ac34:	ce842583          	lw	a1,-792(s0)
1000ac38:	cec42603          	lw	a2,-788(s0)
1000ac3c:	cf042683          	lw	a3,-784(s0)
1000ac40:	cf442503          	lw	a0,-780(s0)
1000ac44:	00174713          	xori	a4,a4,1
1000ac48:	8f5d                	or	a4,a4,a5
1000ac4a:	00173713          	seqz	a4,a4
1000ac4e:	177d                	addi	a4,a4,-1
1000ac50:	8dd9                	or	a1,a1,a4
1000ac52:	41d8                	lw	a4,4(a1)
1000ac54:	418c                	lw	a1,0(a1)
1000ac56:	3cd52e23          	sw	a3,988(a0)
1000ac5a:	3cc52c23          	sw	a2,984(a0)
1000ac5e:	1000d537          	lui	a0,0x1000d
1000ac62:	22b50513          	addi	a0,a0,555 # 1000d22b <_usbd_driver+0x1c7>
1000ac66:	e21f80ef          	jal	10003a86 <__wrap_printf>
1000ac6a:	cf442603          	lw	a2,-780(s0)
1000ac6e:	cf842583          	lw	a1,-776(s0)
1000ac72:	3d862503          	lw	a0,984(a2)
1000ac76:	3dc62603          	lw	a2,988(a2)
1000ac7a:	24c5aa23          	sw	a2,596(a1)
1000ac7e:	24a5a823          	sw	a0,592(a1)
1000ac82:	a009                	j	1000ac84 <KeyExpansion+0x17b8>
1000ac84:	fe842503          	lw	a0,-24(s0)
1000ac88:	cca42a23          	sw	a0,-812(s0)
1000ac8c:	fe842583          	lw	a1,-24(s0)
1000ac90:	8d2d                	xor	a0,a0,a1
1000ac92:	00153613          	seqz	a2,a0
1000ac96:	20003537          	lui	a0,0x20003
1000ac9a:	cca42623          	sw	a0,-820(s0)
1000ac9e:	3d850593          	addi	a1,a0,984 # 200033d8 <runtime_sig>
1000aca2:	ccb42023          	sw	a1,-832(s0)
1000aca6:	3dc52583          	lw	a1,988(a0)
1000acaa:	3d852683          	lw	a3,984(a0)
1000acae:	9636                	add	a2,a2,a3
1000acb0:	00d636b3          	sltu	a3,a2,a3
1000acb4:	95b6                	add	a1,a1,a3
1000acb6:	3cc52c23          	sw	a2,984(a0)
1000acba:	3cb52e23          	sw	a1,988(a0)
1000acbe:	200035b7          	lui	a1,0x20003
1000acc2:	ccb42823          	sw	a1,-816(s0)
1000acc6:	2545a683          	lw	a3,596(a1) # 20003254 <anb_prev_sig+0x4>
1000acca:	cad42823          	sw	a3,-848(s0)
1000acce:	2505a603          	lw	a2,592(a1)
1000acd2:	cac42a23          	sw	a2,-844(s0)
1000acd6:	3dc52583          	lw	a1,988(a0)
1000acda:	ccb42423          	sw	a1,-824(s0)
1000acde:	3d852503          	lw	a0,984(a0)
1000ace2:	cca42223          	sw	a0,-828(s0)
1000ace6:	1000d537          	lui	a0,0x1000d
1000acea:	18750513          	addi	a0,a0,391 # 1000d187 <_usbd_driver+0x123>
1000acee:	d99f80ef          	jal	10003a86 <__wrap_printf>
1000acf2:	cc442603          	lw	a2,-828(s0)
1000acf6:	cc842683          	lw	a3,-824(s0)
1000acfa:	1000d537          	lui	a0,0x1000d
1000acfe:	1af50513          	addi	a0,a0,431 # 1000d1af <_usbd_driver+0x14b>
1000ad02:	d85f80ef          	jal	10003a86 <__wrap_printf>
1000ad06:	cb042703          	lw	a4,-848(s0)
1000ad0a:	cb442583          	lw	a1,-844(s0)
1000ad0e:	cc842603          	lw	a2,-824(s0)
1000ad12:	cc442503          	lw	a0,-828(s0)
1000ad16:	00b536b3          	sltu	a3,a0,a1
1000ad1a:	8e19                	sub	a2,a2,a4
1000ad1c:	40d606b3          	sub	a3,a2,a3
1000ad20:	cad42e23          	sw	a3,-836(s0)
1000ad24:	40b50633          	sub	a2,a0,a1
1000ad28:	cac42c23          	sw	a2,-840(s0)
1000ad2c:	1000d537          	lui	a0,0x1000d
1000ad30:	1dc50513          	addi	a0,a0,476 # 1000d1dc <_usbd_driver+0x178>
1000ad34:	d53f80ef          	jal	10003a86 <__wrap_printf>
1000ad38:	1000d537          	lui	a0,0x1000d
1000ad3c:	20350513          	addi	a0,a0,515 # 1000d203 <_usbd_driver+0x19f>
1000ad40:	4605                	li	a2,1
1000ad42:	4681                	li	a3,0
1000ad44:	d43f80ef          	jal	10003a86 <__wrap_printf>
1000ad48:	cb842703          	lw	a4,-840(s0)
1000ad4c:	cbc42783          	lw	a5,-836(s0)
1000ad50:	cc042583          	lw	a1,-832(s0)
1000ad54:	cc442603          	lw	a2,-828(s0)
1000ad58:	cc842683          	lw	a3,-824(s0)
1000ad5c:	ccc42503          	lw	a0,-820(s0)
1000ad60:	00174713          	xori	a4,a4,1
1000ad64:	8f5d                	or	a4,a4,a5
1000ad66:	00173713          	seqz	a4,a4
1000ad6a:	177d                	addi	a4,a4,-1
1000ad6c:	8dd9                	or	a1,a1,a4
1000ad6e:	41d8                	lw	a4,4(a1)
1000ad70:	418c                	lw	a1,0(a1)
1000ad72:	3cd52e23          	sw	a3,988(a0)
1000ad76:	3cc52c23          	sw	a2,984(a0)
1000ad7a:	1000d537          	lui	a0,0x1000d
1000ad7e:	22b50513          	addi	a0,a0,555 # 1000d22b <_usbd_driver+0x1c7>
1000ad82:	d05f80ef          	jal	10003a86 <__wrap_printf>
1000ad86:	ccc42683          	lw	a3,-820(s0)
1000ad8a:	cd042603          	lw	a2,-816(s0)
1000ad8e:	cd442583          	lw	a1,-812(s0)
1000ad92:	3d86a503          	lw	a0,984(a3)
1000ad96:	3dc6a683          	lw	a3,988(a3)
1000ad9a:	24d62a23          	sw	a3,596(a2)
1000ad9e:	24a62823          	sw	a0,592(a2)
1000ada2:	02b00513          	li	a0,43
1000ada6:	00b57463          	bgeu	a0,a1,1000adae <KeyExpansion+0x18e2>
1000adaa:	2bb0106f          	j	1000c864 <KeyExpansion+0x3398>
1000adae:	fe842503          	lw	a0,-24(s0)
1000adb2:	fe842583          	lw	a1,-24(s0)
1000adb6:	8da9                	xor	a1,a1,a0
1000adb8:	0015b693          	seqz	a3,a1
1000adbc:	20003637          	lui	a2,0x20003
1000adc0:	c8c42623          	sw	a2,-884(s0)
1000adc4:	3d860593          	addi	a1,a2,984 # 200033d8 <runtime_sig>
1000adc8:	c8b42823          	sw	a1,-880(s0)
1000adcc:	3dc62583          	lw	a1,988(a2)
1000add0:	3d862703          	lw	a4,984(a2)
1000add4:	96ba                	add	a3,a3,a4
1000add6:	00e6b733          	sltu	a4,a3,a4
1000adda:	95ba                	add	a1,a1,a4
1000addc:	3cd62c23          	sw	a3,984(a2)
1000ade0:	3cb62e23          	sw	a1,988(a2)
1000ade4:	fff50593          	addi	a1,a0,-1
1000ade8:	c8b42a23          	sw	a1,-876(s0)
1000adec:	94c5f637          	lui	a2,0x94c5f
1000adf0:	c8c42c23          	sw	a2,-872(s0)
1000adf4:	76860613          	addi	a2,a2,1896 # 94c5f768 <__StackTop+0x74bdd768>
1000adf8:	c8c42e23          	sw	a2,-868(s0)
1000adfc:	00c5b633          	sltu	a2,a1,a2
1000ae00:	00153513          	seqz	a0,a0
1000ae04:	4581                	li	a1,0
1000ae06:	cab42023          	sw	a1,-864(s0)
1000ae0a:	8d89                	sub	a1,a1,a0
1000ae0c:	66c9                	lui	a3,0x12
1000ae0e:	fab68693          	addi	a3,a3,-85 # 11fab <XIP_RAM_LENGTH+0xdfab>
1000ae12:	cad42223          	sw	a3,-860(s0)
1000ae16:	00d5b5b3          	sltu	a1,a1,a3
1000ae1a:	cab42423          	sw	a1,-856(s0)
1000ae1e:	75b9                	lui	a1,0xfffee
1000ae20:	05558593          	addi	a1,a1,85 # fffee055 <__StackTop+0xdff6c055>
1000ae24:	cac42623          	sw	a2,-852(s0)
1000ae28:	00b50663          	beq	a0,a1,1000ae34 <KeyExpansion+0x1968>
1000ae2c:	ca842503          	lw	a0,-856(s0)
1000ae30:	caa42623          	sw	a0,-852(s0)
1000ae34:	c8c42503          	lw	a0,-884(s0)
1000ae38:	cac42583          	lw	a1,-852(s0)
1000ae3c:	c4b42c23          	sw	a1,-936(s0)
1000ae40:	3dc52683          	lw	a3,988(a0)
1000ae44:	c6d42023          	sw	a3,-928(s0)
1000ae48:	3d852603          	lw	a2,984(a0)
1000ae4c:	c4c42e23          	sw	a2,-932(s0)
1000ae50:	1000d537          	lui	a0,0x1000d
1000ae54:	2e050513          	addi	a0,a0,736 # 1000d2e0 <_usbd_driver+0x27c>
1000ae58:	c2ff80ef          	jal	10003a86 <__wrap_printf>
1000ae5c:	c5842603          	lw	a2,-936(s0)
1000ae60:	c5c42683          	lw	a3,-932(s0)
1000ae64:	c6042583          	lw	a1,-928(s0)
1000ae68:	c8c42503          	lw	a0,-884(s0)
1000ae6c:	9636                	add	a2,a2,a3
1000ae6e:	00d636b3          	sltu	a3,a2,a3
1000ae72:	96ae                	add	a3,a3,a1
1000ae74:	3cc52c23          	sw	a2,984(a0)
1000ae78:	3cd52e23          	sw	a3,988(a0)
1000ae7c:	1000d537          	lui	a0,0x1000d
1000ae80:	30b50513          	addi	a0,a0,779 # 1000d30b <_usbd_driver+0x2a7>
1000ae84:	c03f80ef          	jal	10003a86 <__wrap_printf>
1000ae88:	ca042683          	lw	a3,-864(s0)
1000ae8c:	c9442503          	lw	a0,-876(s0)
1000ae90:	00251593          	slli	a1,a0,0x2
1000ae94:	c6b42223          	sw	a1,-924(s0)
1000ae98:	796045b7          	lui	a1,0x79604
1000ae9c:	01758613          	addi	a2,a1,23 # 79604017 <__StackTop+0x59582017>
1000aea0:	02c535b3          	mulhu	a1,a0,a2
1000aea4:	20a52733          	sh1add	a4,a0,a0
1000aea8:	95ba                	add	a1,a1,a4
1000aeaa:	02c50633          	mul	a2,a0,a2
1000aeae:	902e9537          	lui	a0,0x902e9
1000aeb2:	c4e50513          	addi	a0,a0,-946 # 902e8c4e <__StackTop+0x70266c4e>
1000aeb6:	9532                	add	a0,a0,a2
1000aeb8:	c6a42a23          	sw	a0,-908(s0)
1000aebc:	00c53633          	sltu	a2,a0,a2
1000aec0:	95b2                	add	a1,a1,a2
1000aec2:	0585                	addi	a1,a1,1
1000aec4:	c6b42c23          	sw	a1,-904(s0)
1000aec8:	6639                	lui	a2,0xe
1000aeca:	3d160613          	addi	a2,a2,977 # e3d1 <XIP_RAM_LENGTH+0xa3d1>
1000aece:	c6c42823          	sw	a2,-912(s0)
1000aed2:	0fff6097          	auipc	ra,0xfff6
1000aed6:	f9e080e7          	jalr	-98(ra) # 20000e70 <__udivdi3>
1000aeda:	c7042603          	lw	a2,-912(s0)
1000aede:	ca042683          	lw	a3,-864(s0)
1000aee2:	0fff6097          	auipc	ra,0xfff6
1000aee6:	274080e7          	jalr	628(ra) # 20001156 <__umoddi3>
1000aeea:	c7842583          	lw	a1,-904(s0)
1000aeee:	c7042603          	lw	a2,-912(s0)
1000aef2:	ca042683          	lw	a3,-864(s0)
1000aef6:	872a                	mv	a4,a0
1000aef8:	c7442503          	lw	a0,-908(s0)
1000aefc:	02c707b3          	mul	a5,a4,a2
1000af00:	c6f42623          	sw	a5,-916(s0)
1000af04:	02c73733          	mulhu	a4,a4,a2
1000af08:	c6e42423          	sw	a4,-920(s0)
1000af0c:	0fff6097          	auipc	ra,0xfff6
1000af10:	24a080e7          	jalr	586(ra) # 20001156 <__umoddi3>
1000af14:	c6842783          	lw	a5,-920(s0)
1000af18:	c6c42703          	lw	a4,-916(s0)
1000af1c:	c7042603          	lw	a2,-912(s0)
1000af20:	ca042683          	lw	a3,-864(s0)
1000af24:	882a                	mv	a6,a0
1000af26:	c7442503          	lw	a0,-908(s0)
1000af2a:	c7042e23          	sw	a6,-900(s0)
1000af2e:	882e                	mv	a6,a1
1000af30:	c7842583          	lw	a1,-904(s0)
1000af34:	c9042023          	sw	a6,-896(s0)
1000af38:	8d9d                	sub	a1,a1,a5
1000af3a:	00e537b3          	sltu	a5,a0,a4
1000af3e:	8d9d                	sub	a1,a1,a5
1000af40:	8d19                	sub	a0,a0,a4
1000af42:	0fff6097          	auipc	ra,0xfff6
1000af46:	f2e080e7          	jalr	-210(ra) # 20000e70 <__udivdi3>
1000af4a:	c7c42603          	lw	a2,-900(s0)
1000af4e:	c8042783          	lw	a5,-896(s0)
1000af52:	c9c42683          	lw	a3,-868(s0)
1000af56:	872a                	mv	a4,a0
1000af58:	852e                	mv	a0,a1
1000af5a:	ca442583          	lw	a1,-860(s0)
1000af5e:	963a                	add	a2,a2,a4
1000af60:	00e63733          	sltu	a4,a2,a4
1000af64:	953e                	add	a0,a0,a5
1000af66:	00e507b3          	add	a5,a0,a4
1000af6a:	589a2537          	lui	a0,0x589a2
1000af6e:	fc550513          	addi	a0,a0,-59 # 589a1fc5 <__StackTop+0x3891ffc5>
1000af72:	02a60833          	mul	a6,a2,a0
1000af76:	6d305537          	lui	a0,0x6d305
1000af7a:	53150713          	addi	a4,a0,1329 # 6d305531 <__StackTop+0x4d283531>
1000af7e:	02e63533          	mulhu	a0,a2,a4
1000af82:	9542                	add	a0,a0,a6
1000af84:	02e787b3          	mul	a5,a5,a4
1000af88:	953e                	add	a0,a0,a5
1000af8a:	02e60733          	mul	a4,a2,a4
1000af8e:	6de30637          	lui	a2,0x6de30
1000af92:	0c260613          	addi	a2,a2,194 # 6de300c2 <__StackTop+0x4ddae0c2>
1000af96:	963a                	add	a2,a2,a4
1000af98:	00e63733          	sltu	a4,a2,a4
1000af9c:	953a                	add	a0,a0,a4
1000af9e:	87953737          	lui	a4,0x87953
1000afa2:	65670713          	addi	a4,a4,1622 # 87953656 <__StackTop+0x678d1656>
1000afa6:	953a                	add	a0,a0,a4
1000afa8:	00b53733          	sltu	a4,a0,a1
1000afac:	c8e42223          	sw	a4,-892(s0)
1000afb0:	00d63633          	sltu	a2,a2,a3
1000afb4:	c8c42423          	sw	a2,-888(s0)
1000afb8:	00b50663          	beq	a0,a1,1000afc4 <KeyExpansion+0x1af8>
1000afbc:	c8442503          	lw	a0,-892(s0)
1000afc0:	c8a42423          	sw	a0,-888(s0)
1000afc4:	c8c42503          	lw	a0,-884(s0)
1000afc8:	c8842583          	lw	a1,-888(s0)
1000afcc:	c2b42823          	sw	a1,-976(s0)
1000afd0:	3dc52683          	lw	a3,988(a0)
1000afd4:	c2d42c23          	sw	a3,-968(s0)
1000afd8:	3d852603          	lw	a2,984(a0)
1000afdc:	c2c42a23          	sw	a2,-972(s0)
1000afe0:	1000d537          	lui	a0,0x1000d
1000afe4:	26050513          	addi	a0,a0,608 # 1000d260 <_usbd_driver+0x1fc>
1000afe8:	a9ff80ef          	jal	10003a86 <__wrap_printf>
1000afec:	c3042603          	lw	a2,-976(s0)
1000aff0:	c3442683          	lw	a3,-972(s0)
1000aff4:	c3842583          	lw	a1,-968(s0)
1000aff8:	c8c42503          	lw	a0,-884(s0)
1000affc:	9636                	add	a2,a2,a3
1000affe:	00d636b3          	sltu	a3,a2,a3
1000b002:	96ae                	add	a3,a3,a1
1000b004:	3cc52c23          	sw	a2,984(a0)
1000b008:	3cd52e23          	sw	a3,988(a0)
1000b00c:	1000d537          	lui	a0,0x1000d
1000b010:	28b50513          	addi	a0,a0,651 # 1000d28b <_usbd_driver+0x227>
1000b014:	a73f80ef          	jal	10003a86 <__wrap_printf>
1000b018:	c6442583          	lw	a1,-924(s0)
1000b01c:	c8c42503          	lw	a0,-884(s0)
1000b020:	feb42023          	sw	a1,-32(s0)
1000b024:	fe042603          	lw	a2,-32(s0)
1000b028:	8db1                	xor	a1,a1,a2
1000b02a:	0015b613          	seqz	a2,a1
1000b02e:	3dc52583          	lw	a1,988(a0)
1000b032:	3d852683          	lw	a3,984(a0)
1000b036:	9636                	add	a2,a2,a3
1000b038:	00d636b3          	sltu	a3,a2,a3
1000b03c:	95b6                	add	a1,a1,a3
1000b03e:	3cc52c23          	sw	a2,984(a0)
1000b042:	3cb52e23          	sw	a1,988(a0)
1000b046:	ff042583          	lw	a1,-16(s0)
1000b04a:	c4b42423          	sw	a1,-952(s0)
1000b04e:	fe042583          	lw	a1,-32(s0)
1000b052:	c4b42223          	sw	a1,-956(s0)
1000b056:	fe042603          	lw	a2,-32(s0)
1000b05a:	8db1                	xor	a1,a1,a2
1000b05c:	0015b613          	seqz	a2,a1
1000b060:	3dc52583          	lw	a1,988(a0)
1000b064:	3d852683          	lw	a3,984(a0)
1000b068:	9636                	add	a2,a2,a3
1000b06a:	00d636b3          	sltu	a3,a2,a3
1000b06e:	95b6                	add	a1,a1,a3
1000b070:	3cc52c23          	sw	a2,984(a0)
1000b074:	3cb52e23          	sw	a1,988(a0)
1000b078:	3dc52683          	lw	a3,988(a0)
1000b07c:	c4d42023          	sw	a3,-960(s0)
1000b080:	3d852603          	lw	a2,984(a0)
1000b084:	c2c42e23          	sw	a2,-964(s0)
1000b088:	1000d537          	lui	a0,0x1000d
1000b08c:	2b550513          	addi	a0,a0,693 # 1000d2b5 <_usbd_driver+0x251>
1000b090:	9f7f80ef          	jal	10003a86 <__wrap_printf>
1000b094:	c3c42603          	lw	a2,-964(s0)
1000b098:	c4042583          	lw	a1,-960(s0)
1000b09c:	c8c42503          	lw	a0,-884(s0)
1000b0a0:	0605                	addi	a2,a2,1
1000b0a2:	00163693          	seqz	a3,a2
1000b0a6:	96ae                	add	a3,a3,a1
1000b0a8:	3cc52c23          	sw	a2,984(a0)
1000b0ac:	3cd52e23          	sw	a3,988(a0)
1000b0b0:	1000d537          	lui	a0,0x1000d
1000b0b4:	28b50513          	addi	a0,a0,651 # 1000d28b <_usbd_driver+0x227>
1000b0b8:	9cff80ef          	jal	10003a86 <__wrap_printf>
1000b0bc:	c4442683          	lw	a3,-956(s0)
1000b0c0:	c8c42783          	lw	a5,-884(s0)
1000b0c4:	c9c42603          	lw	a2,-868(s0)
1000b0c8:	ca442583          	lw	a1,-860(s0)
1000b0cc:	c4842503          	lw	a0,-952(s0)
1000b0d0:	96aa                	add	a3,a3,a0
1000b0d2:	0006c503          	lbu	a0,0(a3)
1000b0d6:	0006c683          	lbu	a3,0(a3)
1000b0da:	8ea9                	xor	a3,a3,a0
1000b0dc:	0016b713          	seqz	a4,a3
1000b0e0:	3dc7a683          	lw	a3,988(a5) # d00003dc <__StackTop+0xaff7e3dc>
1000b0e4:	3d87a803          	lw	a6,984(a5)
1000b0e8:	9742                	add	a4,a4,a6
1000b0ea:	01073833          	sltu	a6,a4,a6
1000b0ee:	96c2                	add	a3,a3,a6
1000b0f0:	3ce7ac23          	sw	a4,984(a5)
1000b0f4:	3cd7ae23          	sw	a3,988(a5)
1000b0f8:	fca40e23          	sb	a0,-36(s0)
1000b0fc:	fdc44683          	lbu	a3,-36(s0)
1000b100:	8d35                	xor	a0,a0,a3
1000b102:	00153693          	seqz	a3,a0
1000b106:	3dc7a503          	lw	a0,988(a5)
1000b10a:	3d87a703          	lw	a4,984(a5)
1000b10e:	96ba                	add	a3,a3,a4
1000b110:	00e6b733          	sltu	a4,a3,a4
1000b114:	953a                	add	a0,a0,a4
1000b116:	3cd7ac23          	sw	a3,984(a5)
1000b11a:	3ca7ae23          	sw	a0,988(a5)
1000b11e:	ff042503          	lw	a0,-16(s0)
1000b122:	fe042683          	lw	a3,-32(s0)
1000b126:	fe042703          	lw	a4,-32(s0)
1000b12a:	8f35                	xor	a4,a4,a3
1000b12c:	00173813          	seqz	a6,a4
1000b130:	3dc7a703          	lw	a4,988(a5)
1000b134:	3d87a883          	lw	a7,984(a5)
1000b138:	9846                	add	a6,a6,a7
1000b13a:	011838b3          	sltu	a7,a6,a7
1000b13e:	9746                	add	a4,a4,a7
1000b140:	3d07ac23          	sw	a6,984(a5)
1000b144:	3ce7ae23          	sw	a4,988(a5)
1000b148:	9536                	add	a0,a0,a3
1000b14a:	c4a42623          	sw	a0,-948(s0)
1000b14e:	00268513          	addi	a0,a3,2
1000b152:	00c53633          	sltu	a2,a0,a2
1000b156:	00d53533          	sltu	a0,a0,a3
1000b15a:	00b536b3          	sltu	a3,a0,a1
1000b15e:	c4d42823          	sw	a3,-944(s0)
1000b162:	c4c42a23          	sw	a2,-940(s0)
1000b166:	00b50663          	beq	a0,a1,1000b172 <KeyExpansion+0x1ca6>
1000b16a:	c5042503          	lw	a0,-944(s0)
1000b16e:	c4a42a23          	sw	a0,-940(s0)
1000b172:	c8c42503          	lw	a0,-884(s0)
1000b176:	c5442583          	lw	a1,-940(s0)
1000b17a:	c0b42c23          	sw	a1,-1000(s0)
1000b17e:	3dc52683          	lw	a3,988(a0)
1000b182:	c2d42023          	sw	a3,-992(s0)
1000b186:	3d852603          	lw	a2,984(a0)
1000b18a:	c0c42e23          	sw	a2,-996(s0)
1000b18e:	1000d537          	lui	a0,0x1000d
1000b192:	2b550513          	addi	a0,a0,693 # 1000d2b5 <_usbd_driver+0x251>
1000b196:	8f1f80ef          	jal	10003a86 <__wrap_printf>
1000b19a:	c1842603          	lw	a2,-1000(s0)
1000b19e:	c1c42683          	lw	a3,-996(s0)
1000b1a2:	c2042583          	lw	a1,-992(s0)
1000b1a6:	c8c42503          	lw	a0,-884(s0)
1000b1aa:	9636                	add	a2,a2,a3
1000b1ac:	00d636b3          	sltu	a3,a2,a3
1000b1b0:	96ae                	add	a3,a3,a1
1000b1b2:	3cc52c23          	sw	a2,984(a0)
1000b1b6:	3cd52e23          	sw	a3,988(a0)
1000b1ba:	1000d537          	lui	a0,0x1000d
1000b1be:	28b50513          	addi	a0,a0,651 # 1000d28b <_usbd_driver+0x227>
1000b1c2:	8c5f80ef          	jal	10003a86 <__wrap_printf>
1000b1c6:	c4c42683          	lw	a3,-948(s0)
1000b1ca:	c8c42783          	lw	a5,-884(s0)
1000b1ce:	c9842603          	lw	a2,-872(s0)
1000b1d2:	ca442583          	lw	a1,-860(s0)
1000b1d6:	0016c503          	lbu	a0,1(a3)
1000b1da:	0016c683          	lbu	a3,1(a3)
1000b1de:	8ea9                	xor	a3,a3,a0
1000b1e0:	0016b713          	seqz	a4,a3
1000b1e4:	3dc7a683          	lw	a3,988(a5)
1000b1e8:	3d87a803          	lw	a6,984(a5)
1000b1ec:	9742                	add	a4,a4,a6
1000b1ee:	01073833          	sltu	a6,a4,a6
1000b1f2:	96c2                	add	a3,a3,a6
1000b1f4:	3ce7ac23          	sw	a4,984(a5)
1000b1f8:	3cd7ae23          	sw	a3,988(a5)
1000b1fc:	fca40ea3          	sb	a0,-35(s0)
1000b200:	fdd44683          	lbu	a3,-35(s0)
1000b204:	8d35                	xor	a0,a0,a3
1000b206:	00153693          	seqz	a3,a0
1000b20a:	3dc7a503          	lw	a0,988(a5)
1000b20e:	3d87a703          	lw	a4,984(a5)
1000b212:	96ba                	add	a3,a3,a4
1000b214:	00e6b733          	sltu	a4,a3,a4
1000b218:	953a                	add	a0,a0,a4
1000b21a:	3cd7ac23          	sw	a3,984(a5)
1000b21e:	3ca7ae23          	sw	a0,988(a5)
1000b222:	ff042503          	lw	a0,-16(s0)
1000b226:	fe042683          	lw	a3,-32(s0)
1000b22a:	fe042703          	lw	a4,-32(s0)
1000b22e:	8f35                	xor	a4,a4,a3
1000b230:	00173813          	seqz	a6,a4
1000b234:	3dc7a703          	lw	a4,988(a5)
1000b238:	3d87a883          	lw	a7,984(a5)
1000b23c:	9846                	add	a6,a6,a7
1000b23e:	011838b3          	sltu	a7,a6,a7
1000b242:	9746                	add	a4,a4,a7
1000b244:	3d07ac23          	sw	a6,984(a5)
1000b248:	3ce7ae23          	sw	a4,988(a5)
1000b24c:	9536                	add	a0,a0,a3
1000b24e:	c2a42223          	sw	a0,-988(s0)
1000b252:	00368513          	addi	a0,a3,3
1000b256:	76760613          	addi	a2,a2,1895
1000b25a:	00c53633          	sltu	a2,a0,a2
1000b25e:	00d53533          	sltu	a0,a0,a3
1000b262:	00b536b3          	sltu	a3,a0,a1
1000b266:	c2d42423          	sw	a3,-984(s0)
1000b26a:	c2c42623          	sw	a2,-980(s0)
1000b26e:	00b50663          	beq	a0,a1,1000b27a <KeyExpansion+0x1dae>
1000b272:	c2842503          	lw	a0,-984(s0)
1000b276:	c2a42623          	sw	a0,-980(s0)
1000b27a:	c8c42503          	lw	a0,-884(s0)
1000b27e:	c2c42583          	lw	a1,-980(s0)
1000b282:	c0b42023          	sw	a1,-1024(s0)
1000b286:	3dc52683          	lw	a3,988(a0)
1000b28a:	c0d42423          	sw	a3,-1016(s0)
1000b28e:	3d852603          	lw	a2,984(a0)
1000b292:	c0c42223          	sw	a2,-1020(s0)
1000b296:	1000d537          	lui	a0,0x1000d
1000b29a:	2b550513          	addi	a0,a0,693 # 1000d2b5 <_usbd_driver+0x251>
1000b29e:	fe8f80ef          	jal	10003a86 <__wrap_printf>
1000b2a2:	c0042603          	lw	a2,-1024(s0)
1000b2a6:	c0442683          	lw	a3,-1020(s0)
1000b2aa:	c0842583          	lw	a1,-1016(s0)
1000b2ae:	c8c42503          	lw	a0,-884(s0)
1000b2b2:	9636                	add	a2,a2,a3
1000b2b4:	00d636b3          	sltu	a3,a2,a3
1000b2b8:	96ae                	add	a3,a3,a1
1000b2ba:	3cc52c23          	sw	a2,984(a0)
1000b2be:	3cd52e23          	sw	a3,988(a0)
1000b2c2:	1000d537          	lui	a0,0x1000d
1000b2c6:	28b50513          	addi	a0,a0,651 # 1000d28b <_usbd_driver+0x227>
1000b2ca:	fbcf80ef          	jal	10003a86 <__wrap_printf>
1000b2ce:	c2442683          	lw	a3,-988(s0)
1000b2d2:	c8c42783          	lw	a5,-884(s0)
1000b2d6:	c9c42603          	lw	a2,-868(s0)
1000b2da:	ca442583          	lw	a1,-860(s0)
1000b2de:	0026c503          	lbu	a0,2(a3)
1000b2e2:	0026c683          	lbu	a3,2(a3)
1000b2e6:	8ea9                	xor	a3,a3,a0
1000b2e8:	0016b713          	seqz	a4,a3
1000b2ec:	3dc7a683          	lw	a3,988(a5)
1000b2f0:	3d87a803          	lw	a6,984(a5)
1000b2f4:	9742                	add	a4,a4,a6
1000b2f6:	01073833          	sltu	a6,a4,a6
1000b2fa:	96c2                	add	a3,a3,a6
1000b2fc:	3ce7ac23          	sw	a4,984(a5)
1000b300:	3cd7ae23          	sw	a3,988(a5)
1000b304:	fca40f23          	sb	a0,-34(s0)
1000b308:	fde44683          	lbu	a3,-34(s0)
1000b30c:	8d35                	xor	a0,a0,a3
1000b30e:	00153693          	seqz	a3,a0
1000b312:	3dc7a503          	lw	a0,988(a5)
1000b316:	3d87a703          	lw	a4,984(a5)
1000b31a:	96ba                	add	a3,a3,a4
1000b31c:	00e6b733          	sltu	a4,a3,a4
1000b320:	953a                	add	a0,a0,a4
1000b322:	3cd7ac23          	sw	a3,984(a5)
1000b326:	3ca7ae23          	sw	a0,988(a5)
1000b32a:	ff042503          	lw	a0,-16(s0)
1000b32e:	fe042683          	lw	a3,-32(s0)
1000b332:	fe042703          	lw	a4,-32(s0)
1000b336:	8f35                	xor	a4,a4,a3
1000b338:	00173813          	seqz	a6,a4
1000b33c:	3dc7a703          	lw	a4,988(a5)
1000b340:	3d87a883          	lw	a7,984(a5)
1000b344:	9846                	add	a6,a6,a7
1000b346:	011838b3          	sltu	a7,a6,a7
1000b34a:	9746                	add	a4,a4,a7
1000b34c:	3d07ac23          	sw	a6,984(a5)
1000b350:	3ce7ae23          	sw	a4,988(a5)
1000b354:	9536                	add	a0,a0,a3
1000b356:	c0a42623          	sw	a0,-1012(s0)
1000b35a:	00368513          	addi	a0,a3,3
1000b35e:	00c53633          	sltu	a2,a0,a2
1000b362:	00d53533          	sltu	a0,a0,a3
1000b366:	00b536b3          	sltu	a3,a0,a1
1000b36a:	c0d42823          	sw	a3,-1008(s0)
1000b36e:	c0c42a23          	sw	a2,-1004(s0)
1000b372:	00b50663          	beq	a0,a1,1000b37e <KeyExpansion+0x1eb2>
1000b376:	c1042503          	lw	a0,-1008(s0)
1000b37a:	c0a42a23          	sw	a0,-1004(s0)
1000b37e:	c8c42503          	lw	a0,-884(s0)
1000b382:	c1442583          	lw	a1,-1004(s0)
1000b386:	bcb42a23          	sw	a1,-1068(s0)
1000b38a:	3dc52683          	lw	a3,988(a0)
1000b38e:	bcd42e23          	sw	a3,-1060(s0)
1000b392:	3d852603          	lw	a2,984(a0)
1000b396:	bcc42c23          	sw	a2,-1064(s0)
1000b39a:	1000d537          	lui	a0,0x1000d
1000b39e:	2b550513          	addi	a0,a0,693 # 1000d2b5 <_usbd_driver+0x251>
1000b3a2:	ee4f80ef          	jal	10003a86 <__wrap_printf>
1000b3a6:	bd442603          	lw	a2,-1068(s0)
1000b3aa:	bd842683          	lw	a3,-1064(s0)
1000b3ae:	bdc42583          	lw	a1,-1060(s0)
1000b3b2:	c8c42503          	lw	a0,-884(s0)
1000b3b6:	9636                	add	a2,a2,a3
1000b3b8:	00d636b3          	sltu	a3,a2,a3
1000b3bc:	96ae                	add	a3,a3,a1
1000b3be:	3cc52c23          	sw	a2,984(a0)
1000b3c2:	3cd52e23          	sw	a3,988(a0)
1000b3c6:	1000d537          	lui	a0,0x1000d
1000b3ca:	28b50513          	addi	a0,a0,651 # 1000d28b <_usbd_driver+0x227>
1000b3ce:	eb8f80ef          	jal	10003a86 <__wrap_printf>
1000b3d2:	c0c42603          	lw	a2,-1012(s0)
1000b3d6:	c8c42503          	lw	a0,-884(s0)
1000b3da:	00364583          	lbu	a1,3(a2)
1000b3de:	00364603          	lbu	a2,3(a2)
1000b3e2:	8e2d                	xor	a2,a2,a1
1000b3e4:	00163693          	seqz	a3,a2
1000b3e8:	3dc52603          	lw	a2,988(a0)
1000b3ec:	3d852703          	lw	a4,984(a0)
1000b3f0:	96ba                	add	a3,a3,a4
1000b3f2:	00e6b733          	sltu	a4,a3,a4
1000b3f6:	963a                	add	a2,a2,a4
1000b3f8:	3cd52c23          	sw	a3,984(a0)
1000b3fc:	3cc52e23          	sw	a2,988(a0)
1000b400:	fcb40fa3          	sb	a1,-33(s0)
1000b404:	fdf44603          	lbu	a2,-33(s0)
1000b408:	8db1                	xor	a1,a1,a2
1000b40a:	0015b613          	seqz	a2,a1
1000b40e:	3dc52583          	lw	a1,988(a0)
1000b412:	3d852683          	lw	a3,984(a0)
1000b416:	9636                	add	a2,a2,a3
1000b418:	00d636b3          	sltu	a3,a2,a3
1000b41c:	95b6                	add	a1,a1,a3
1000b41e:	3cc52c23          	sw	a2,984(a0)
1000b422:	3cb52e23          	sw	a1,988(a0)
1000b426:	fe842583          	lw	a1,-24(s0)
1000b42a:	fe842603          	lw	a2,-24(s0)
1000b42e:	8e2d                	xor	a2,a2,a1
1000b430:	00163693          	seqz	a3,a2
1000b434:	3dc52603          	lw	a2,988(a0)
1000b438:	3d852703          	lw	a4,984(a0)
1000b43c:	96ba                	add	a3,a3,a4
1000b43e:	00e6b733          	sltu	a4,a3,a4
1000b442:	963a                	add	a2,a2,a4
1000b444:	3cd52c23          	sw	a3,984(a0)
1000b448:	3cc52e23          	sw	a2,988(a0)
1000b44c:	898d                	andi	a1,a1,3
1000b44e:	beb42e23          	sw	a1,-1028(s0)
1000b452:	200035b7          	lui	a1,0x20003
1000b456:	beb42c23          	sw	a1,-1032(s0)
1000b45a:	2545a683          	lw	a3,596(a1) # 20003254 <anb_prev_sig+0x4>
1000b45e:	bed42023          	sw	a3,-1056(s0)
1000b462:	2505a603          	lw	a2,592(a1)
1000b466:	bec42223          	sw	a2,-1052(s0)
1000b46a:	3dc52583          	lw	a1,988(a0)
1000b46e:	beb42a23          	sw	a1,-1036(s0)
1000b472:	3d852503          	lw	a0,984(a0)
1000b476:	bea42823          	sw	a0,-1040(s0)
1000b47a:	1000d537          	lui	a0,0x1000d
1000b47e:	18750513          	addi	a0,a0,391 # 1000d187 <_usbd_driver+0x123>
1000b482:	e04f80ef          	jal	10003a86 <__wrap_printf>
1000b486:	bf042603          	lw	a2,-1040(s0)
1000b48a:	bf442683          	lw	a3,-1036(s0)
1000b48e:	1000d537          	lui	a0,0x1000d
1000b492:	1af50513          	addi	a0,a0,431 # 1000d1af <_usbd_driver+0x14b>
1000b496:	df0f80ef          	jal	10003a86 <__wrap_printf>
1000b49a:	be042703          	lw	a4,-1056(s0)
1000b49e:	be442583          	lw	a1,-1052(s0)
1000b4a2:	bf442603          	lw	a2,-1036(s0)
1000b4a6:	bf042503          	lw	a0,-1040(s0)
1000b4aa:	00b536b3          	sltu	a3,a0,a1
1000b4ae:	8e19                	sub	a2,a2,a4
1000b4b0:	40d606b3          	sub	a3,a2,a3
1000b4b4:	bed42623          	sw	a3,-1044(s0)
1000b4b8:	40b50633          	sub	a2,a0,a1
1000b4bc:	bec42423          	sw	a2,-1048(s0)
1000b4c0:	1000d537          	lui	a0,0x1000d
1000b4c4:	1dc50513          	addi	a0,a0,476 # 1000d1dc <_usbd_driver+0x178>
1000b4c8:	dbef80ef          	jal	10003a86 <__wrap_printf>
1000b4cc:	ca042683          	lw	a3,-864(s0)
1000b4d0:	1000d537          	lui	a0,0x1000d
1000b4d4:	20350513          	addi	a0,a0,515 # 1000d203 <_usbd_driver+0x19f>
1000b4d8:	4655                	li	a2,21
1000b4da:	dacf80ef          	jal	10003a86 <__wrap_printf>
1000b4de:	be842703          	lw	a4,-1048(s0)
1000b4e2:	bec42783          	lw	a5,-1044(s0)
1000b4e6:	c9042583          	lw	a1,-880(s0)
1000b4ea:	bf042603          	lw	a2,-1040(s0)
1000b4ee:	bf442683          	lw	a3,-1036(s0)
1000b4f2:	c8c42503          	lw	a0,-884(s0)
1000b4f6:	01574713          	xori	a4,a4,21
1000b4fa:	8f5d                	or	a4,a4,a5
1000b4fc:	00173713          	seqz	a4,a4
1000b500:	177d                	addi	a4,a4,-1
1000b502:	8dd9                	or	a1,a1,a4
1000b504:	41d8                	lw	a4,4(a1)
1000b506:	418c                	lw	a1,0(a1)
1000b508:	3cd52e23          	sw	a3,988(a0)
1000b50c:	3cc52c23          	sw	a2,984(a0)
1000b510:	1000d537          	lui	a0,0x1000d
1000b514:	22b50513          	addi	a0,a0,555 # 1000d22b <_usbd_driver+0x1c7>
1000b518:	d6ef80ef          	jal	10003a86 <__wrap_printf>
1000b51c:	c8c42683          	lw	a3,-884(s0)
1000b520:	bf842603          	lw	a2,-1032(s0)
1000b524:	bfc42503          	lw	a0,-1028(s0)
1000b528:	3d86a583          	lw	a1,984(a3)
1000b52c:	3dc6a683          	lw	a3,988(a3)
1000b530:	24d62a23          	sw	a3,596(a2)
1000b534:	24b62823          	sw	a1,592(a2)
1000b538:	50051963          	bnez	a0,1000ba4a <KeyExpansion+0x257e>
1000b53c:	a009                	j	1000b53e <KeyExpansion+0x2072>
1000b53e:	fdc44583          	lbu	a1,-36(s0)
1000b542:	fdc44503          	lbu	a0,-36(s0)
1000b546:	8d2d                	xor	a0,a0,a1
1000b548:	00153693          	seqz	a3,a0
1000b54c:	20003537          	lui	a0,0x20003
1000b550:	bca42623          	sw	a0,-1076(s0)
1000b554:	3d850613          	addi	a2,a0,984 # 200033d8 <runtime_sig>
1000b558:	bcc42023          	sw	a2,-1088(s0)
1000b55c:	3dc52603          	lw	a2,988(a0)
1000b560:	3d852703          	lw	a4,984(a0)
1000b564:	96ba                	add	a3,a3,a4
1000b566:	00e6b733          	sltu	a4,a3,a4
1000b56a:	963a                	add	a2,a2,a4
1000b56c:	3cd52c23          	sw	a3,984(a0)
1000b570:	3cc52e23          	sw	a2,988(a0)
1000b574:	fcb40da3          	sb	a1,-37(s0)
1000b578:	fdb44603          	lbu	a2,-37(s0)
1000b57c:	8db1                	xor	a1,a1,a2
1000b57e:	0015b613          	seqz	a2,a1
1000b582:	3dc52583          	lw	a1,988(a0)
1000b586:	3d852683          	lw	a3,984(a0)
1000b58a:	9636                	add	a2,a2,a3
1000b58c:	00d636b3          	sltu	a3,a2,a3
1000b590:	95b6                	add	a1,a1,a3
1000b592:	3cc52c23          	sw	a2,984(a0)
1000b596:	3cb52e23          	sw	a1,988(a0)
1000b59a:	fdd44583          	lbu	a1,-35(s0)
1000b59e:	fdd44603          	lbu	a2,-35(s0)
1000b5a2:	8e2d                	xor	a2,a2,a1
1000b5a4:	00163693          	seqz	a3,a2
1000b5a8:	3dc52603          	lw	a2,988(a0)
1000b5ac:	3d852703          	lw	a4,984(a0)
1000b5b0:	96ba                	add	a3,a3,a4
1000b5b2:	00e6b733          	sltu	a4,a3,a4
1000b5b6:	963a                	add	a2,a2,a4
1000b5b8:	3cd52c23          	sw	a3,984(a0)
1000b5bc:	3cc52e23          	sw	a2,988(a0)
1000b5c0:	fcb40e23          	sb	a1,-36(s0)
1000b5c4:	fdc44603          	lbu	a2,-36(s0)
1000b5c8:	8db1                	xor	a1,a1,a2
1000b5ca:	0015b613          	seqz	a2,a1
1000b5ce:	3dc52583          	lw	a1,988(a0)
1000b5d2:	3d852683          	lw	a3,984(a0)
1000b5d6:	9636                	add	a2,a2,a3
1000b5d8:	00d636b3          	sltu	a3,a2,a3
1000b5dc:	95b6                	add	a1,a1,a3
1000b5de:	3cc52c23          	sw	a2,984(a0)
1000b5e2:	3cb52e23          	sw	a1,988(a0)
1000b5e6:	fde44583          	lbu	a1,-34(s0)
1000b5ea:	fde44603          	lbu	a2,-34(s0)
1000b5ee:	8e2d                	xor	a2,a2,a1
1000b5f0:	00163693          	seqz	a3,a2
1000b5f4:	3dc52603          	lw	a2,988(a0)
1000b5f8:	3d852703          	lw	a4,984(a0)
1000b5fc:	96ba                	add	a3,a3,a4
1000b5fe:	00e6b733          	sltu	a4,a3,a4
1000b602:	963a                	add	a2,a2,a4
1000b604:	3cd52c23          	sw	a3,984(a0)
1000b608:	3cc52e23          	sw	a2,988(a0)
1000b60c:	fcb40ea3          	sb	a1,-35(s0)
1000b610:	fdd44603          	lbu	a2,-35(s0)
1000b614:	8db1                	xor	a1,a1,a2
1000b616:	0015b613          	seqz	a2,a1
1000b61a:	3dc52583          	lw	a1,988(a0)
1000b61e:	3d852683          	lw	a3,984(a0)
1000b622:	9636                	add	a2,a2,a3
1000b624:	00d636b3          	sltu	a3,a2,a3
1000b628:	95b6                	add	a1,a1,a3
1000b62a:	3cc52c23          	sw	a2,984(a0)
1000b62e:	3cb52e23          	sw	a1,988(a0)
1000b632:	fdf44583          	lbu	a1,-33(s0)
1000b636:	fdf44603          	lbu	a2,-33(s0)
1000b63a:	8e2d                	xor	a2,a2,a1
1000b63c:	00163693          	seqz	a3,a2
1000b640:	3dc52603          	lw	a2,988(a0)
1000b644:	3d852703          	lw	a4,984(a0)
1000b648:	96ba                	add	a3,a3,a4
1000b64a:	00e6b733          	sltu	a4,a3,a4
1000b64e:	963a                	add	a2,a2,a4
1000b650:	3cd52c23          	sw	a3,984(a0)
1000b654:	3cc52e23          	sw	a2,988(a0)
1000b658:	fcb40f23          	sb	a1,-34(s0)
1000b65c:	fde44603          	lbu	a2,-34(s0)
1000b660:	8db1                	xor	a1,a1,a2
1000b662:	0015b613          	seqz	a2,a1
1000b666:	3dc52583          	lw	a1,988(a0)
1000b66a:	3d852683          	lw	a3,984(a0)
1000b66e:	9636                	add	a2,a2,a3
1000b670:	00d636b3          	sltu	a3,a2,a3
1000b674:	95b6                	add	a1,a1,a3
1000b676:	3cc52c23          	sw	a2,984(a0)
1000b67a:	3cb52e23          	sw	a1,988(a0)
1000b67e:	fdb44583          	lbu	a1,-37(s0)
1000b682:	fdb44603          	lbu	a2,-37(s0)
1000b686:	8e2d                	xor	a2,a2,a1
1000b688:	00163693          	seqz	a3,a2
1000b68c:	3dc52603          	lw	a2,988(a0)
1000b690:	3d852703          	lw	a4,984(a0)
1000b694:	96ba                	add	a3,a3,a4
1000b696:	00e6b733          	sltu	a4,a3,a4
1000b69a:	963a                	add	a2,a2,a4
1000b69c:	3cd52c23          	sw	a3,984(a0)
1000b6a0:	3cc52e23          	sw	a2,988(a0)
1000b6a4:	fcb40fa3          	sb	a1,-33(s0)
1000b6a8:	fdf44603          	lbu	a2,-33(s0)
1000b6ac:	8db1                	xor	a1,a1,a2
1000b6ae:	0015b613          	seqz	a2,a1
1000b6b2:	3dc52583          	lw	a1,988(a0)
1000b6b6:	3d852683          	lw	a3,984(a0)
1000b6ba:	9636                	add	a2,a2,a3
1000b6bc:	00d636b3          	sltu	a3,a2,a3
1000b6c0:	95b6                	add	a1,a1,a3
1000b6c2:	3cc52c23          	sw	a2,984(a0)
1000b6c6:	3cb52e23          	sw	a1,988(a0)
1000b6ca:	fdc44603          	lbu	a2,-36(s0)
1000b6ce:	fdc44583          	lbu	a1,-36(s0)
1000b6d2:	8db1                	xor	a1,a1,a2
1000b6d4:	0015b693          	seqz	a3,a1
1000b6d8:	3dc52583          	lw	a1,988(a0)
1000b6dc:	3d852703          	lw	a4,984(a0)
1000b6e0:	96ba                	add	a3,a3,a4
1000b6e2:	00e6b733          	sltu	a4,a3,a4
1000b6e6:	95ba                	add	a1,a1,a4
1000b6e8:	3cd52c23          	sw	a3,984(a0)
1000b6ec:	3cb52e23          	sw	a1,988(a0)
1000b6f0:	1000d5b7          	lui	a1,0x1000d
1000b6f4:	33558593          	addi	a1,a1,821 # 1000d335 <sbox>
1000b6f8:	00c586b3          	add	a3,a1,a2
1000b6fc:	0006c603          	lbu	a2,0(a3)
1000b700:	0006c683          	lbu	a3,0(a3)
1000b704:	8eb1                	xor	a3,a3,a2
1000b706:	0016b713          	seqz	a4,a3
1000b70a:	3dc52683          	lw	a3,988(a0)
1000b70e:	3d852783          	lw	a5,984(a0)
1000b712:	973e                	add	a4,a4,a5
1000b714:	00f737b3          	sltu	a5,a4,a5
1000b718:	96be                	add	a3,a3,a5
1000b71a:	3ce52c23          	sw	a4,984(a0)
1000b71e:	3cd52e23          	sw	a3,988(a0)
1000b722:	fcc40e23          	sb	a2,-36(s0)
1000b726:	fdc44683          	lbu	a3,-36(s0)
1000b72a:	8e35                	xor	a2,a2,a3
1000b72c:	00163693          	seqz	a3,a2
1000b730:	3dc52603          	lw	a2,988(a0)
1000b734:	3d852703          	lw	a4,984(a0)
1000b738:	96ba                	add	a3,a3,a4
1000b73a:	00e6b733          	sltu	a4,a3,a4
1000b73e:	963a                	add	a2,a2,a4
1000b740:	3cd52c23          	sw	a3,984(a0)
1000b744:	3cc52e23          	sw	a2,988(a0)
1000b748:	fdd44603          	lbu	a2,-35(s0)
1000b74c:	fdd44683          	lbu	a3,-35(s0)
1000b750:	8eb1                	xor	a3,a3,a2
1000b752:	0016b713          	seqz	a4,a3
1000b756:	3dc52683          	lw	a3,988(a0)
1000b75a:	3d852783          	lw	a5,984(a0)
1000b75e:	973e                	add	a4,a4,a5
1000b760:	00f737b3          	sltu	a5,a4,a5
1000b764:	96be                	add	a3,a3,a5
1000b766:	3ce52c23          	sw	a4,984(a0)
1000b76a:	3cd52e23          	sw	a3,988(a0)
1000b76e:	00c586b3          	add	a3,a1,a2
1000b772:	0006c603          	lbu	a2,0(a3)
1000b776:	0006c683          	lbu	a3,0(a3)
1000b77a:	8eb1                	xor	a3,a3,a2
1000b77c:	0016b713          	seqz	a4,a3
1000b780:	3dc52683          	lw	a3,988(a0)
1000b784:	3d852783          	lw	a5,984(a0)
1000b788:	973e                	add	a4,a4,a5
1000b78a:	00f737b3          	sltu	a5,a4,a5
1000b78e:	96be                	add	a3,a3,a5
1000b790:	3ce52c23          	sw	a4,984(a0)
1000b794:	3cd52e23          	sw	a3,988(a0)
1000b798:	fcc40ea3          	sb	a2,-35(s0)
1000b79c:	fdd44683          	lbu	a3,-35(s0)
1000b7a0:	8e35                	xor	a2,a2,a3
1000b7a2:	00163693          	seqz	a3,a2
1000b7a6:	3dc52603          	lw	a2,988(a0)
1000b7aa:	3d852703          	lw	a4,984(a0)
1000b7ae:	96ba                	add	a3,a3,a4
1000b7b0:	00e6b733          	sltu	a4,a3,a4
1000b7b4:	963a                	add	a2,a2,a4
1000b7b6:	3cd52c23          	sw	a3,984(a0)
1000b7ba:	3cc52e23          	sw	a2,988(a0)
1000b7be:	fde44603          	lbu	a2,-34(s0)
1000b7c2:	fde44683          	lbu	a3,-34(s0)
1000b7c6:	8eb1                	xor	a3,a3,a2
1000b7c8:	0016b713          	seqz	a4,a3
1000b7cc:	3dc52683          	lw	a3,988(a0)
1000b7d0:	3d852783          	lw	a5,984(a0)
1000b7d4:	973e                	add	a4,a4,a5
1000b7d6:	00f737b3          	sltu	a5,a4,a5
1000b7da:	96be                	add	a3,a3,a5
1000b7dc:	3ce52c23          	sw	a4,984(a0)
1000b7e0:	3cd52e23          	sw	a3,988(a0)
1000b7e4:	00c586b3          	add	a3,a1,a2
1000b7e8:	0006c603          	lbu	a2,0(a3)
1000b7ec:	0006c683          	lbu	a3,0(a3)
1000b7f0:	8eb1                	xor	a3,a3,a2
1000b7f2:	0016b713          	seqz	a4,a3
1000b7f6:	3dc52683          	lw	a3,988(a0)
1000b7fa:	3d852783          	lw	a5,984(a0)
1000b7fe:	973e                	add	a4,a4,a5
1000b800:	00f737b3          	sltu	a5,a4,a5
1000b804:	96be                	add	a3,a3,a5
1000b806:	3ce52c23          	sw	a4,984(a0)
1000b80a:	3cd52e23          	sw	a3,988(a0)
1000b80e:	fcc40f23          	sb	a2,-34(s0)
1000b812:	fde44683          	lbu	a3,-34(s0)
1000b816:	8e35                	xor	a2,a2,a3
1000b818:	00163693          	seqz	a3,a2
1000b81c:	3dc52603          	lw	a2,988(a0)
1000b820:	3d852703          	lw	a4,984(a0)
1000b824:	96ba                	add	a3,a3,a4
1000b826:	00e6b733          	sltu	a4,a3,a4
1000b82a:	963a                	add	a2,a2,a4
1000b82c:	3cd52c23          	sw	a3,984(a0)
1000b830:	3cc52e23          	sw	a2,988(a0)
1000b834:	fdf44603          	lbu	a2,-33(s0)
1000b838:	fdf44683          	lbu	a3,-33(s0)
1000b83c:	8eb1                	xor	a3,a3,a2
1000b83e:	0016b713          	seqz	a4,a3
1000b842:	3dc52683          	lw	a3,988(a0)
1000b846:	3d852783          	lw	a5,984(a0)
1000b84a:	973e                	add	a4,a4,a5
1000b84c:	00f737b3          	sltu	a5,a4,a5
1000b850:	96be                	add	a3,a3,a5
1000b852:	3ce52c23          	sw	a4,984(a0)
1000b856:	3cd52e23          	sw	a3,988(a0)
1000b85a:	962e                	add	a2,a2,a1
1000b85c:	00064583          	lbu	a1,0(a2)
1000b860:	00064603          	lbu	a2,0(a2)
1000b864:	8e2d                	xor	a2,a2,a1
1000b866:	00163693          	seqz	a3,a2
1000b86a:	3dc52603          	lw	a2,988(a0)
1000b86e:	3d852703          	lw	a4,984(a0)
1000b872:	96ba                	add	a3,a3,a4
1000b874:	00e6b733          	sltu	a4,a3,a4
1000b878:	963a                	add	a2,a2,a4
1000b87a:	3cd52c23          	sw	a3,984(a0)
1000b87e:	3cc52e23          	sw	a2,988(a0)
1000b882:	fcb40fa3          	sb	a1,-33(s0)
1000b886:	fdf44603          	lbu	a2,-33(s0)
1000b88a:	8db1                	xor	a1,a1,a2
1000b88c:	0015b613          	seqz	a2,a1
1000b890:	3dc52583          	lw	a1,988(a0)
1000b894:	3d852683          	lw	a3,984(a0)
1000b898:	9636                	add	a2,a2,a3
1000b89a:	00d636b3          	sltu	a3,a2,a3
1000b89e:	95b6                	add	a1,a1,a3
1000b8a0:	3cc52c23          	sw	a2,984(a0)
1000b8a4:	3cb52e23          	sw	a1,988(a0)
1000b8a8:	fdc44583          	lbu	a1,-36(s0)
1000b8ac:	fdc44603          	lbu	a2,-36(s0)
1000b8b0:	8e2d                	xor	a2,a2,a1
1000b8b2:	00163693          	seqz	a3,a2
1000b8b6:	3dc52603          	lw	a2,988(a0)
1000b8ba:	3d852703          	lw	a4,984(a0)
1000b8be:	96ba                	add	a3,a3,a4
1000b8c0:	00e6b733          	sltu	a4,a3,a4
1000b8c4:	963a                	add	a2,a2,a4
1000b8c6:	3cd52c23          	sw	a3,984(a0)
1000b8ca:	3cc52e23          	sw	a2,988(a0)
1000b8ce:	fe842603          	lw	a2,-24(s0)
1000b8d2:	fe842683          	lw	a3,-24(s0)
1000b8d6:	8eb1                	xor	a3,a3,a2
1000b8d8:	0016b713          	seqz	a4,a3
1000b8dc:	3dc52683          	lw	a3,988(a0)
1000b8e0:	3d852783          	lw	a5,984(a0)
1000b8e4:	973e                	add	a4,a4,a5
1000b8e6:	00f737b3          	sltu	a5,a4,a5
1000b8ea:	96be                	add	a3,a3,a5
1000b8ec:	3ce52c23          	sw	a4,984(a0)
1000b8f0:	3cd52e23          	sw	a3,988(a0)
1000b8f4:	00265693          	srli	a3,a2,0x2
1000b8f8:	1000d637          	lui	a2,0x1000d
1000b8fc:	43560613          	addi	a2,a2,1077 # 1000d435 <Rcon>
1000b900:	96b2                	add	a3,a3,a2
1000b902:	0006c603          	lbu	a2,0(a3)
1000b906:	0006c683          	lbu	a3,0(a3)
1000b90a:	8eb1                	xor	a3,a3,a2
1000b90c:	0016b713          	seqz	a4,a3
1000b910:	3dc52683          	lw	a3,988(a0)
1000b914:	3d852783          	lw	a5,984(a0)
1000b918:	973e                	add	a4,a4,a5
1000b91a:	00f737b3          	sltu	a5,a4,a5
1000b91e:	96be                	add	a3,a3,a5
1000b920:	3ce52c23          	sw	a4,984(a0)
1000b924:	3cd52e23          	sw	a3,988(a0)
1000b928:	8db1                	xor	a1,a1,a2
1000b92a:	3dc52603          	lw	a2,988(a0)
1000b92e:	3d852683          	lw	a3,984(a0)
1000b932:	0685                	addi	a3,a3,1
1000b934:	0016b713          	seqz	a4,a3
1000b938:	963a                	add	a2,a2,a4
1000b93a:	3cd52c23          	sw	a3,984(a0)
1000b93e:	3cc52e23          	sw	a2,988(a0)
1000b942:	fcb40e23          	sb	a1,-36(s0)
1000b946:	fdc44603          	lbu	a2,-36(s0)
1000b94a:	8db1                	xor	a1,a1,a2
1000b94c:	0015b613          	seqz	a2,a1
1000b950:	3dc52583          	lw	a1,988(a0)
1000b954:	3d852683          	lw	a3,984(a0)
1000b958:	9636                	add	a2,a2,a3
1000b95a:	00d636b3          	sltu	a3,a2,a3
1000b95e:	95b6                	add	a1,a1,a3
1000b960:	3cc52c23          	sw	a2,984(a0)
1000b964:	3cb52e23          	sw	a1,988(a0)
1000b968:	200035b7          	lui	a1,0x20003
1000b96c:	bcb42823          	sw	a1,-1072(s0)
1000b970:	2545a683          	lw	a3,596(a1) # 20003254 <anb_prev_sig+0x4>
1000b974:	bad42823          	sw	a3,-1104(s0)
1000b978:	2505a603          	lw	a2,592(a1)
1000b97c:	bac42a23          	sw	a2,-1100(s0)
1000b980:	3dc52583          	lw	a1,988(a0)
1000b984:	bcb42423          	sw	a1,-1080(s0)
1000b988:	3d852503          	lw	a0,984(a0)
1000b98c:	bca42223          	sw	a0,-1084(s0)
1000b990:	1000d537          	lui	a0,0x1000d
1000b994:	18750513          	addi	a0,a0,391 # 1000d187 <_usbd_driver+0x123>
1000b998:	8eef80ef          	jal	10003a86 <__wrap_printf>
1000b99c:	bc442603          	lw	a2,-1084(s0)
1000b9a0:	bc842683          	lw	a3,-1080(s0)
1000b9a4:	1000d537          	lui	a0,0x1000d
1000b9a8:	1af50513          	addi	a0,a0,431 # 1000d1af <_usbd_driver+0x14b>
1000b9ac:	8daf80ef          	jal	10003a86 <__wrap_printf>
1000b9b0:	bb042703          	lw	a4,-1104(s0)
1000b9b4:	bb442583          	lw	a1,-1100(s0)
1000b9b8:	bc842603          	lw	a2,-1080(s0)
1000b9bc:	bc442503          	lw	a0,-1084(s0)
1000b9c0:	00b536b3          	sltu	a3,a0,a1
1000b9c4:	8e19                	sub	a2,a2,a4
1000b9c6:	40d606b3          	sub	a3,a2,a3
1000b9ca:	bad42e23          	sw	a3,-1092(s0)
1000b9ce:	40b50633          	sub	a2,a0,a1
1000b9d2:	bac42c23          	sw	a2,-1096(s0)
1000b9d6:	1000d537          	lui	a0,0x1000d
1000b9da:	1dc50513          	addi	a0,a0,476 # 1000d1dc <_usbd_driver+0x178>
1000b9de:	8a8f80ef          	jal	10003a86 <__wrap_printf>
1000b9e2:	1000d537          	lui	a0,0x1000d
1000b9e6:	20350513          	addi	a0,a0,515 # 1000d203 <_usbd_driver+0x19f>
1000b9ea:	466d                	li	a2,27
1000b9ec:	4681                	li	a3,0
1000b9ee:	898f80ef          	jal	10003a86 <__wrap_printf>
1000b9f2:	bb842703          	lw	a4,-1096(s0)
1000b9f6:	bbc42783          	lw	a5,-1092(s0)
1000b9fa:	bc042583          	lw	a1,-1088(s0)
1000b9fe:	bc442603          	lw	a2,-1084(s0)
1000ba02:	bc842683          	lw	a3,-1080(s0)
1000ba06:	bcc42503          	lw	a0,-1076(s0)
1000ba0a:	01b74713          	xori	a4,a4,27
1000ba0e:	8f5d                	or	a4,a4,a5
1000ba10:	00173713          	seqz	a4,a4
1000ba14:	177d                	addi	a4,a4,-1
1000ba16:	8dd9                	or	a1,a1,a4
1000ba18:	41d8                	lw	a4,4(a1)
1000ba1a:	418c                	lw	a1,0(a1)
1000ba1c:	3cd52e23          	sw	a3,988(a0)
1000ba20:	3cc52c23          	sw	a2,984(a0)
1000ba24:	1000d537          	lui	a0,0x1000d
1000ba28:	22b50513          	addi	a0,a0,555 # 1000d22b <_usbd_driver+0x1c7>
1000ba2c:	85af80ef          	jal	10003a86 <__wrap_printf>
1000ba30:	bcc42603          	lw	a2,-1076(s0)
1000ba34:	bd042583          	lw	a1,-1072(s0)
1000ba38:	3d862503          	lw	a0,984(a2)
1000ba3c:	3dc62603          	lw	a2,988(a2)
1000ba40:	24c5aa23          	sw	a2,596(a1)
1000ba44:	24a5a823          	sw	a0,592(a1)
1000ba48:	a009                	j	1000ba4a <KeyExpansion+0x257e>
1000ba4a:	fe842503          	lw	a0,-24(s0)
1000ba4e:	fe842583          	lw	a1,-24(s0)
1000ba52:	8da9                	xor	a1,a1,a0
1000ba54:	0015b693          	seqz	a3,a1
1000ba58:	20003637          	lui	a2,0x20003
1000ba5c:	b6c42223          	sw	a2,-1180(s0)
1000ba60:	3d860593          	addi	a1,a2,984 # 200033d8 <runtime_sig>
1000ba64:	b6b42423          	sw	a1,-1176(s0)
1000ba68:	3dc62583          	lw	a1,988(a2)
1000ba6c:	3d862703          	lw	a4,984(a2)
1000ba70:	96ba                	add	a3,a3,a4
1000ba72:	00e6b733          	sltu	a4,a3,a4
1000ba76:	95ba                	add	a1,a1,a4
1000ba78:	3cd62c23          	sw	a3,984(a2)
1000ba7c:	3cb62e23          	sw	a1,988(a2)
1000ba80:	00251593          	slli	a1,a0,0x2
1000ba84:	b6b42623          	sw	a1,-1172(s0)
1000ba88:	d8f0b5b7          	lui	a1,0xd8f0b
1000ba8c:	4ea58613          	addi	a2,a1,1258 # d8f0b4ea <__StackTop+0xb8e894ea>
1000ba90:	02c535b3          	mulhu	a1,a0,a2
1000ba94:	20a526b3          	sh1add	a3,a0,a0
1000ba98:	95b6                	add	a1,a1,a3
1000ba9a:	02c50633          	mul	a2,a0,a2
1000ba9e:	73095537          	lui	a0,0x73095
1000baa2:	7b650513          	addi	a0,a0,1974 # 730957b6 <__StackTop+0x530137b6>
1000baa6:	9532                	add	a0,a0,a2
1000baa8:	b8a42023          	sw	a0,-1152(s0)
1000baac:	00c53633          	sltu	a2,a0,a2
1000bab0:	95b2                	add	a1,a1,a2
1000bab2:	058d                	addi	a1,a1,3
1000bab4:	b8b42223          	sw	a1,-1148(s0)
1000bab8:	6639                	lui	a2,0xe
1000baba:	3d160613          	addi	a2,a2,977 # e3d1 <XIP_RAM_LENGTH+0xa3d1>
1000babe:	b6c42c23          	sw	a2,-1160(s0)
1000bac2:	4681                	li	a3,0
1000bac4:	b6d42e23          	sw	a3,-1156(s0)
1000bac8:	0fff5097          	auipc	ra,0xfff5
1000bacc:	3a8080e7          	jalr	936(ra) # 20000e70 <__udivdi3>
1000bad0:	b7842603          	lw	a2,-1160(s0)
1000bad4:	b7c42683          	lw	a3,-1156(s0)
1000bad8:	0fff5097          	auipc	ra,0xfff5
1000badc:	67e080e7          	jalr	1662(ra) # 20001156 <__umoddi3>
1000bae0:	b8442583          	lw	a1,-1148(s0)
1000bae4:	b7842603          	lw	a2,-1160(s0)
1000bae8:	b7c42683          	lw	a3,-1156(s0)
1000baec:	872a                	mv	a4,a0
1000baee:	b8042503          	lw	a0,-1152(s0)
1000baf2:	02c707b3          	mul	a5,a4,a2
1000baf6:	b6f42a23          	sw	a5,-1164(s0)
1000bafa:	02c73733          	mulhu	a4,a4,a2
1000bafe:	b6e42823          	sw	a4,-1168(s0)
1000bb02:	0fff5097          	auipc	ra,0xfff5
1000bb06:	654080e7          	jalr	1620(ra) # 20001156 <__umoddi3>
1000bb0a:	b7042783          	lw	a5,-1168(s0)
1000bb0e:	b7442703          	lw	a4,-1164(s0)
1000bb12:	b7842603          	lw	a2,-1160(s0)
1000bb16:	b7c42683          	lw	a3,-1156(s0)
1000bb1a:	882a                	mv	a6,a0
1000bb1c:	b8042503          	lw	a0,-1152(s0)
1000bb20:	b9042623          	sw	a6,-1140(s0)
1000bb24:	882e                	mv	a6,a1
1000bb26:	b8442583          	lw	a1,-1148(s0)
1000bb2a:	b9042423          	sw	a6,-1144(s0)
1000bb2e:	8d9d                	sub	a1,a1,a5
1000bb30:	00e537b3          	sltu	a5,a0,a4
1000bb34:	8d9d                	sub	a1,a1,a5
1000bb36:	8d19                	sub	a0,a0,a4
1000bb38:	0fff5097          	auipc	ra,0xfff5
1000bb3c:	338080e7          	jalr	824(ra) # 20000e70 <__udivdi3>
1000bb40:	b8842683          	lw	a3,-1144(s0)
1000bb44:	862a                	mv	a2,a0
1000bb46:	852e                	mv	a0,a1
1000bb48:	b8c42583          	lw	a1,-1140(s0)
1000bb4c:	95b2                	add	a1,a1,a2
1000bb4e:	00c5b633          	sltu	a2,a1,a2
1000bb52:	9536                	add	a0,a0,a3
1000bb54:	00c506b3          	add	a3,a0,a2
1000bb58:	589a2537          	lui	a0,0x589a2
1000bb5c:	fc550513          	addi	a0,a0,-59 # 589a1fc5 <__StackTop+0x3891ffc5>
1000bb60:	b8a42823          	sw	a0,-1136(s0)
1000bb64:	02a58733          	mul	a4,a1,a0
1000bb68:	6d305537          	lui	a0,0x6d305
1000bb6c:	53150613          	addi	a2,a0,1329 # 6d305531 <__StackTop+0x4d283531>
1000bb70:	b8c42a23          	sw	a2,-1132(s0)
1000bb74:	02c5b533          	mulhu	a0,a1,a2
1000bb78:	953a                	add	a0,a0,a4
1000bb7a:	02c686b3          	mul	a3,a3,a2
1000bb7e:	9536                	add	a0,a0,a3
1000bb80:	02c585b3          	mul	a1,a1,a2
1000bb84:	f0fab637          	lui	a2,0xf0fab
1000bb88:	87160613          	addi	a2,a2,-1935 # f0faa871 <__StackTop+0xd0f28871>
1000bb8c:	962e                	add	a2,a2,a1
1000bb8e:	00b635b3          	sltu	a1,a2,a1
1000bb92:	952e                	add	a0,a0,a1
1000bb94:	8c12c5b7          	lui	a1,0x8c12c
1000bb98:	4fd58593          	addi	a1,a1,1277 # 8c12c4fd <__StackTop+0x6c0aa4fd>
1000bb9c:	952e                	add	a0,a0,a1
1000bb9e:	65c9                	lui	a1,0x12
1000bba0:	b8b42c23          	sw	a1,-1128(s0)
1000bba4:	fab58593          	addi	a1,a1,-85 # 11fab <XIP_RAM_LENGTH+0xdfab>
1000bba8:	b8b42e23          	sw	a1,-1124(s0)
1000bbac:	00b536b3          	sltu	a3,a0,a1
1000bbb0:	bad42023          	sw	a3,-1120(s0)
1000bbb4:	94c5f6b7          	lui	a3,0x94c5f
1000bbb8:	bad42223          	sw	a3,-1116(s0)
1000bbbc:	76868693          	addi	a3,a3,1896 # 94c5f768 <__StackTop+0x74bdd768>
1000bbc0:	bad42423          	sw	a3,-1112(s0)
1000bbc4:	00d63633          	sltu	a2,a2,a3
1000bbc8:	bac42623          	sw	a2,-1108(s0)
1000bbcc:	00b50663          	beq	a0,a1,1000bbd8 <KeyExpansion+0x270c>
1000bbd0:	ba042503          	lw	a0,-1120(s0)
1000bbd4:	baa42623          	sw	a0,-1108(s0)
1000bbd8:	b6442503          	lw	a0,-1180(s0)
1000bbdc:	bac42583          	lw	a1,-1108(s0)
1000bbe0:	b4b42623          	sw	a1,-1204(s0)
1000bbe4:	3dc52683          	lw	a3,988(a0)
1000bbe8:	b4d42a23          	sw	a3,-1196(s0)
1000bbec:	3d852603          	lw	a2,984(a0)
1000bbf0:	b4c42823          	sw	a2,-1200(s0)
1000bbf4:	1000d537          	lui	a0,0x1000d
1000bbf8:	26050513          	addi	a0,a0,608 # 1000d260 <_usbd_driver+0x1fc>
1000bbfc:	e8bf70ef          	jal	10003a86 <__wrap_printf>
1000bc00:	b4c42603          	lw	a2,-1204(s0)
1000bc04:	b5042683          	lw	a3,-1200(s0)
1000bc08:	b5442583          	lw	a1,-1196(s0)
1000bc0c:	b6442503          	lw	a0,-1180(s0)
1000bc10:	9636                	add	a2,a2,a3
1000bc12:	00d636b3          	sltu	a3,a2,a3
1000bc16:	96ae                	add	a3,a3,a1
1000bc18:	3cc52c23          	sw	a2,984(a0)
1000bc1c:	3cd52e23          	sw	a3,988(a0)
1000bc20:	1000d537          	lui	a0,0x1000d
1000bc24:	28b50513          	addi	a0,a0,651 # 1000d28b <_usbd_driver+0x227>
1000bc28:	e5ff70ef          	jal	10003a86 <__wrap_printf>
1000bc2c:	b6442783          	lw	a5,-1180(s0)
1000bc30:	ba842603          	lw	a2,-1112(s0)
1000bc34:	b9c42703          	lw	a4,-1124(s0)
1000bc38:	b9842583          	lw	a1,-1128(s0)
1000bc3c:	b6c42503          	lw	a0,-1172(s0)
1000bc40:	fea42223          	sw	a0,-28(s0)
1000bc44:	fe442683          	lw	a3,-28(s0)
1000bc48:	8d35                	xor	a0,a0,a3
1000bc4a:	00153693          	seqz	a3,a0
1000bc4e:	3dc7a503          	lw	a0,988(a5)
1000bc52:	3d87a803          	lw	a6,984(a5)
1000bc56:	96c2                	add	a3,a3,a6
1000bc58:	0106b833          	sltu	a6,a3,a6
1000bc5c:	9542                	add	a0,a0,a6
1000bc5e:	3cd7ac23          	sw	a3,984(a5)
1000bc62:	3ca7ae23          	sw	a0,988(a5)
1000bc66:	fe842683          	lw	a3,-24(s0)
1000bc6a:	fe842503          	lw	a0,-24(s0)
1000bc6e:	8d35                	xor	a0,a0,a3
1000bc70:	00153813          	seqz	a6,a0
1000bc74:	3dc7a503          	lw	a0,988(a5)
1000bc78:	3d87a883          	lw	a7,984(a5)
1000bc7c:	9846                	add	a6,a6,a7
1000bc7e:	011838b3          	sltu	a7,a6,a7
1000bc82:	9546                	add	a0,a0,a7
1000bc84:	3d07ac23          	sw	a6,984(a5)
1000bc88:	3ca7ae23          	sw	a0,988(a5)
1000bc8c:	ffc68513          	addi	a0,a3,-4
1000bc90:	b4a42c23          	sw	a0,-1192(s0)
1000bc94:	00c53633          	sltu	a2,a0,a2
1000bc98:	00d53533          	sltu	a0,a0,a3
1000bc9c:	fff50693          	addi	a3,a0,-1
1000bca0:	00e6b6b3          	sltu	a3,a3,a4
1000bca4:	b4d42e23          	sw	a3,-1188(s0)
1000bca8:	fac58593          	addi	a1,a1,-84
1000bcac:	b6c42023          	sw	a2,-1184(s0)
1000bcb0:	00b50663          	beq	a0,a1,1000bcbc <KeyExpansion+0x27f0>
1000bcb4:	b5c42503          	lw	a0,-1188(s0)
1000bcb8:	b6a42023          	sw	a0,-1184(s0)
1000bcbc:	b6442503          	lw	a0,-1180(s0)
1000bcc0:	b6042583          	lw	a1,-1184(s0)
1000bcc4:	b0b42e23          	sw	a1,-1252(s0)
1000bcc8:	3dc52683          	lw	a3,988(a0)
1000bccc:	b2d42223          	sw	a3,-1244(s0)
1000bcd0:	3d852603          	lw	a2,984(a0)
1000bcd4:	b2c42023          	sw	a2,-1248(s0)
1000bcd8:	1000d537          	lui	a0,0x1000d
1000bcdc:	2e050513          	addi	a0,a0,736 # 1000d2e0 <_usbd_driver+0x27c>
1000bce0:	da7f70ef          	jal	10003a86 <__wrap_printf>
1000bce4:	b1c42603          	lw	a2,-1252(s0)
1000bce8:	b2042683          	lw	a3,-1248(s0)
1000bcec:	b2442583          	lw	a1,-1244(s0)
1000bcf0:	b6442503          	lw	a0,-1180(s0)
1000bcf4:	9636                	add	a2,a2,a3
1000bcf6:	00d636b3          	sltu	a3,a2,a3
1000bcfa:	96ae                	add	a3,a3,a1
1000bcfc:	3cc52c23          	sw	a2,984(a0)
1000bd00:	3cd52e23          	sw	a3,988(a0)
1000bd04:	1000d537          	lui	a0,0x1000d
1000bd08:	30b50513          	addi	a0,a0,779 # 1000d30b <_usbd_driver+0x2a7>
1000bd0c:	d7bf70ef          	jal	10003a86 <__wrap_printf>
1000bd10:	b7842603          	lw	a2,-1160(s0)
1000bd14:	b7c42683          	lw	a3,-1156(s0)
1000bd18:	b5842503          	lw	a0,-1192(s0)
1000bd1c:	00251593          	slli	a1,a0,0x2
1000bd20:	b2b42423          	sw	a1,-1240(s0)
1000bd24:	f09085b7          	lui	a1,0xf0908
1000bd28:	53658713          	addi	a4,a1,1334 # f0908536 <__StackTop+0xd0886536>
1000bd2c:	02e535b3          	mulhu	a1,a0,a4
1000bd30:	20a527b3          	sh1add	a5,a0,a0
1000bd34:	95be                	add	a1,a1,a5
1000bd36:	02e50733          	mul	a4,a0,a4
1000bd3a:	d9808537          	lui	a0,0xd9808
1000bd3e:	33050513          	addi	a0,a0,816 # d9808330 <__StackTop+0xb9786330>
1000bd42:	953a                	add	a0,a0,a4
1000bd44:	b2a42a23          	sw	a0,-1228(s0)
1000bd48:	00e53733          	sltu	a4,a0,a4
1000bd4c:	95ba                	add	a1,a1,a4
1000bd4e:	0589                	addi	a1,a1,2
1000bd50:	b2b42c23          	sw	a1,-1224(s0)
1000bd54:	0fff5097          	auipc	ra,0xfff5
1000bd58:	11c080e7          	jalr	284(ra) # 20000e70 <__udivdi3>
1000bd5c:	b7842603          	lw	a2,-1160(s0)
1000bd60:	b7c42683          	lw	a3,-1156(s0)
1000bd64:	0fff5097          	auipc	ra,0xfff5
1000bd68:	3f2080e7          	jalr	1010(ra) # 20001156 <__umoddi3>
1000bd6c:	b3842583          	lw	a1,-1224(s0)
1000bd70:	b7842603          	lw	a2,-1160(s0)
1000bd74:	b7c42683          	lw	a3,-1156(s0)
1000bd78:	872a                	mv	a4,a0
1000bd7a:	b3442503          	lw	a0,-1228(s0)
1000bd7e:	02c707b3          	mul	a5,a4,a2
1000bd82:	b2f42823          	sw	a5,-1232(s0)
1000bd86:	02c73733          	mulhu	a4,a4,a2
1000bd8a:	b2e42623          	sw	a4,-1236(s0)
1000bd8e:	0fff5097          	auipc	ra,0xfff5
1000bd92:	3c8080e7          	jalr	968(ra) # 20001156 <__umoddi3>
1000bd96:	b2c42783          	lw	a5,-1236(s0)
1000bd9a:	b3042703          	lw	a4,-1232(s0)
1000bd9e:	b7842603          	lw	a2,-1160(s0)
1000bda2:	b7c42683          	lw	a3,-1156(s0)
1000bda6:	882a                	mv	a6,a0
1000bda8:	b3442503          	lw	a0,-1228(s0)
1000bdac:	b3042e23          	sw	a6,-1220(s0)
1000bdb0:	882e                	mv	a6,a1
1000bdb2:	b3842583          	lw	a1,-1224(s0)
1000bdb6:	b5042023          	sw	a6,-1216(s0)
1000bdba:	8d9d                	sub	a1,a1,a5
1000bdbc:	00e537b3          	sltu	a5,a0,a4
1000bdc0:	8d9d                	sub	a1,a1,a5
1000bdc2:	8d19                	sub	a0,a0,a4
1000bdc4:	0fff5097          	auipc	ra,0xfff5
1000bdc8:	0ac080e7          	jalr	172(ra) # 20000e70 <__udivdi3>
1000bdcc:	b3c42603          	lw	a2,-1220(s0)
1000bdd0:	b4042883          	lw	a7,-1216(s0)
1000bdd4:	b9442703          	lw	a4,-1132(s0)
1000bdd8:	ba842683          	lw	a3,-1112(s0)
1000bddc:	882a                	mv	a6,a0
1000bdde:	b9042503          	lw	a0,-1136(s0)
1000bde2:	87ae                	mv	a5,a1
1000bde4:	b9c42583          	lw	a1,-1124(s0)
1000bde8:	9642                	add	a2,a2,a6
1000bdea:	01063833          	sltu	a6,a2,a6
1000bdee:	97c6                	add	a5,a5,a7
1000bdf0:	97c2                	add	a5,a5,a6
1000bdf2:	02a60833          	mul	a6,a2,a0
1000bdf6:	02e63533          	mulhu	a0,a2,a4
1000bdfa:	9542                	add	a0,a0,a6
1000bdfc:	02e787b3          	mul	a5,a5,a4
1000be00:	953e                	add	a0,a0,a5
1000be02:	02e60733          	mul	a4,a2,a4
1000be06:	a9db2637          	lui	a2,0xa9db2
1000be0a:	79060613          	addi	a2,a2,1936 # a9db2790 <__StackTop+0x89d30790>
1000be0e:	963a                	add	a2,a2,a4
1000be10:	00e63733          	sltu	a4,a2,a4
1000be14:	953a                	add	a0,a0,a4
1000be16:	6e32d737          	lui	a4,0x6e32d
1000be1a:	95870713          	addi	a4,a4,-1704 # 6e32c958 <__StackTop+0x4e2aa958>
1000be1e:	953a                	add	a0,a0,a4
1000be20:	00b53733          	sltu	a4,a0,a1
1000be24:	b4e42223          	sw	a4,-1212(s0)
1000be28:	00d63633          	sltu	a2,a2,a3
1000be2c:	b4c42423          	sw	a2,-1208(s0)
1000be30:	00b50663          	beq	a0,a1,1000be3c <KeyExpansion+0x2970>
1000be34:	b4442503          	lw	a0,-1212(s0)
1000be38:	b4a42423          	sw	a0,-1208(s0)
1000be3c:	b6442503          	lw	a0,-1180(s0)
1000be40:	b4842583          	lw	a1,-1208(s0)
1000be44:	b0b42023          	sw	a1,-1280(s0)
1000be48:	3dc52683          	lw	a3,988(a0)
1000be4c:	b0d42423          	sw	a3,-1272(s0)
1000be50:	3d852603          	lw	a2,984(a0)
1000be54:	b0c42223          	sw	a2,-1276(s0)
1000be58:	1000d537          	lui	a0,0x1000d
1000be5c:	26050513          	addi	a0,a0,608 # 1000d260 <_usbd_driver+0x1fc>
1000be60:	c27f70ef          	jal	10003a86 <__wrap_printf>
1000be64:	b0042603          	lw	a2,-1280(s0)
1000be68:	b0442683          	lw	a3,-1276(s0)
1000be6c:	b0842583          	lw	a1,-1272(s0)
1000be70:	b6442503          	lw	a0,-1180(s0)
1000be74:	9636                	add	a2,a2,a3
1000be76:	00d636b3          	sltu	a3,a2,a3
1000be7a:	96ae                	add	a3,a3,a1
1000be7c:	3cc52c23          	sw	a2,984(a0)
1000be80:	3cd52e23          	sw	a3,988(a0)
1000be84:	1000d537          	lui	a0,0x1000d
1000be88:	28b50513          	addi	a0,a0,651 # 1000d28b <_usbd_driver+0x227>
1000be8c:	bfbf70ef          	jal	10003a86 <__wrap_printf>
1000be90:	b6442703          	lw	a4,-1180(s0)
1000be94:	ba842603          	lw	a2,-1112(s0)
1000be98:	b9c42583          	lw	a1,-1124(s0)
1000be9c:	b2842503          	lw	a0,-1240(s0)
1000bea0:	fea42023          	sw	a0,-32(s0)
1000bea4:	fe042683          	lw	a3,-32(s0)
1000bea8:	8d35                	xor	a0,a0,a3
1000beaa:	00153693          	seqz	a3,a0
1000beae:	3dc72503          	lw	a0,988(a4)
1000beb2:	3d872783          	lw	a5,984(a4)
1000beb6:	96be                	add	a3,a3,a5
1000beb8:	00f6b7b3          	sltu	a5,a3,a5
1000bebc:	953e                	add	a0,a0,a5
1000bebe:	3cd72c23          	sw	a3,984(a4)
1000bec2:	3ca72e23          	sw	a0,988(a4)
1000bec6:	ff042503          	lw	a0,-16(s0)
1000beca:	b0a42623          	sw	a0,-1268(s0)
1000bece:	fe042503          	lw	a0,-32(s0)
1000bed2:	b0a42823          	sw	a0,-1264(s0)
1000bed6:	fe042683          	lw	a3,-32(s0)
1000beda:	8ea9                	xor	a3,a3,a0
1000bedc:	0016b793          	seqz	a5,a3
1000bee0:	3dc72683          	lw	a3,988(a4)
1000bee4:	3d872803          	lw	a6,984(a4)
1000bee8:	97c2                	add	a5,a5,a6
1000beea:	0107b833          	sltu	a6,a5,a6
1000beee:	96c2                	add	a3,a3,a6
1000bef0:	3cf72c23          	sw	a5,984(a4)
1000bef4:	3cd72e23          	sw	a3,988(a4)
1000bef8:	0505                	addi	a0,a0,1
1000befa:	00c53633          	sltu	a2,a0,a2
1000befe:	00153513          	seqz	a0,a0
1000bf02:	00b536b3          	sltu	a3,a0,a1
1000bf06:	b0d42a23          	sw	a3,-1260(s0)
1000bf0a:	b0c42c23          	sw	a2,-1256(s0)
1000bf0e:	00b50663          	beq	a0,a1,1000bf1a <KeyExpansion+0x2a4e>
1000bf12:	b1442503          	lw	a0,-1260(s0)
1000bf16:	b0a42c23          	sw	a0,-1256(s0)
1000bf1a:	b6442503          	lw	a0,-1180(s0)
1000bf1e:	b1842583          	lw	a1,-1256(s0)
1000bf22:	acb42823          	sw	a1,-1328(s0)
1000bf26:	3dc52683          	lw	a3,988(a0)
1000bf2a:	acd42c23          	sw	a3,-1320(s0)
1000bf2e:	3d852603          	lw	a2,984(a0)
1000bf32:	acc42a23          	sw	a2,-1324(s0)
1000bf36:	1000d537          	lui	a0,0x1000d
1000bf3a:	2b550513          	addi	a0,a0,693 # 1000d2b5 <_usbd_driver+0x251>
1000bf3e:	b49f70ef          	jal	10003a86 <__wrap_printf>
1000bf42:	ad042603          	lw	a2,-1328(s0)
1000bf46:	ad442683          	lw	a3,-1324(s0)
1000bf4a:	ad842583          	lw	a1,-1320(s0)
1000bf4e:	b6442503          	lw	a0,-1180(s0)
1000bf52:	9636                	add	a2,a2,a3
1000bf54:	00d636b3          	sltu	a3,a2,a3
1000bf58:	96ae                	add	a3,a3,a1
1000bf5a:	3cc52c23          	sw	a2,984(a0)
1000bf5e:	3cd52e23          	sw	a3,988(a0)
1000bf62:	1000d537          	lui	a0,0x1000d
1000bf66:	28b50513          	addi	a0,a0,651 # 1000d28b <_usbd_driver+0x227>
1000bf6a:	b1df70ef          	jal	10003a86 <__wrap_printf>
1000bf6e:	b1042603          	lw	a2,-1264(s0)
1000bf72:	b0c42583          	lw	a1,-1268(s0)
1000bf76:	b6442503          	lw	a0,-1180(s0)
1000bf7a:	962e                	add	a2,a2,a1
1000bf7c:	00064583          	lbu	a1,0(a2)
1000bf80:	00064603          	lbu	a2,0(a2)
1000bf84:	8e2d                	xor	a2,a2,a1
1000bf86:	00163693          	seqz	a3,a2
1000bf8a:	3dc52603          	lw	a2,988(a0)
1000bf8e:	3d852703          	lw	a4,984(a0)
1000bf92:	96ba                	add	a3,a3,a4
1000bf94:	00e6b733          	sltu	a4,a3,a4
1000bf98:	963a                	add	a2,a2,a4
1000bf9a:	3cd52c23          	sw	a3,984(a0)
1000bf9e:	3cc52e23          	sw	a2,988(a0)
1000bfa2:	fdc44603          	lbu	a2,-36(s0)
1000bfa6:	fdc44683          	lbu	a3,-36(s0)
1000bfaa:	8eb1                	xor	a3,a3,a2
1000bfac:	0016b713          	seqz	a4,a3
1000bfb0:	3dc52683          	lw	a3,988(a0)
1000bfb4:	3d852783          	lw	a5,984(a0)
1000bfb8:	973e                	add	a4,a4,a5
1000bfba:	00f737b3          	sltu	a5,a4,a5
1000bfbe:	96be                	add	a3,a3,a5
1000bfc0:	3ce52c23          	sw	a4,984(a0)
1000bfc4:	3cd52e23          	sw	a3,988(a0)
1000bfc8:	8db1                	xor	a1,a1,a2
1000bfca:	aeb42623          	sw	a1,-1300(s0)
1000bfce:	3dc52583          	lw	a1,988(a0)
1000bfd2:	3d852603          	lw	a2,984(a0)
1000bfd6:	0605                	addi	a2,a2,1
1000bfd8:	00163693          	seqz	a3,a2
1000bfdc:	95b6                	add	a1,a1,a3
1000bfde:	3cc52c23          	sw	a2,984(a0)
1000bfe2:	3cb52e23          	sw	a1,988(a0)
1000bfe6:	ff042583          	lw	a1,-16(s0)
1000bfea:	aeb42423          	sw	a1,-1304(s0)
1000bfee:	fe442583          	lw	a1,-28(s0)
1000bff2:	aeb42223          	sw	a1,-1308(s0)
1000bff6:	fe442603          	lw	a2,-28(s0)
1000bffa:	8db1                	xor	a1,a1,a2
1000bffc:	0015b613          	seqz	a2,a1
1000c000:	3dc52583          	lw	a1,988(a0)
1000c004:	3d852683          	lw	a3,984(a0)
1000c008:	9636                	add	a2,a2,a3
1000c00a:	00d636b3          	sltu	a3,a2,a3
1000c00e:	95b6                	add	a1,a1,a3
1000c010:	3cc52c23          	sw	a2,984(a0)
1000c014:	3cb52e23          	sw	a1,988(a0)
1000c018:	3dc52683          	lw	a3,988(a0)
1000c01c:	aed42023          	sw	a3,-1312(s0)
1000c020:	3d852603          	lw	a2,984(a0)
1000c024:	acc42e23          	sw	a2,-1316(s0)
1000c028:	1000d537          	lui	a0,0x1000d
1000c02c:	2b550513          	addi	a0,a0,693 # 1000d2b5 <_usbd_driver+0x251>
1000c030:	a57f70ef          	jal	10003a86 <__wrap_printf>
1000c034:	adc42603          	lw	a2,-1316(s0)
1000c038:	ae042583          	lw	a1,-1312(s0)
1000c03c:	b6442503          	lw	a0,-1180(s0)
1000c040:	0605                	addi	a2,a2,1
1000c042:	00163693          	seqz	a3,a2
1000c046:	96ae                	add	a3,a3,a1
1000c048:	3cc52c23          	sw	a2,984(a0)
1000c04c:	3cd52e23          	sw	a3,988(a0)
1000c050:	1000d537          	lui	a0,0x1000d
1000c054:	28b50513          	addi	a0,a0,651 # 1000d28b <_usbd_driver+0x227>
1000c058:	a2ff70ef          	jal	10003a86 <__wrap_printf>
1000c05c:	ae442703          	lw	a4,-1308(s0)
1000c060:	ae842683          	lw	a3,-1304(s0)
1000c064:	b6442783          	lw	a5,-1180(s0)
1000c068:	ba442603          	lw	a2,-1116(s0)
1000c06c:	b9c42583          	lw	a1,-1124(s0)
1000c070:	aec42503          	lw	a0,-1300(s0)
1000c074:	96ba                	add	a3,a3,a4
1000c076:	00a68023          	sb	a0,0(a3)
1000c07a:	0006c683          	lbu	a3,0(a3)
1000c07e:	8d35                	xor	a0,a0,a3
1000c080:	00153693          	seqz	a3,a0
1000c084:	3dc7a503          	lw	a0,988(a5)
1000c088:	3d87a703          	lw	a4,984(a5)
1000c08c:	96ba                	add	a3,a3,a4
1000c08e:	00e6b733          	sltu	a4,a3,a4
1000c092:	953a                	add	a0,a0,a4
1000c094:	3cd7ac23          	sw	a3,984(a5)
1000c098:	3ca7ae23          	sw	a0,988(a5)
1000c09c:	ff042503          	lw	a0,-16(s0)
1000c0a0:	fe042683          	lw	a3,-32(s0)
1000c0a4:	fe042703          	lw	a4,-32(s0)
1000c0a8:	8f35                	xor	a4,a4,a3
1000c0aa:	00173813          	seqz	a6,a4
1000c0ae:	3dc7a703          	lw	a4,988(a5)
1000c0b2:	3d87a883          	lw	a7,984(a5)
1000c0b6:	9846                	add	a6,a6,a7
1000c0b8:	011838b3          	sltu	a7,a6,a7
1000c0bc:	9746                	add	a4,a4,a7
1000c0be:	3d07ac23          	sw	a6,984(a5)
1000c0c2:	3ce7ae23          	sw	a4,988(a5)
1000c0c6:	9536                	add	a0,a0,a3
1000c0c8:	aea42823          	sw	a0,-1296(s0)
1000c0cc:	00268513          	addi	a0,a3,2
1000c0d0:	76760613          	addi	a2,a2,1895
1000c0d4:	aec42a23          	sw	a2,-1292(s0)
1000c0d8:	00c53633          	sltu	a2,a0,a2
1000c0dc:	00d53533          	sltu	a0,a0,a3
1000c0e0:	00b536b3          	sltu	a3,a0,a1
1000c0e4:	aed42c23          	sw	a3,-1288(s0)
1000c0e8:	aec42e23          	sw	a2,-1284(s0)
1000c0ec:	00b50663          	beq	a0,a1,1000c0f8 <KeyExpansion+0x2c2c>
1000c0f0:	af842503          	lw	a0,-1288(s0)
1000c0f4:	aea42e23          	sw	a0,-1284(s0)
1000c0f8:	b6442503          	lw	a0,-1180(s0)
1000c0fc:	afc42583          	lw	a1,-1284(s0)
1000c100:	aab42a23          	sw	a1,-1356(s0)
1000c104:	3dc52683          	lw	a3,988(a0)
1000c108:	aad42e23          	sw	a3,-1348(s0)
1000c10c:	3d852603          	lw	a2,984(a0)
1000c110:	aac42c23          	sw	a2,-1352(s0)
1000c114:	1000d537          	lui	a0,0x1000d
1000c118:	2b550513          	addi	a0,a0,693 # 1000d2b5 <_usbd_driver+0x251>
1000c11c:	96bf70ef          	jal	10003a86 <__wrap_printf>
1000c120:	ab442603          	lw	a2,-1356(s0)
1000c124:	ab842683          	lw	a3,-1352(s0)
1000c128:	abc42583          	lw	a1,-1348(s0)
1000c12c:	b6442503          	lw	a0,-1180(s0)
1000c130:	9636                	add	a2,a2,a3
1000c132:	00d636b3          	sltu	a3,a2,a3
1000c136:	96ae                	add	a3,a3,a1
1000c138:	3cc52c23          	sw	a2,984(a0)
1000c13c:	3cd52e23          	sw	a3,988(a0)
1000c140:	1000d537          	lui	a0,0x1000d
1000c144:	28b50513          	addi	a0,a0,651 # 1000d28b <_usbd_driver+0x227>
1000c148:	93ff70ef          	jal	10003a86 <__wrap_printf>
1000c14c:	af042683          	lw	a3,-1296(s0)
1000c150:	b6442783          	lw	a5,-1180(s0)
1000c154:	ba842603          	lw	a2,-1112(s0)
1000c158:	b9c42583          	lw	a1,-1124(s0)
1000c15c:	0016c503          	lbu	a0,1(a3)
1000c160:	0016c683          	lbu	a3,1(a3)
1000c164:	8ea9                	xor	a3,a3,a0
1000c166:	0016b713          	seqz	a4,a3
1000c16a:	3dc7a683          	lw	a3,988(a5)
1000c16e:	3d87a803          	lw	a6,984(a5)
1000c172:	9742                	add	a4,a4,a6
1000c174:	01073833          	sltu	a6,a4,a6
1000c178:	96c2                	add	a3,a3,a6
1000c17a:	3ce7ac23          	sw	a4,984(a5)
1000c17e:	3cd7ae23          	sw	a3,988(a5)
1000c182:	fdd44683          	lbu	a3,-35(s0)
1000c186:	fdd44703          	lbu	a4,-35(s0)
1000c18a:	8f35                	xor	a4,a4,a3
1000c18c:	00173813          	seqz	a6,a4
1000c190:	3dc7a703          	lw	a4,988(a5)
1000c194:	3d87a883          	lw	a7,984(a5)
1000c198:	9846                	add	a6,a6,a7
1000c19a:	011838b3          	sltu	a7,a6,a7
1000c19e:	9746                	add	a4,a4,a7
1000c1a0:	3d07ac23          	sw	a6,984(a5)
1000c1a4:	3ce7ae23          	sw	a4,988(a5)
1000c1a8:	8d35                	xor	a0,a0,a3
1000c1aa:	aca42023          	sw	a0,-1344(s0)
1000c1ae:	3dc7a503          	lw	a0,988(a5)
1000c1b2:	3d87a683          	lw	a3,984(a5)
1000c1b6:	0685                	addi	a3,a3,1
1000c1b8:	0016b713          	seqz	a4,a3
1000c1bc:	953a                	add	a0,a0,a4
1000c1be:	3cd7ac23          	sw	a3,984(a5)
1000c1c2:	3ca7ae23          	sw	a0,988(a5)
1000c1c6:	ff042683          	lw	a3,-16(s0)
1000c1ca:	fe442503          	lw	a0,-28(s0)
1000c1ce:	fe442703          	lw	a4,-28(s0)
1000c1d2:	8f29                	xor	a4,a4,a0
1000c1d4:	00173813          	seqz	a6,a4
1000c1d8:	3dc7a703          	lw	a4,988(a5)
1000c1dc:	3d87a883          	lw	a7,984(a5)
1000c1e0:	9846                	add	a6,a6,a7
1000c1e2:	011838b3          	sltu	a7,a6,a7
1000c1e6:	9746                	add	a4,a4,a7
1000c1e8:	3d07ac23          	sw	a6,984(a5)
1000c1ec:	3ce7ae23          	sw	a4,988(a5)
1000c1f0:	96aa                	add	a3,a3,a0
1000c1f2:	acd42223          	sw	a3,-1340(s0)
1000c1f6:	0505                	addi	a0,a0,1
1000c1f8:	00c53633          	sltu	a2,a0,a2
1000c1fc:	00153513          	seqz	a0,a0
1000c200:	00b536b3          	sltu	a3,a0,a1
1000c204:	acd42423          	sw	a3,-1336(s0)
1000c208:	acc42623          	sw	a2,-1332(s0)
1000c20c:	00b50663          	beq	a0,a1,1000c218 <KeyExpansion+0x2d4c>
1000c210:	ac842503          	lw	a0,-1336(s0)
1000c214:	aca42623          	sw	a0,-1332(s0)
1000c218:	b6442503          	lw	a0,-1180(s0)
1000c21c:	acc42583          	lw	a1,-1332(s0)
1000c220:	a8b42e23          	sw	a1,-1380(s0)
1000c224:	3dc52683          	lw	a3,988(a0)
1000c228:	aad42223          	sw	a3,-1372(s0)
1000c22c:	3d852603          	lw	a2,984(a0)
1000c230:	aac42023          	sw	a2,-1376(s0)
1000c234:	1000d537          	lui	a0,0x1000d
1000c238:	2b550513          	addi	a0,a0,693 # 1000d2b5 <_usbd_driver+0x251>
1000c23c:	84bf70ef          	jal	10003a86 <__wrap_printf>
1000c240:	a9c42603          	lw	a2,-1380(s0)
1000c244:	aa042683          	lw	a3,-1376(s0)
1000c248:	aa442583          	lw	a1,-1372(s0)
1000c24c:	b6442503          	lw	a0,-1180(s0)
1000c250:	9636                	add	a2,a2,a3
1000c252:	00d636b3          	sltu	a3,a2,a3
1000c256:	96ae                	add	a3,a3,a1
1000c258:	3cc52c23          	sw	a2,984(a0)
1000c25c:	3cd52e23          	sw	a3,988(a0)
1000c260:	1000d537          	lui	a0,0x1000d
1000c264:	28b50513          	addi	a0,a0,651 # 1000d28b <_usbd_driver+0x227>
1000c268:	81ff70ef          	jal	10003a86 <__wrap_printf>
1000c26c:	ac442683          	lw	a3,-1340(s0)
1000c270:	b6442783          	lw	a5,-1180(s0)
1000c274:	ba842603          	lw	a2,-1112(s0)
1000c278:	b9c42583          	lw	a1,-1124(s0)
1000c27c:	ac042503          	lw	a0,-1344(s0)
1000c280:	00a680a3          	sb	a0,1(a3)
1000c284:	0016c683          	lbu	a3,1(a3)
1000c288:	8d35                	xor	a0,a0,a3
1000c28a:	00153693          	seqz	a3,a0
1000c28e:	3dc7a503          	lw	a0,988(a5)
1000c292:	3d87a703          	lw	a4,984(a5)
1000c296:	96ba                	add	a3,a3,a4
1000c298:	00e6b733          	sltu	a4,a3,a4
1000c29c:	953a                	add	a0,a0,a4
1000c29e:	3cd7ac23          	sw	a3,984(a5)
1000c2a2:	3ca7ae23          	sw	a0,988(a5)
1000c2a6:	ff042503          	lw	a0,-16(s0)
1000c2aa:	fe042683          	lw	a3,-32(s0)
1000c2ae:	fe042703          	lw	a4,-32(s0)
1000c2b2:	8f35                	xor	a4,a4,a3
1000c2b4:	00173813          	seqz	a6,a4
1000c2b8:	3dc7a703          	lw	a4,988(a5)
1000c2bc:	3d87a883          	lw	a7,984(a5)
1000c2c0:	9846                	add	a6,a6,a7
1000c2c2:	011838b3          	sltu	a7,a6,a7
1000c2c6:	9746                	add	a4,a4,a7
1000c2c8:	3d07ac23          	sw	a6,984(a5)
1000c2cc:	3ce7ae23          	sw	a4,988(a5)
1000c2d0:	9536                	add	a0,a0,a3
1000c2d2:	aaa42423          	sw	a0,-1368(s0)
1000c2d6:	00268513          	addi	a0,a3,2
1000c2da:	00c53633          	sltu	a2,a0,a2
1000c2de:	00d53533          	sltu	a0,a0,a3
1000c2e2:	00b536b3          	sltu	a3,a0,a1
1000c2e6:	aad42623          	sw	a3,-1364(s0)
1000c2ea:	aac42823          	sw	a2,-1360(s0)
1000c2ee:	00b50663          	beq	a0,a1,1000c2fa <KeyExpansion+0x2e2e>
1000c2f2:	aac42503          	lw	a0,-1364(s0)
1000c2f6:	aaa42823          	sw	a0,-1360(s0)
1000c2fa:	b6442503          	lw	a0,-1180(s0)
1000c2fe:	ab042583          	lw	a1,-1360(s0)
1000c302:	a8b42023          	sw	a1,-1408(s0)
1000c306:	3dc52683          	lw	a3,988(a0)
1000c30a:	a8d42423          	sw	a3,-1400(s0)
1000c30e:	3d852603          	lw	a2,984(a0)
1000c312:	a8c42223          	sw	a2,-1404(s0)
1000c316:	1000d537          	lui	a0,0x1000d
1000c31a:	2b550513          	addi	a0,a0,693 # 1000d2b5 <_usbd_driver+0x251>
1000c31e:	f68f70ef          	jal	10003a86 <__wrap_printf>
1000c322:	a8042603          	lw	a2,-1408(s0)
1000c326:	a8442683          	lw	a3,-1404(s0)
1000c32a:	a8842583          	lw	a1,-1400(s0)
1000c32e:	b6442503          	lw	a0,-1180(s0)
1000c332:	9636                	add	a2,a2,a3
1000c334:	00d636b3          	sltu	a3,a2,a3
1000c338:	96ae                	add	a3,a3,a1
1000c33a:	3cc52c23          	sw	a2,984(a0)
1000c33e:	3cd52e23          	sw	a3,988(a0)
1000c342:	1000d537          	lui	a0,0x1000d
1000c346:	28b50513          	addi	a0,a0,651 # 1000d28b <_usbd_driver+0x227>
1000c34a:	f3cf70ef          	jal	10003a86 <__wrap_printf>
1000c34e:	aa842683          	lw	a3,-1368(s0)
1000c352:	b6442783          	lw	a5,-1180(s0)
1000c356:	af442603          	lw	a2,-1292(s0)
1000c35a:	b9c42583          	lw	a1,-1124(s0)
1000c35e:	0026c503          	lbu	a0,2(a3)
1000c362:	0026c683          	lbu	a3,2(a3)
1000c366:	8ea9                	xor	a3,a3,a0
1000c368:	0016b713          	seqz	a4,a3
1000c36c:	3dc7a683          	lw	a3,988(a5)
1000c370:	3d87a803          	lw	a6,984(a5)
1000c374:	9742                	add	a4,a4,a6
1000c376:	01073833          	sltu	a6,a4,a6
1000c37a:	96c2                	add	a3,a3,a6
1000c37c:	3ce7ac23          	sw	a4,984(a5)
1000c380:	3cd7ae23          	sw	a3,988(a5)
1000c384:	fde44683          	lbu	a3,-34(s0)
1000c388:	fde44703          	lbu	a4,-34(s0)
1000c38c:	8f35                	xor	a4,a4,a3
1000c38e:	00173813          	seqz	a6,a4
1000c392:	3dc7a703          	lw	a4,988(a5)
1000c396:	3d87a883          	lw	a7,984(a5)
1000c39a:	9846                	add	a6,a6,a7
1000c39c:	011838b3          	sltu	a7,a6,a7
1000c3a0:	9746                	add	a4,a4,a7
1000c3a2:	3d07ac23          	sw	a6,984(a5)
1000c3a6:	3ce7ae23          	sw	a4,988(a5)
1000c3aa:	8d35                	xor	a0,a0,a3
1000c3ac:	a8a42623          	sw	a0,-1396(s0)
1000c3b0:	3dc7a503          	lw	a0,988(a5)
1000c3b4:	3d87a683          	lw	a3,984(a5)
1000c3b8:	0685                	addi	a3,a3,1
1000c3ba:	0016b713          	seqz	a4,a3
1000c3be:	953a                	add	a0,a0,a4
1000c3c0:	3cd7ac23          	sw	a3,984(a5)
1000c3c4:	3ca7ae23          	sw	a0,988(a5)
1000c3c8:	ff042503          	lw	a0,-16(s0)
1000c3cc:	fe442683          	lw	a3,-28(s0)
1000c3d0:	fe442703          	lw	a4,-28(s0)
1000c3d4:	8f35                	xor	a4,a4,a3
1000c3d6:	00173813          	seqz	a6,a4
1000c3da:	3dc7a703          	lw	a4,988(a5)
1000c3de:	3d87a883          	lw	a7,984(a5)
1000c3e2:	9846                	add	a6,a6,a7
1000c3e4:	011838b3          	sltu	a7,a6,a7
1000c3e8:	9746                	add	a4,a4,a7
1000c3ea:	3d07ac23          	sw	a6,984(a5)
1000c3ee:	3ce7ae23          	sw	a4,988(a5)
1000c3f2:	9536                	add	a0,a0,a3
1000c3f4:	a8a42823          	sw	a0,-1392(s0)
1000c3f8:	00268513          	addi	a0,a3,2
1000c3fc:	00c53633          	sltu	a2,a0,a2
1000c400:	00d53533          	sltu	a0,a0,a3
1000c404:	00b536b3          	sltu	a3,a0,a1
1000c408:	a8d42a23          	sw	a3,-1388(s0)
1000c40c:	a8c42c23          	sw	a2,-1384(s0)
1000c410:	00b50663          	beq	a0,a1,1000c41c <KeyExpansion+0x2f50>
1000c414:	a9442503          	lw	a0,-1388(s0)
1000c418:	a8a42c23          	sw	a0,-1384(s0)
1000c41c:	b6442503          	lw	a0,-1180(s0)
1000c420:	a9842583          	lw	a1,-1384(s0)
1000c424:	a6b42423          	sw	a1,-1432(s0)
1000c428:	3dc52683          	lw	a3,988(a0)
1000c42c:	a6d42823          	sw	a3,-1424(s0)
1000c430:	3d852603          	lw	a2,984(a0)
1000c434:	a6c42623          	sw	a2,-1428(s0)
1000c438:	1000d537          	lui	a0,0x1000d
1000c43c:	2b550513          	addi	a0,a0,693 # 1000d2b5 <_usbd_driver+0x251>
1000c440:	e46f70ef          	jal	10003a86 <__wrap_printf>
1000c444:	a6842603          	lw	a2,-1432(s0)
1000c448:	a6c42683          	lw	a3,-1428(s0)
1000c44c:	a7042583          	lw	a1,-1424(s0)
1000c450:	b6442503          	lw	a0,-1180(s0)
1000c454:	9636                	add	a2,a2,a3
1000c456:	00d636b3          	sltu	a3,a2,a3
1000c45a:	96ae                	add	a3,a3,a1
1000c45c:	3cc52c23          	sw	a2,984(a0)
1000c460:	3cd52e23          	sw	a3,988(a0)
1000c464:	1000d537          	lui	a0,0x1000d
1000c468:	28b50513          	addi	a0,a0,651 # 1000d28b <_usbd_driver+0x227>
1000c46c:	e1af70ef          	jal	10003a86 <__wrap_printf>
1000c470:	a9042683          	lw	a3,-1392(s0)
1000c474:	b6442783          	lw	a5,-1180(s0)
1000c478:	ba842603          	lw	a2,-1112(s0)
1000c47c:	b9c42583          	lw	a1,-1124(s0)
1000c480:	a8c42503          	lw	a0,-1396(s0)
1000c484:	00a68123          	sb	a0,2(a3)
1000c488:	0026c683          	lbu	a3,2(a3)
1000c48c:	8d35                	xor	a0,a0,a3
1000c48e:	00153693          	seqz	a3,a0
1000c492:	3dc7a503          	lw	a0,988(a5)
1000c496:	3d87a703          	lw	a4,984(a5)
1000c49a:	96ba                	add	a3,a3,a4
1000c49c:	00e6b733          	sltu	a4,a3,a4
1000c4a0:	953a                	add	a0,a0,a4
1000c4a2:	3cd7ac23          	sw	a3,984(a5)
1000c4a6:	3ca7ae23          	sw	a0,988(a5)
1000c4aa:	ff042503          	lw	a0,-16(s0)
1000c4ae:	fe042683          	lw	a3,-32(s0)
1000c4b2:	fe042703          	lw	a4,-32(s0)
1000c4b6:	8f35                	xor	a4,a4,a3
1000c4b8:	00173813          	seqz	a6,a4
1000c4bc:	3dc7a703          	lw	a4,988(a5)
1000c4c0:	3d87a883          	lw	a7,984(a5)
1000c4c4:	9846                	add	a6,a6,a7
1000c4c6:	011838b3          	sltu	a7,a6,a7
1000c4ca:	9746                	add	a4,a4,a7
1000c4cc:	3d07ac23          	sw	a6,984(a5)
1000c4d0:	3ce7ae23          	sw	a4,988(a5)
1000c4d4:	9536                	add	a0,a0,a3
1000c4d6:	a6a42a23          	sw	a0,-1420(s0)
1000c4da:	00368513          	addi	a0,a3,3
1000c4de:	00c53633          	sltu	a2,a0,a2
1000c4e2:	00d53533          	sltu	a0,a0,a3
1000c4e6:	00b536b3          	sltu	a3,a0,a1
1000c4ea:	a6d42c23          	sw	a3,-1416(s0)
1000c4ee:	a6c42e23          	sw	a2,-1412(s0)
1000c4f2:	00b50663          	beq	a0,a1,1000c4fe <KeyExpansion+0x3032>
1000c4f6:	a7842503          	lw	a0,-1416(s0)
1000c4fa:	a6a42e23          	sw	a0,-1412(s0)
1000c4fe:	b6442503          	lw	a0,-1180(s0)
1000c502:	a7c42583          	lw	a1,-1412(s0)
1000c506:	a4b42623          	sw	a1,-1460(s0)
1000c50a:	3dc52683          	lw	a3,988(a0)
1000c50e:	a4d42a23          	sw	a3,-1452(s0)
1000c512:	3d852603          	lw	a2,984(a0)
1000c516:	a4c42823          	sw	a2,-1456(s0)
1000c51a:	1000d537          	lui	a0,0x1000d
1000c51e:	2b550513          	addi	a0,a0,693 # 1000d2b5 <_usbd_driver+0x251>
1000c522:	d64f70ef          	jal	10003a86 <__wrap_printf>
1000c526:	a4c42603          	lw	a2,-1460(s0)
1000c52a:	a5042683          	lw	a3,-1456(s0)
1000c52e:	a5442583          	lw	a1,-1452(s0)
1000c532:	b6442503          	lw	a0,-1180(s0)
1000c536:	9636                	add	a2,a2,a3
1000c538:	00d636b3          	sltu	a3,a2,a3
1000c53c:	96ae                	add	a3,a3,a1
1000c53e:	3cc52c23          	sw	a2,984(a0)
1000c542:	3cd52e23          	sw	a3,988(a0)
1000c546:	1000d537          	lui	a0,0x1000d
1000c54a:	28b50513          	addi	a0,a0,651 # 1000d28b <_usbd_driver+0x227>
1000c54e:	d38f70ef          	jal	10003a86 <__wrap_printf>
1000c552:	a7442683          	lw	a3,-1420(s0)
1000c556:	b6442783          	lw	a5,-1180(s0)
1000c55a:	ba842603          	lw	a2,-1112(s0)
1000c55e:	b9c42583          	lw	a1,-1124(s0)
1000c562:	0036c503          	lbu	a0,3(a3)
1000c566:	0036c683          	lbu	a3,3(a3)
1000c56a:	8ea9                	xor	a3,a3,a0
1000c56c:	0016b713          	seqz	a4,a3
1000c570:	3dc7a683          	lw	a3,988(a5)
1000c574:	3d87a803          	lw	a6,984(a5)
1000c578:	9742                	add	a4,a4,a6
1000c57a:	01073833          	sltu	a6,a4,a6
1000c57e:	96c2                	add	a3,a3,a6
1000c580:	3ce7ac23          	sw	a4,984(a5)
1000c584:	3cd7ae23          	sw	a3,988(a5)
1000c588:	fdf44683          	lbu	a3,-33(s0)
1000c58c:	fdf44703          	lbu	a4,-33(s0)
1000c590:	8f35                	xor	a4,a4,a3
1000c592:	00173813          	seqz	a6,a4
1000c596:	3dc7a703          	lw	a4,988(a5)
1000c59a:	3d87a883          	lw	a7,984(a5)
1000c59e:	9846                	add	a6,a6,a7
1000c5a0:	011838b3          	sltu	a7,a6,a7
1000c5a4:	9746                	add	a4,a4,a7
1000c5a6:	3d07ac23          	sw	a6,984(a5)
1000c5aa:	3ce7ae23          	sw	a4,988(a5)
1000c5ae:	8d35                	xor	a0,a0,a3
1000c5b0:	a4a42c23          	sw	a0,-1448(s0)
1000c5b4:	3dc7a503          	lw	a0,988(a5)
1000c5b8:	3d87a683          	lw	a3,984(a5)
1000c5bc:	0685                	addi	a3,a3,1
1000c5be:	0016b713          	seqz	a4,a3
1000c5c2:	953a                	add	a0,a0,a4
1000c5c4:	3cd7ac23          	sw	a3,984(a5)
1000c5c8:	3ca7ae23          	sw	a0,988(a5)
1000c5cc:	ff042503          	lw	a0,-16(s0)
1000c5d0:	fe442683          	lw	a3,-28(s0)
1000c5d4:	fe442703          	lw	a4,-28(s0)
1000c5d8:	8f35                	xor	a4,a4,a3
1000c5da:	00173813          	seqz	a6,a4
1000c5de:	3dc7a703          	lw	a4,988(a5)
1000c5e2:	3d87a883          	lw	a7,984(a5)
1000c5e6:	9846                	add	a6,a6,a7
1000c5e8:	011838b3          	sltu	a7,a6,a7
1000c5ec:	9746                	add	a4,a4,a7
1000c5ee:	3d07ac23          	sw	a6,984(a5)
1000c5f2:	3ce7ae23          	sw	a4,988(a5)
1000c5f6:	9536                	add	a0,a0,a3
1000c5f8:	a4a42e23          	sw	a0,-1444(s0)
1000c5fc:	00468513          	addi	a0,a3,4
1000c600:	00c53633          	sltu	a2,a0,a2
1000c604:	00d53533          	sltu	a0,a0,a3
1000c608:	00b536b3          	sltu	a3,a0,a1
1000c60c:	a6d42023          	sw	a3,-1440(s0)
1000c610:	a6c42223          	sw	a2,-1436(s0)
1000c614:	00b50663          	beq	a0,a1,1000c620 <KeyExpansion+0x3154>
1000c618:	a6042503          	lw	a0,-1440(s0)
1000c61c:	a6a42223          	sw	a0,-1436(s0)
1000c620:	b6442503          	lw	a0,-1180(s0)
1000c624:	a6442583          	lw	a1,-1436(s0)
1000c628:	a2b42a23          	sw	a1,-1484(s0)
1000c62c:	3dc52683          	lw	a3,988(a0)
1000c630:	a2d42e23          	sw	a3,-1476(s0)
1000c634:	3d852603          	lw	a2,984(a0)
1000c638:	a2c42c23          	sw	a2,-1480(s0)
1000c63c:	1000d537          	lui	a0,0x1000d
1000c640:	2b550513          	addi	a0,a0,693 # 1000d2b5 <_usbd_driver+0x251>
1000c644:	c42f70ef          	jal	10003a86 <__wrap_printf>
1000c648:	a3442603          	lw	a2,-1484(s0)
1000c64c:	a3842683          	lw	a3,-1480(s0)
1000c650:	a3c42583          	lw	a1,-1476(s0)
1000c654:	b6442503          	lw	a0,-1180(s0)
1000c658:	9636                	add	a2,a2,a3
1000c65a:	00d636b3          	sltu	a3,a2,a3
1000c65e:	96ae                	add	a3,a3,a1
1000c660:	3cc52c23          	sw	a2,984(a0)
1000c664:	3cd52e23          	sw	a3,988(a0)
1000c668:	1000d537          	lui	a0,0x1000d
1000c66c:	28b50513          	addi	a0,a0,651 # 1000d28b <_usbd_driver+0x227>
1000c670:	c16f70ef          	jal	10003a86 <__wrap_printf>
1000c674:	a5c42683          	lw	a3,-1444(s0)
1000c678:	b6442703          	lw	a4,-1180(s0)
1000c67c:	ba842603          	lw	a2,-1112(s0)
1000c680:	b9c42583          	lw	a1,-1124(s0)
1000c684:	a5842503          	lw	a0,-1448(s0)
1000c688:	00a681a3          	sb	a0,3(a3)
1000c68c:	0036c683          	lbu	a3,3(a3)
1000c690:	8d35                	xor	a0,a0,a3
1000c692:	00153693          	seqz	a3,a0
1000c696:	3dc72503          	lw	a0,988(a4)
1000c69a:	3d872783          	lw	a5,984(a4)
1000c69e:	96be                	add	a3,a3,a5
1000c6a0:	00f6b7b3          	sltu	a5,a3,a5
1000c6a4:	953e                	add	a0,a0,a5
1000c6a6:	3cd72c23          	sw	a3,984(a4)
1000c6aa:	3ca72e23          	sw	a0,988(a4)
1000c6ae:	fe842503          	lw	a0,-24(s0)
1000c6b2:	fe842683          	lw	a3,-24(s0)
1000c6b6:	8ea9                	xor	a3,a3,a0
1000c6b8:	0016b793          	seqz	a5,a3
1000c6bc:	3dc72683          	lw	a3,988(a4)
1000c6c0:	3d872803          	lw	a6,984(a4)
1000c6c4:	97c2                	add	a5,a5,a6
1000c6c6:	0107b833          	sltu	a6,a5,a6
1000c6ca:	96c2                	add	a3,a3,a6
1000c6cc:	3cf72c23          	sw	a5,984(a4)
1000c6d0:	3cd72e23          	sw	a3,988(a4)
1000c6d4:	0505                	addi	a0,a0,1
1000c6d6:	a4a42023          	sw	a0,-1472(s0)
1000c6da:	00c53633          	sltu	a2,a0,a2
1000c6de:	00153513          	seqz	a0,a0
1000c6e2:	00b536b3          	sltu	a3,a0,a1
1000c6e6:	a4d42223          	sw	a3,-1468(s0)
1000c6ea:	a4c42423          	sw	a2,-1464(s0)
1000c6ee:	00b50663          	beq	a0,a1,1000c6fa <KeyExpansion+0x322e>
1000c6f2:	a4442503          	lw	a0,-1468(s0)
1000c6f6:	a4a42423          	sw	a0,-1464(s0)
1000c6fa:	b6442503          	lw	a0,-1180(s0)
1000c6fe:	a4842583          	lw	a1,-1464(s0)
1000c702:	a0b42623          	sw	a1,-1524(s0)
1000c706:	3dc52683          	lw	a3,988(a0)
1000c70a:	a0d42a23          	sw	a3,-1516(s0)
1000c70e:	3d852603          	lw	a2,984(a0)
1000c712:	a0c42823          	sw	a2,-1520(s0)
1000c716:	1000d537          	lui	a0,0x1000d
1000c71a:	2b550513          	addi	a0,a0,693 # 1000d2b5 <_usbd_driver+0x251>
1000c71e:	b68f70ef          	jal	10003a86 <__wrap_printf>
1000c722:	a0c42603          	lw	a2,-1524(s0)
1000c726:	a1042683          	lw	a3,-1520(s0)
1000c72a:	a1442583          	lw	a1,-1516(s0)
1000c72e:	b6442503          	lw	a0,-1180(s0)
1000c732:	9636                	add	a2,a2,a3
1000c734:	00d636b3          	sltu	a3,a2,a3
1000c738:	96ae                	add	a3,a3,a1
1000c73a:	3cc52c23          	sw	a2,984(a0)
1000c73e:	3cd52e23          	sw	a3,988(a0)
1000c742:	1000d537          	lui	a0,0x1000d
1000c746:	28b50513          	addi	a0,a0,651 # 1000d28b <_usbd_driver+0x227>
1000c74a:	b3cf70ef          	jal	10003a86 <__wrap_printf>
1000c74e:	a4042583          	lw	a1,-1472(s0)
1000c752:	b6442503          	lw	a0,-1180(s0)
1000c756:	feb42423          	sw	a1,-24(s0)
1000c75a:	fe842603          	lw	a2,-24(s0)
1000c75e:	8db1                	xor	a1,a1,a2
1000c760:	0015b613          	seqz	a2,a1
1000c764:	3dc52583          	lw	a1,988(a0)
1000c768:	3d852683          	lw	a3,984(a0)
1000c76c:	9636                	add	a2,a2,a3
1000c76e:	00d636b3          	sltu	a3,a2,a3
1000c772:	95b6                	add	a1,a1,a3
1000c774:	3cc52c23          	sw	a2,984(a0)
1000c778:	3cb52e23          	sw	a1,988(a0)
1000c77c:	200035b7          	lui	a1,0x20003
1000c780:	a2b42823          	sw	a1,-1488(s0)
1000c784:	2545a683          	lw	a3,596(a1) # 20003254 <anb_prev_sig+0x4>
1000c788:	a0d42c23          	sw	a3,-1512(s0)
1000c78c:	2505a603          	lw	a2,592(a1)
1000c790:	a0c42e23          	sw	a2,-1508(s0)
1000c794:	3dc52583          	lw	a1,988(a0)
1000c798:	a2b42623          	sw	a1,-1492(s0)
1000c79c:	3d852503          	lw	a0,984(a0)
1000c7a0:	a2a42423          	sw	a0,-1496(s0)
1000c7a4:	1000d537          	lui	a0,0x1000d
1000c7a8:	18750513          	addi	a0,a0,391 # 1000d187 <_usbd_driver+0x123>
1000c7ac:	adaf70ef          	jal	10003a86 <__wrap_printf>
1000c7b0:	a2842603          	lw	a2,-1496(s0)
1000c7b4:	a2c42683          	lw	a3,-1492(s0)
1000c7b8:	1000d537          	lui	a0,0x1000d
1000c7bc:	1af50513          	addi	a0,a0,431 # 1000d1af <_usbd_driver+0x14b>
1000c7c0:	ac6f70ef          	jal	10003a86 <__wrap_printf>
1000c7c4:	a1842703          	lw	a4,-1512(s0)
1000c7c8:	a1c42583          	lw	a1,-1508(s0)
1000c7cc:	a2c42603          	lw	a2,-1492(s0)
1000c7d0:	a2842503          	lw	a0,-1496(s0)
1000c7d4:	00b536b3          	sltu	a3,a0,a1
1000c7d8:	8e19                	sub	a2,a2,a4
1000c7da:	40d606b3          	sub	a3,a2,a3
1000c7de:	a2d42223          	sw	a3,-1500(s0)
1000c7e2:	40b50633          	sub	a2,a0,a1
1000c7e6:	a2c42023          	sw	a2,-1504(s0)
1000c7ea:	1000d537          	lui	a0,0x1000d
1000c7ee:	1dc50513          	addi	a0,a0,476 # 1000d1dc <_usbd_driver+0x178>
1000c7f2:	a94f70ef          	jal	10003a86 <__wrap_printf>
1000c7f6:	b7c42683          	lw	a3,-1156(s0)
1000c7fa:	1000d537          	lui	a0,0x1000d
1000c7fe:	20350513          	addi	a0,a0,515 # 1000d203 <_usbd_driver+0x19f>
1000c802:	02a00613          	li	a2,42
1000c806:	a80f70ef          	jal	10003a86 <__wrap_printf>
1000c80a:	a2042703          	lw	a4,-1504(s0)
1000c80e:	a2442783          	lw	a5,-1500(s0)
1000c812:	b6842583          	lw	a1,-1176(s0)
1000c816:	a2842603          	lw	a2,-1496(s0)
1000c81a:	a2c42683          	lw	a3,-1492(s0)
1000c81e:	b6442503          	lw	a0,-1180(s0)
1000c822:	02a74713          	xori	a4,a4,42
1000c826:	8f5d                	or	a4,a4,a5
1000c828:	00173713          	seqz	a4,a4
1000c82c:	177d                	addi	a4,a4,-1
1000c82e:	8dd9                	or	a1,a1,a4
1000c830:	41d8                	lw	a4,4(a1)
1000c832:	418c                	lw	a1,0(a1)
1000c834:	3cd52e23          	sw	a3,988(a0)
1000c838:	3cc52c23          	sw	a2,984(a0)
1000c83c:	1000d537          	lui	a0,0x1000d
1000c840:	22b50513          	addi	a0,a0,555 # 1000d22b <_usbd_driver+0x1c7>
1000c844:	a42f70ef          	jal	10003a86 <__wrap_printf>
1000c848:	b6442603          	lw	a2,-1180(s0)
1000c84c:	a3042583          	lw	a1,-1488(s0)
1000c850:	3d862503          	lw	a0,984(a2)
1000c854:	3dc62603          	lw	a2,988(a2)
1000c858:	24c5aa23          	sw	a2,596(a1)
1000c85c:	24a5a823          	sw	a0,592(a1)
1000c860:	c24fe06f          	j	1000ac84 <KeyExpansion+0x17b8>
1000c864:	200035b7          	lui	a1,0x20003
1000c868:	3d85a503          	lw	a0,984(a1) # 200033d8 <runtime_sig>
1000c86c:	3dc5a603          	lw	a2,988(a1)
1000c870:	200035b7          	lui	a1,0x20003
1000c874:	24c5aa23          	sw	a2,596(a1) # 20003254 <anb_prev_sig+0x4>
1000c878:	24a5a823          	sw	a0,592(a1)
1000c87c:	5fc12083          	lw	ra,1532(sp)
1000c880:	5f812403          	lw	s0,1528(sp)
1000c884:	60010113          	addi	sp,sp,1536
1000c888:	8082                	ret

1000c88a <AES_ECB_encrypt>:
1000c88a:	1101                	addi	sp,sp,-32
1000c88c:	ce06                	sw	ra,28(sp)
1000c88e:	cc22                	sw	s0,24(sp)
1000c890:	1000                	addi	s0,sp,32
1000c892:	feb42023          	sw	a1,-32(s0)
1000c896:	fea42223          	sw	a0,-28(s0)
1000c89a:	20003537          	lui	a0,0x20003
1000c89e:	fea42423          	sw	a0,-24(s0)
1000c8a2:	4681                	li	a3,0
1000c8a4:	3cd52e23          	sw	a3,988(a0) # 200033dc <runtime_sig+0x4>
1000c8a8:	5c5365b7          	lui	a1,0x5c536
1000c8ac:	b2058613          	addi	a2,a1,-1248 # 5c535b20 <__StackTop+0x3c4b3b20>
1000c8b0:	3cc52c23          	sw	a2,984(a0)
1000c8b4:	20003537          	lui	a0,0x20003
1000c8b8:	fea42623          	sw	a0,-20(s0)
1000c8bc:	24d52a23          	sw	a3,596(a0) # 20003254 <anb_prev_sig+0x4>
1000c8c0:	24c52823          	sw	a2,592(a0)
1000c8c4:	1000d537          	lui	a0,0x1000d
1000c8c8:	16350513          	addi	a0,a0,355 # 1000d163 <_usbd_driver+0xff>
1000c8cc:	9baf70ef          	jal	10003a86 <__wrap_printf>
1000c8d0:	fe042583          	lw	a1,-32(s0)
1000c8d4:	fe442503          	lw	a0,-28(s0)
1000c8d8:	fea42a23          	sw	a0,-12(s0)
1000c8dc:	feb42823          	sw	a1,-16(s0)
1000c8e0:	ff042503          	lw	a0,-16(s0)
1000c8e4:	ff442583          	lw	a1,-12(s0)
1000c8e8:	e3bf90ef          	jal	10006722 <Cipher>
1000c8ec:	fe842603          	lw	a2,-24(s0)
1000c8f0:	fec42583          	lw	a1,-20(s0)
1000c8f4:	3d862503          	lw	a0,984(a2)
1000c8f8:	3dc62603          	lw	a2,988(a2)
1000c8fc:	24c5aa23          	sw	a2,596(a1)
1000c900:	24a5a823          	sw	a0,592(a1)
1000c904:	40f2                	lw	ra,28(sp)
1000c906:	4462                	lw	s0,24(sp)
1000c908:	6105                	addi	sp,sp,32
1000c90a:	8082                	ret

1000c90c <main>:
1000c90c:	7111                	addi	sp,sp,-256
1000c90e:	df86                	sw	ra,252(sp)
1000c910:	dda2                	sw	s0,248(sp)
1000c912:	0200                	addi	s0,sp,256
1000c914:	20003537          	lui	a0,0x20003
1000c918:	f0a42823          	sw	a0,-240(s0)
1000c91c:	4681                	li	a3,0
1000c91e:	3cd52e23          	sw	a3,988(a0) # 200033dc <runtime_sig+0x4>
1000c922:	781345b7          	lui	a1,0x78134
1000c926:	57358613          	addi	a2,a1,1395 # 78134573 <__StackTop+0x580b2573>
1000c92a:	3cc52c23          	sw	a2,984(a0)
1000c92e:	20003537          	lui	a0,0x20003
1000c932:	f0a42a23          	sw	a0,-236(s0)
1000c936:	24d52a23          	sw	a3,596(a0) # 20003254 <anb_prev_sig+0x4>
1000c93a:	24c52823          	sw	a2,592(a0)
1000c93e:	1000d537          	lui	a0,0x1000d
1000c942:	16350513          	addi	a0,a0,355 # 1000d163 <_usbd_driver+0xff>
1000c946:	940f70ef          	jal	10003a86 <__wrap_printf>
1000c94a:	f77f60ef          	jal	100038c0 <stdio_init_all>
1000c94e:	7d000513          	li	a0,2000
1000c952:	ac3f40ef          	jal	10001414 <sleep_ms>
1000c956:	3c4fd537          	lui	a0,0x3c4fd
1000c95a:	f0950513          	addi	a0,a0,-247 # 3c4fcf09 <__StackTop+0x1c47af09>
1000c95e:	fea42a23          	sw	a0,-12(s0)
1000c962:	8815f537          	lui	a0,0x8815f
1000c966:	7ab50513          	addi	a0,a0,1963 # 8815f7ab <__StackTop+0x680dd7ab>
1000c96a:	fea42823          	sw	a0,-16(s0)
1000c96e:	a6d2b537          	lui	a0,0xa6d2b
1000c972:	e2850513          	addi	a0,a0,-472 # a6d2ae28 <__StackTop+0x86ca8e28>
1000c976:	fea42623          	sw	a0,-20(s0)
1000c97a:	16158537          	lui	a0,0x16158
1000c97e:	e2b50513          	addi	a0,a0,-469 # 16157e2b <XIP_RAM_ORIGIN+0x215be2b>
1000c982:	fea42423          	sw	a0,-24(s0)
1000c986:	2a179537          	lui	a0,0x2a179
1000c98a:	37350513          	addi	a0,a0,883 # 2a179373 <__StackTop+0xa0f7373>
1000c98e:	fea42223          	sw	a0,-28(s0)
1000c992:	117e4537          	lui	a0,0x117e4
1000c996:	de950513          	addi	a0,a0,-535 # 117e3de9 <__psram_end__+0x7e3de9>
1000c99a:	fea42023          	sw	a0,-32(s0)
1000c99e:	969f4537          	lui	a0,0x969f4
1000c9a2:	02e50513          	addi	a0,a0,46 # 969f402e <__StackTop+0x7697202e>
1000c9a6:	fca42e23          	sw	a0,-36(s0)
1000c9aa:	e2bec537          	lui	a0,0xe2bec
1000c9ae:	16b50513          	addi	a0,a0,363 # e2bec16b <__StackTop+0xc2b6a16b>
1000c9b2:	fca42c23          	sw	a0,-40(s0)
1000c9b6:	f1840513          	addi	a0,s0,-232
1000c9ba:	f0a42623          	sw	a0,-244(s0)
1000c9be:	fe840593          	addi	a1,s0,-24
1000c9c2:	a8bfc0ef          	jal	1000944c <AES_init_ctx>
1000c9c6:	f0c42503          	lw	a0,-244(s0)
1000c9ca:	fd840593          	addi	a1,s0,-40
1000c9ce:	3d75                	jal	1000c88a <AES_ECB_encrypt>
1000c9d0:	1000d537          	lui	a0,0x1000d
1000c9d4:	0c150513          	addi	a0,a0,193 # 1000d0c1 <_usbd_driver+0x5d>
1000c9d8:	8aef70ef          	jal	10003a86 <__wrap_printf>
1000c9dc:	f1042603          	lw	a2,-240(s0)
1000c9e0:	f1442583          	lw	a1,-236(s0)
1000c9e4:	3d862503          	lw	a0,984(a2)
1000c9e8:	3dc62603          	lw	a2,988(a2)
1000c9ec:	24c5aa23          	sw	a2,596(a1)
1000c9f0:	24a5a823          	sw	a0,592(a1)
1000c9f4:	a009                	j	1000c9f6 <main+0xea>
1000c9f6:	06400513          	li	a0,100
1000c9fa:	a1bf40ef          	jal	10001414 <sleep_ms>
1000c9fe:	200035b7          	lui	a1,0x20003
1000ca02:	3d85a503          	lw	a0,984(a1) # 200033d8 <runtime_sig>
1000ca06:	3dc5a603          	lw	a2,988(a1)
1000ca0a:	200035b7          	lui	a1,0x20003
1000ca0e:	24c5aa23          	sw	a2,596(a1) # 20003254 <anb_prev_sig+0x4>
1000ca12:	24a5a823          	sw	a0,592(a1)
1000ca16:	b7c5                	j	1000c9f6 <main+0xea>

1000ca18 <__pre_init_runtime_init_bootrom_reset>:
1000ca18:	1c20 1000                                    ...

1000ca1c <__pre_init_runtime_init_early_resets>:
1000ca1c:	1bc0 1000                                   ....

1000ca20 <__pre_init_runtime_init_usb_power_down>:
1000ca20:	1bea 1000                                   ....

1000ca24 <__pre_init_runtime_init_clocks>:
1000ca24:	1c50 1000                                   P...

1000ca28 <__pre_init_runtime_init_post_clock_resets>:
1000ca28:	1c04 1000                                   ....

1000ca2c <__pre_init_runtime_init_boot_locks_reset>:
1000ca2c:	1b3a 1000                                   :...

1000ca30 <__pre_init_runtime_init_spin_locks_reset>:
1000ca30:	1c4c 1000                                   L...

1000ca34 <__pre_init_runtime_init_bootrom_locking_enable>:
1000ca34:	1b28 1000                                   (...

1000ca38 <__pre_init_runtime_init_mutex>:
1000ca38:	0bcc 1000                                   ....

1000ca3c <__pre_init_runtime_init_default_alarm_pool>:
1000ca3c:	1076 1000                                   v...

1000ca40 <__pre_init_first_per_core_initializer>:
1000ca40:	1b7e 1000                                   ~...

1000ca44 <__pre_init_runtime_init_per_core_bootrom_reset>:
1000ca44:	1c36 1000                                   6...

1000ca48 <__pre_init_runtime_init_per_core_h3_irq_registers>:
1000ca48:	35fc 1000                                   .5..

1000ca4c <__pre_init_runtime_init_per_core_irq_priorities>:
1000ca4c:	028c 1000                                   ....

1000ca50 <__pre_init_runtime_init_per_core_tls_setup>:
1000ca50:	66d2 1000                                   .f..

1000ca54 <__init_array_start>:
1000ca54:	41ac                	lw	a1,64(a1)
1000ca56:	1000                	addi	s0,sp,32

Disassembly of section .data:

20000000 <mutex_try_enter>:
20000000:	411c                	lw	a5,0(a0)
20000002:	872a                	mv	a4,a0
20000004:	300476f3          	csrrci	a3,mstatus,8
20000008:	00379613          	slli	a2,a5,0x3
2000000c:	28c01633          	bset	a2,zero,a2
20000010:	9bf1                	andi	a5,a5,-4
20000012:	44c7a52f          	amoor.w.aq	a0,a2,(a5)
20000016:	8d71                	and	a0,a0,a2
20000018:	fd6d                	bnez	a0,20000012 <mutex_try_enter+0x12>
2000001a:	0330000f          	fence	rw,rw
2000001e:	00470783          	lb	a5,4(a4)
20000022:	0007ce63          	bltz	a5,2000003e <mutex_try_enter+0x3e>
20000026:	c191                	beqz	a1,2000002a <mutex_try_enter+0x2a>
20000028:	c19c                	sw	a5,0(a1)
2000002a:	4501                	li	a0,0
2000002c:	431c                	lw	a5,0(a4)
2000002e:	0330000f          	fence	rw,rw
20000032:	00078023          	sb	zero,0(a5)
20000036:	8aa1                	andi	a3,a3,8
20000038:	3006a073          	csrs	mstatus,a3
2000003c:	8082                	ret
2000003e:	d00007b7          	lui	a5,0xd0000
20000042:	439c                	lw	a5,0(a5)
20000044:	4505                	li	a0,1
20000046:	00f70223          	sb	a5,4(a4)
2000004a:	431c                	lw	a5,0(a4)
2000004c:	0330000f          	fence	rw,rw
20000050:	00078023          	sb	zero,0(a5) # d0000000 <__StackTop+0xaff7e000>
20000054:	8aa1                	andi	a3,a3,8
20000056:	3006a073          	csrs	mstatus,a3
2000005a:	8082                	ret

2000005c <mutex_enter_block_until>:
2000005c:	d00007b7          	lui	a5,0xd0000
20000060:	439c                	lw	a5,0(a5)
20000062:	1101                	addi	sp,sp,-32
20000064:	cc22                	sw	s0,24(sp)
20000066:	ca26                	sw	s1,20(sp)
20000068:	c84a                	sw	s2,16(sp)
2000006a:	c64e                	sw	s3,12(sp)
2000006c:	c452                	sw	s4,8(sp)
2000006e:	ce06                	sw	ra,28(sp)
20000070:	8a3e                	mv	s4,a5
20000072:	892a                	mv	s2,a0
20000074:	842e                	mv	s0,a1
20000076:	84b2                	mv	s1,a2
20000078:	00092783          	lw	a5,0(s2)
2000007c:	30047773          	csrrci	a4,mstatus,8
20000080:	00379693          	slli	a3,a5,0x3
20000084:	28d016b3          	bset	a3,zero,a3
20000088:	9bf1                	andi	a5,a5,-4
2000008a:	44d7a62f          	amoor.w.aq	a2,a3,(a5)
2000008e:	8e75                	and	a2,a2,a3
20000090:	fe6d                	bnez	a2,2000008a <mutex_enter_block_until+0x2e>
20000092:	0330000f          	fence	rw,rw
20000096:	00490603          	lb	a2,4(s2)
2000009a:	00092683          	lw	a3,0(s2)
2000009e:	00877793          	andi	a5,a4,8
200000a2:	04064863          	bltz	a2,200000f2 <mutex_enter_block_until+0x96>
200000a6:	8091c703          	lbu	a4,-2039(gp) # 20003b3a <lock_internal_notify_count>
200000aa:	0ff77713          	zext.b	a4,a4
200000ae:	0330000f          	fence	rw,rw
200000b2:	00068023          	sb	zero,0(a3)
200000b6:	3007a073          	csrs	mstatus,a5
200000ba:	8091c783          	lbu	a5,-2039(gp) # 20003b3a <lock_internal_notify_count>
200000be:	8522                	mv	a0,s0
200000c0:	85a6                	mv	a1,s1
200000c2:	02e78063          	beq	a5,a4,200000e2 <mutex_enter_block_until+0x86>
200000c6:	f0001097          	auipc	ra,0xf0001
200000ca:	480080e7          	jalr	1152(ra) # 10001546 <best_effort_wfe_or_timeout>
200000ce:	d54d                	beqz	a0,20000078 <mutex_enter_block_until+0x1c>
200000d0:	40f2                	lw	ra,28(sp)
200000d2:	4462                	lw	s0,24(sp)
200000d4:	44d2                	lw	s1,20(sp)
200000d6:	4942                	lw	s2,16(sp)
200000d8:	49b2                	lw	s3,12(sp)
200000da:	4a22                	lw	s4,8(sp)
200000dc:	4501                	li	a0,0
200000de:	6105                	addi	sp,sp,32
200000e0:	8082                	ret
200000e2:	00002033          	sltz	zero,zero
200000e6:	f0001097          	auipc	ra,0xf0001
200000ea:	460080e7          	jalr	1120(ra) # 10001546 <best_effort_wfe_or_timeout>
200000ee:	d549                	beqz	a0,20000078 <mutex_enter_block_until+0x1c>
200000f0:	b7c5                	j	200000d0 <mutex_enter_block_until+0x74>
200000f2:	01490223          	sb	s4,4(s2)
200000f6:	0330000f          	fence	rw,rw
200000fa:	00068023          	sb	zero,0(a3)
200000fe:	3007a073          	csrs	mstatus,a5
20000102:	40f2                	lw	ra,28(sp)
20000104:	4462                	lw	s0,24(sp)
20000106:	44d2                	lw	s1,20(sp)
20000108:	4942                	lw	s2,16(sp)
2000010a:	49b2                	lw	s3,12(sp)
2000010c:	4a22                	lw	s4,8(sp)
2000010e:	4505                	li	a0,1
20000110:	6105                	addi	sp,sp,32
20000112:	8082                	ret

20000114 <mutex_try_enter_block_until>:
20000114:	1101                	addi	sp,sp,-32
20000116:	ca4a                	sw	s2,20(sp)
20000118:	892e                	mv	s2,a1
2000011a:	006c                	addi	a1,sp,12
2000011c:	cc22                	sw	s0,24(sp)
2000011e:	c84e                	sw	s3,16(sp)
20000120:	ce06                	sw	ra,28(sp)
20000122:	89b2                	mv	s3,a2
20000124:	842a                	mv	s0,a0
20000126:	3de9                	jal	20000000 <mutex_try_enter>
20000128:	e909                	bnez	a0,2000013a <mutex_try_enter_block_until+0x26>
2000012a:	d00007b7          	lui	a5,0xd0000
2000012e:	00078783          	lb	a5,0(a5) # d0000000 <__StackTop+0xaff7e000>
20000132:	00c10703          	lb	a4,12(sp)
20000136:	00f71863          	bne	a4,a5,20000146 <mutex_try_enter_block_until+0x32>
2000013a:	40f2                	lw	ra,28(sp)
2000013c:	4462                	lw	s0,24(sp)
2000013e:	4952                	lw	s2,20(sp)
20000140:	49c2                	lw	s3,16(sp)
20000142:	6105                	addi	sp,sp,32
20000144:	8082                	ret
20000146:	8522                	mv	a0,s0
20000148:	4462                	lw	s0,24(sp)
2000014a:	40f2                	lw	ra,28(sp)
2000014c:	85ca                	mv	a1,s2
2000014e:	864e                	mv	a2,s3
20000150:	4952                	lw	s2,20(sp)
20000152:	49c2                	lw	s3,16(sp)
20000154:	6105                	addi	sp,sp,32
20000156:	b719                	j	2000005c <mutex_enter_block_until>

20000158 <mutex_enter_timeout_ms>:
20000158:	1141                	addi	sp,sp,-16
2000015a:	c422                	sw	s0,8(sp)
2000015c:	c226                	sw	s1,4(sp)
2000015e:	842e                	mv	s0,a1
20000160:	c606                	sw	ra,12(sp)
20000162:	84aa                	mv	s1,a0
20000164:	f0001097          	auipc	ra,0xf0001
20000168:	592080e7          	jalr	1426(ra) # 100016f6 <time_us_64>
2000016c:	3e800713          	li	a4,1000
20000170:	02e40633          	mul	a2,s0,a4
20000174:	800007b7          	lui	a5,0x80000
20000178:	17fd                	addi	a5,a5,-1 # 7fffffff <__StackTop+0x5ff7dfff>
2000017a:	02e43433          	mulhu	s0,s0,a4
2000017e:	9532                	add	a0,a0,a2
20000180:	00c53633          	sltu	a2,a0,a2
20000184:	942e                	add	s0,s0,a1
20000186:	9622                	add	a2,a2,s0
20000188:	00c7f463          	bgeu	a5,a2,20000190 <mutex_enter_timeout_ms+0x38>
2000018c:	863e                	mv	a2,a5
2000018e:	557d                	li	a0,-1
20000190:	4422                	lw	s0,8(sp)
20000192:	40b2                	lw	ra,12(sp)
20000194:	85aa                	mv	a1,a0
20000196:	8526                	mv	a0,s1
20000198:	4492                	lw	s1,4(sp)
2000019a:	0141                	addi	sp,sp,16
2000019c:	b5c1                	j	2000005c <mutex_enter_block_until>

2000019e <mutex_exit>:
2000019e:	411c                	lw	a5,0(a0)
200001a0:	30047773          	csrrci	a4,mstatus,8
200001a4:	00379693          	slli	a3,a5,0x3
200001a8:	28d016b3          	bset	a3,zero,a3
200001ac:	9bf1                	andi	a5,a5,-4
200001ae:	44d7a62f          	amoor.w.aq	a2,a3,(a5)
200001b2:	8e75                	and	a2,a2,a3
200001b4:	fe6d                	bnez	a2,200001ae <mutex_exit+0x10>
200001b6:	0330000f          	fence	rw,rw
200001ba:	8091c783          	lbu	a5,-2039(gp) # 20003b3a <lock_internal_notify_count>
200001be:	567d                	li	a2,-1
200001c0:	00c50223          	sb	a2,4(a0)
200001c4:	0785                	addi	a5,a5,1
200001c6:	4110                	lw	a2,0(a0)
200001c8:	80f184a3          	sb	a5,-2039(gp) # 20003b3a <lock_internal_notify_count>
200001cc:	0330000f          	fence	rw,rw
200001d0:	00060023          	sb	zero,0(a2)
200001d4:	8b21                	andi	a4,a4,8
200001d6:	30072073          	csrs	mstatus,a4
200001da:	00102033          	sgtz	zero,ra
200001de:	8082                	ret

200001e0 <reset_non_control_endpoints>:
200001e0:	1141                	addi	sp,sp,-16
200001e2:	c606                	sw	ra,12(sp)
200001e4:	501007b7          	lui	a5,0x50100
200001e8:	0007a423          	sw	zero,8(a5) # 50100008 <__StackTop+0x3007e008>
200001ec:	0007a623          	sw	zero,12(a5)
200001f0:	0007a823          	sw	zero,16(a5)
200001f4:	0007aa23          	sw	zero,20(a5)
200001f8:	0007ac23          	sw	zero,24(a5)
200001fc:	0007ae23          	sw	zero,28(a5)
20000200:	0207a023          	sw	zero,32(a5)
20000204:	0207a223          	sw	zero,36(a5)
20000208:	0207a423          	sw	zero,40(a5)
2000020c:	0207a623          	sw	zero,44(a5)
20000210:	0207a823          	sw	zero,48(a5)
20000214:	0207aa23          	sw	zero,52(a5)
20000218:	0207ac23          	sw	zero,56(a5)
2000021c:	0207ae23          	sw	zero,60(a5)
20000220:	0407a023          	sw	zero,64(a5)
20000224:	0407a223          	sw	zero,68(a5)
20000228:	0407a423          	sw	zero,72(a5)
2000022c:	0407a623          	sw	zero,76(a5)
20000230:	0407a823          	sw	zero,80(a5)
20000234:	0407aa23          	sw	zero,84(a5)
20000238:	0407ac23          	sw	zero,88(a5)
2000023c:	0407ae23          	sw	zero,92(a5)
20000240:	0607a023          	sw	zero,96(a5)
20000244:	0607a223          	sw	zero,100(a5)
20000248:	0607a423          	sw	zero,104(a5)
2000024c:	0607a623          	sw	zero,108(a5)
20000250:	0607a823          	sw	zero,112(a5)
20000254:	0607aa23          	sw	zero,116(a5)
20000258:	0607ac23          	sw	zero,120(a5)
2000025c:	20003537          	lui	a0,0x20003
20000260:	0607ae23          	sw	zero,124(a5)
20000264:	74050513          	addi	a0,a0,1856 # 20003740 <hw_endpoints+0x40>
20000268:	3c000613          	li	a2,960
2000026c:	4581                	li	a1,0
2000026e:	0ef020ef          	jal	20002b5c <memset>
20000272:	40b2                	lw	ra,12(sp)
20000274:	501007b7          	lui	a5,0x50100
20000278:	18078793          	addi	a5,a5,384 # 50100180 <__StackTop+0x3007e180>
2000027c:	86f1a3a3          	sw	a5,-1945(gp) # 20003b98 <next_buffer_ptr>
20000280:	0141                	addi	sp,sp,16
20000282:	8082                	ret

20000284 <hw_handle_buff_status>:
20000284:	7179                	addi	sp,sp,-48
20000286:	501107b7          	lui	a5,0x50110
2000028a:	c85a                	sw	s6,16(sp)
2000028c:	0587ab03          	lw	s6,88(a5) # 50110058 <__StackTop+0x3008e058>
20000290:	d606                	sw	ra,44(sp)
20000292:	060b0d63          	beqz	s6,2000030c <hw_handle_buff_status+0x88>
20000296:	cc52                	sw	s4,24(sp)
20000298:	20003a37          	lui	s4,0x20003
2000029c:	d422                	sw	s0,40(sp)
2000029e:	d226                	sw	s1,36(sp)
200002a0:	ca56                	sw	s5,20(sp)
200002a2:	d04a                	sw	s2,32(sp)
200002a4:	ce4e                	sw	s3,28(sp)
200002a6:	4401                	li	s0,0
200002a8:	4485                	li	s1,1
200002aa:	700a0a13          	addi	s4,s4,1792 # 20003700 <hw_endpoints>
200002ae:	50113ab7          	lui	s5,0x50113
200002b2:	a811                	j	200002c6 <hw_handle_buff_status+0x42>
200002b4:	0405                	addi	s0,s0,1
200002b6:	0ff47413          	zext.b	s0,s0
200002ba:	fe040793          	addi	a5,s0,-32
200002be:	0486                	slli	s1,s1,0x1
200002c0:	c3a1                	beqz	a5,20000300 <hw_handle_buff_status+0x7c>
200002c2:	02098f63          	beqz	s3,20000300 <hw_handle_buff_status+0x7c>
200002c6:	009b77b3          	and	a5,s6,s1
200002ca:	4985                	li	s3,1
200002cc:	d7e5                	beqz	a5,200002b4 <hw_handle_buff_status+0x30>
200002ce:	4705                	li	a4,1
200002d0:	408777b3          	andn	a5,a4,s0
200002d4:	0fe47913          	andi	s2,s0,254
200002d8:	993e                	add	s2,s2,a5
200002da:	0916                	slli	s2,s2,0x5
200002dc:	9952                	add	s2,s2,s4
200002de:	049aac23          	sw	s1,88(s5) # 50113058 <__StackTop+0x30091058>
200002e2:	854a                	mv	a0,s2
200002e4:	0cd000ef          	jal	20000bb0 <hw_endpoint_xfer_continue>
200002e8:	e515                	bnez	a0,20000314 <hw_handle_buff_status+0x90>
200002ea:	0405                	addi	s0,s0,1
200002ec:	0ff47413          	zext.b	s0,s0
200002f0:	409b7b33          	andn	s6,s6,s1
200002f4:	fe040793          	addi	a5,s0,-32
200002f8:	016039b3          	snez	s3,s6
200002fc:	0486                	slli	s1,s1,0x1
200002fe:	f3f1                	bnez	a5,200002c2 <hw_handle_buff_status+0x3e>
20000300:	5422                	lw	s0,40(sp)
20000302:	5492                	lw	s1,36(sp)
20000304:	5902                	lw	s2,32(sp)
20000306:	49f2                	lw	s3,28(sp)
20000308:	4a62                	lw	s4,24(sp)
2000030a:	4ad2                	lw	s5,20(sp)
2000030c:	50b2                	lw	ra,44(sp)
2000030e:	4b42                	lw	s6,16(sp)
20000310:	6145                	addi	sp,sp,48
20000312:	8082                	ret
20000314:	00294683          	lbu	a3,2(s2)
20000318:	01695703          	lhu	a4,22(s2)
2000031c:	70000793          	li	a5,1792
20000320:	0048                	addi	a0,sp,4
20000322:	85ce                	mv	a1,s3
20000324:	000104a3          	sb	zero,9(sp)
20000328:	00d10423          	sb	a3,8(sp)
2000032c:	c63a                	sw	a4,12(sp)
2000032e:	00f11223          	sh	a5,4(sp)
20000332:	0d9000ef          	jal	20000c0a <dcd_event_handler>
20000336:	854a                	mv	a0,s2
20000338:	276d                	jal	20000ae2 <hw_endpoint_reset_transfer>
2000033a:	bf45                	j	200002ea <hw_handle_buff_status+0x66>

2000033c <dcd_rp2040_irq>:
2000033c:	7179                	addi	sp,sp,-48
2000033e:	501107b7          	lui	a5,0x50110
20000342:	d226                	sw	s1,36(sp)
20000344:	0987a483          	lw	s1,152(a5) # 50110098 <__StackTop+0x3008e098>
20000348:	d422                	sw	s0,40(sp)
2000034a:	00020437          	lui	s0,0x20
2000034e:	d606                	sw	ra,44(sp)
20000350:	8c65                	and	s0,s0,s1
20000352:	47c1                	li	a5,16
20000354:	c865                	beqz	s0,20000444 <dcd_rp2040_irq+0x108>
20000356:	400b0737          	lui	a4,0x400b0
2000035a:	200037b7          	lui	a5,0x20003
2000035e:	5710                	lw	a2,40(a4)
20000360:	70078793          	addi	a5,a5,1792 # 20003700 <hw_endpoints>
20000364:	03b7c683          	lbu	a3,59(a5)
20000368:	86c1a5a3          	sw	a2,-1941(gp) # 20003b9c <e15_last_sof>
2000036c:	4709                	li	a4,2
2000036e:	4401                	li	s0,0
20000370:	30e68663          	beq	a3,a4,2000067c <dcd_rp2040_irq+0x340>
20000374:	07b7c683          	lbu	a3,123(a5)
20000378:	4709                	li	a4,2
2000037a:	1ee68563          	beq	a3,a4,20000564 <dcd_rp2040_irq+0x228>
2000037e:	0bb7c683          	lbu	a3,187(a5)
20000382:	4709                	li	a4,2
20000384:	1ee68a63          	beq	a3,a4,20000578 <dcd_rp2040_irq+0x23c>
20000388:	0fb7c683          	lbu	a3,251(a5)
2000038c:	4709                	li	a4,2
2000038e:	20e68963          	beq	a3,a4,200005a0 <dcd_rp2040_irq+0x264>
20000392:	13b7c683          	lbu	a3,315(a5)
20000396:	4709                	li	a4,2
20000398:	24e68c63          	beq	a3,a4,200005f0 <dcd_rp2040_irq+0x2b4>
2000039c:	17b7c683          	lbu	a3,379(a5)
200003a0:	4709                	li	a4,2
200003a2:	22e68363          	beq	a3,a4,200005c8 <dcd_rp2040_irq+0x28c>
200003a6:	1bb7c683          	lbu	a3,443(a5)
200003aa:	4709                	li	a4,2
200003ac:	28e68263          	beq	a3,a4,20000630 <dcd_rp2040_irq+0x2f4>
200003b0:	1fb7c683          	lbu	a3,507(a5)
200003b4:	4709                	li	a4,2
200003b6:	1ce68b63          	beq	a3,a4,2000058c <dcd_rp2040_irq+0x250>
200003ba:	23b7c683          	lbu	a3,571(a5)
200003be:	4709                	li	a4,2
200003c0:	28e68263          	beq	a3,a4,20000644 <dcd_rp2040_irq+0x308>
200003c4:	27b7c683          	lbu	a3,635(a5)
200003c8:	4709                	li	a4,2
200003ca:	20e68963          	beq	a3,a4,200005dc <dcd_rp2040_irq+0x2a0>
200003ce:	2bb7c683          	lbu	a3,699(a5)
200003d2:	4709                	li	a4,2
200003d4:	28e68a63          	beq	a3,a4,20000668 <dcd_rp2040_irq+0x32c>
200003d8:	2fb7c683          	lbu	a3,763(a5)
200003dc:	4709                	li	a4,2
200003de:	1ce68b63          	beq	a3,a4,200005b4 <dcd_rp2040_irq+0x278>
200003e2:	33b7c683          	lbu	a3,827(a5)
200003e6:	4709                	li	a4,2
200003e8:	26e68763          	beq	a3,a4,20000656 <dcd_rp2040_irq+0x31a>
200003ec:	37b7c683          	lbu	a3,891(a5)
200003f0:	4709                	li	a4,2
200003f2:	20e68963          	beq	a3,a4,20000604 <dcd_rp2040_irq+0x2c8>
200003f6:	3bb7c683          	lbu	a3,955(a5)
200003fa:	4709                	li	a4,2
200003fc:	2ce68c63          	beq	a3,a4,200006d4 <dcd_rp2040_irq+0x398>
20000400:	3fb7c683          	lbu	a3,1019(a5)
20000404:	4709                	li	a4,2
20000406:	2ae68763          	beq	a3,a4,200006b4 <dcd_rp2040_irq+0x378>
2000040a:	e811                	bnez	s0,2000041e <dcd_rp2040_irq+0xe2>
2000040c:	8641c783          	lbu	a5,-1948(gp) # 20003b95 <_sof_enable>
20000410:	e799                	bnez	a5,2000041e <dcd_rp2040_irq+0xe2>
20000412:	501137b7          	lui	a5,0x50113
20000416:	00020737          	lui	a4,0x20
2000041a:	08e7a823          	sw	a4,144(a5) # 50113090 <__StackTop+0x30091090>
2000041e:	501107b7          	lui	a5,0x50110
20000422:	47bc                	lw	a5,72(a5)
20000424:	30000713          	li	a4,768
20000428:	4585                	li	a1,1
2000042a:	7ff7f793          	andi	a5,a5,2047
2000042e:	0848                	addi	a0,sp,20
20000430:	cc3e                	sw	a5,24(sp)
20000432:	00e11a23          	sh	a4,20(sp)
20000436:	7d4000ef          	jal	20000c0a <dcd_event_handler>
2000043a:	000207b7          	lui	a5,0x20
2000043e:	07c1                	addi	a5,a5,16 # 20010 <XIP_RAM_LENGTH+0x1c010>
20000440:	00020437          	lui	s0,0x20
20000444:	0104f713          	andi	a4,s1,16
20000448:	10071a63          	bnez	a4,2000055c <dcd_rp2040_irq+0x220>
2000044c:	00f49793          	slli	a5,s1,0xf
20000450:	0407d563          	bgez	a5,2000049a <dcd_rp2040_irq+0x15e>
20000454:	20003537          	lui	a0,0x20003
20000458:	70050513          	addi	a0,a0,1792 # 20003700 <hw_endpoints>
2000045c:	01a54783          	lbu	a5,26(a0)
20000460:	29041413          	bseti	s0,s0,0x10
20000464:	4709                	li	a4,2
20000466:	4805                	li	a6,1
20000468:	e3a5                	bnez	a5,200004c8 <dcd_rp2040_irq+0x18c>
2000046a:	010501a3          	sb	a6,3(a0)
2000046e:	02050513          	addi	a0,a0,32
20000472:	05071763          	bne	a4,a6,200004c0 <dcd_rp2040_irq+0x184>
20000476:	60000793          	li	a5,1536
2000047a:	00f11a23          	sh	a5,20(sp)
2000047e:	501007b7          	lui	a5,0x50100
20000482:	4394                	lw	a3,0(a5)
20000484:	85ba                	mv	a1,a4
20000486:	0848                	addi	a0,sp,20
20000488:	cc36                	sw	a3,24(sp)
2000048a:	43dc                	lw	a5,4(a5)
2000048c:	ce3e                	sw	a5,28(sp)
2000048e:	2fb5                	jal	20000c0a <dcd_event_handler>
20000490:	501137b7          	lui	a5,0x50113
20000494:	00020737          	lui	a4,0x20
20000498:	cbb8                	sw	a4,80(a5)
2000049a:	01349793          	slli	a5,s1,0x13
2000049e:	0807ca63          	bltz	a5,20000532 <dcd_rp2040_irq+0x1f6>
200004a2:	01149793          	slli	a5,s1,0x11
200004a6:	0607c863          	bltz	a5,20000516 <dcd_rp2040_irq+0x1da>
200004aa:	01049793          	slli	a5,s1,0x10
200004ae:	0407c563          	bltz	a5,200004f8 <dcd_rp2040_irq+0x1bc>
200004b2:	3c941d63          	bne	s0,s1,2000088c <dcd_rp2040_irq+0x550>
200004b6:	50b2                	lw	ra,44(sp)
200004b8:	5422                	lw	s0,40(sp)
200004ba:	5492                	lw	s1,36(sp)
200004bc:	6145                	addi	sp,sp,48
200004be:	8082                	ret
200004c0:	01a54783          	lbu	a5,26(a0)
200004c4:	4705                	li	a4,1
200004c6:	d3d5                	beqz	a5,2000046a <dcd_rp2040_irq+0x12e>
200004c8:	501127b7          	lui	a5,0x50112
200004cc:	d3b8                	sw	a4,96(a5)
200004ce:	501106b7          	lui	a3,0x50110
200004d2:	52fc                	lw	a5,100(a3)
200004d4:	8ff9                	and	a5,a5,a4
200004d6:	fee79ee3          	bne	a5,a4,200004d2 <dcd_rp2040_irq+0x196>
200004da:	660d                	lui	a2,0x3
200004dc:	4581                	li	a1,0
200004de:	c63a                	sw	a4,12(sp)
200004e0:	c42a                	sw	a0,8(sp)
200004e2:	2539                	jal	20000af0 <_hw_endpoint_buffer_control_update32>
200004e4:	4522                	lw	a0,8(sp)
200004e6:	2bf5                	jal	20000ae2 <hw_endpoint_reset_transfer>
200004e8:	4732                	lw	a4,12(sp)
200004ea:	501137b7          	lui	a5,0x50113
200004ee:	4522                	lw	a0,8(sp)
200004f0:	d3f8                	sw	a4,100(a5)
200004f2:	d3b8                	sw	a4,96(a5)
200004f4:	4805                	li	a6,1
200004f6:	bf95                	j	2000046a <dcd_rp2040_irq+0x12e>
200004f8:	50000793          	li	a5,1280
200004fc:	4585                	li	a1,1
200004fe:	0848                	addi	a0,sp,20
20000500:	00f11a23          	sh	a5,20(sp)
20000504:	2719                	jal	20000c0a <dcd_event_handler>
20000506:	501137b7          	lui	a5,0x50113
2000050a:	28b01713          	bseti	a4,zero,0xb
2000050e:	28f41413          	bseti	s0,s0,0xf
20000512:	cbb8                	sw	a4,80(a5)
20000514:	bf79                	j	200004b2 <dcd_rp2040_irq+0x176>
20000516:	40000793          	li	a5,1024
2000051a:	4585                	li	a1,1
2000051c:	0848                	addi	a0,sp,20
2000051e:	00f11a23          	sh	a5,20(sp)
20000522:	25e5                	jal	20000c0a <dcd_event_handler>
20000524:	501137b7          	lui	a5,0x50113
20000528:	4741                	li	a4,16
2000052a:	28e41413          	bseti	s0,s0,0xe
2000052e:	cbb8                	sw	a4,80(a5)
20000530:	bfad                	j	200004aa <dcd_rp2040_irq+0x16e>
20000532:	501107b7          	lui	a5,0x50110
20000536:	0007a023          	sw	zero,0(a5) # 50110000 <__StackTop+0x3008e000>
2000053a:	315d                	jal	200001e0 <reset_non_control_endpoints>
2000053c:	10000793          	li	a5,256
20000540:	0848                	addi	a0,sp,20
20000542:	4585                	li	a1,1
20000544:	00f11a23          	sh	a5,20(sp)
20000548:	cc02                	sw	zero,24(sp)
2000054a:	25c1                	jal	20000c0a <dcd_event_handler>
2000054c:	501137b7          	lui	a5,0x50113
20000550:	00080737          	lui	a4,0x80
20000554:	28c41413          	bseti	s0,s0,0xc
20000558:	cbb8                	sw	a4,80(a5)
2000055a:	b7a1                	j	200004a2 <dcd_rp2040_irq+0x166>
2000055c:	c43e                	sw	a5,8(sp)
2000055e:	331d                	jal	20000284 <hw_handle_buff_status>
20000560:	4422                	lw	s0,8(sp)
20000562:	b5ed                	j	2000044c <dcd_rp2040_irq+0x110>
20000564:	07a7c703          	lbu	a4,122(a5) # 5011307a <__StackTop+0x3009107a>
20000568:	e0070be3          	beqz	a4,2000037e <dcd_rp2040_irq+0x42>
2000056c:	07c7c683          	lbu	a3,124(a5)
20000570:	2c069563          	bnez	a3,2000083a <dcd_rp2040_irq+0x4fe>
20000574:	843a                	mv	s0,a4
20000576:	b521                	j	2000037e <dcd_rp2040_irq+0x42>
20000578:	0ba7c703          	lbu	a4,186(a5)
2000057c:	e00706e3          	beqz	a4,20000388 <dcd_rp2040_irq+0x4c>
20000580:	0bc7c683          	lbu	a3,188(a5)
20000584:	28069c63          	bnez	a3,2000081c <dcd_rp2040_irq+0x4e0>
20000588:	843a                	mv	s0,a4
2000058a:	bbfd                	j	20000388 <dcd_rp2040_irq+0x4c>
2000058c:	1fa7c703          	lbu	a4,506(a5)
20000590:	e20705e3          	beqz	a4,200003ba <dcd_rp2040_irq+0x7e>
20000594:	1fc7c683          	lbu	a3,508(a5)
20000598:	24069463          	bnez	a3,200007e0 <dcd_rp2040_irq+0x4a4>
2000059c:	843a                	mv	s0,a4
2000059e:	bd31                	j	200003ba <dcd_rp2040_irq+0x7e>
200005a0:	0fa7c703          	lbu	a4,250(a5)
200005a4:	de0707e3          	beqz	a4,20000392 <dcd_rp2040_irq+0x56>
200005a8:	0fc7c683          	lbu	a3,252(a5)
200005ac:	20069b63          	bnez	a3,200007c2 <dcd_rp2040_irq+0x486>
200005b0:	843a                	mv	s0,a4
200005b2:	b3c5                	j	20000392 <dcd_rp2040_irq+0x56>
200005b4:	2fa7c703          	lbu	a4,762(a5)
200005b8:	e20705e3          	beqz	a4,200003e2 <dcd_rp2040_irq+0xa6>
200005bc:	2fc7c683          	lbu	a3,764(a5)
200005c0:	1e069263          	bnez	a3,200007a4 <dcd_rp2040_irq+0x468>
200005c4:	843a                	mv	s0,a4
200005c6:	bd31                	j	200003e2 <dcd_rp2040_irq+0xa6>
200005c8:	17a7c703          	lbu	a4,378(a5)
200005cc:	dc070de3          	beqz	a4,200003a6 <dcd_rp2040_irq+0x6a>
200005d0:	17c7c683          	lbu	a3,380(a5)
200005d4:	1a069963          	bnez	a3,20000786 <dcd_rp2040_irq+0x44a>
200005d8:	843a                	mv	s0,a4
200005da:	b3f1                	j	200003a6 <dcd_rp2040_irq+0x6a>
200005dc:	27a7c703          	lbu	a4,634(a5)
200005e0:	de0707e3          	beqz	a4,200003ce <dcd_rp2040_irq+0x92>
200005e4:	27c7c683          	lbu	a3,636(a5)
200005e8:	18069063          	bnez	a3,20000768 <dcd_rp2040_irq+0x42c>
200005ec:	843a                	mv	s0,a4
200005ee:	b3c5                	j	200003ce <dcd_rp2040_irq+0x92>
200005f0:	13a7c703          	lbu	a4,314(a5)
200005f4:	da0704e3          	beqz	a4,2000039c <dcd_rp2040_irq+0x60>
200005f8:	13c7c683          	lbu	a3,316(a5)
200005fc:	14069763          	bnez	a3,2000074a <dcd_rp2040_irq+0x40e>
20000600:	843a                	mv	s0,a4
20000602:	bb69                	j	2000039c <dcd_rp2040_irq+0x60>
20000604:	37a7c703          	lbu	a4,890(a5)
20000608:	de0707e3          	beqz	a4,200003f6 <dcd_rp2040_irq+0xba>
2000060c:	37c7c683          	lbu	a3,892(a5)
20000610:	24069463          	bnez	a3,20000858 <dcd_rp2040_irq+0x51c>
20000614:	3bb7c603          	lbu	a2,955(a5)
20000618:	4689                	li	a3,2
2000061a:	08d60563          	beq	a2,a3,200006a4 <dcd_rp2040_irq+0x368>
2000061e:	3fb7c703          	lbu	a4,1019(a5)
20000622:	ded71ee3          	bne	a4,a3,2000041e <dcd_rp2040_irq+0xe2>
20000626:	3fa7c703          	lbu	a4,1018(a5)
2000062a:	de070ae3          	beqz	a4,2000041e <dcd_rp2040_irq+0xe2>
2000062e:	a079                	j	200006bc <dcd_rp2040_irq+0x380>
20000630:	1ba7c703          	lbu	a4,442(a5)
20000634:	d6070ee3          	beqz	a4,200003b0 <dcd_rp2040_irq+0x74>
20000638:	1bc7c683          	lbu	a3,444(a5)
2000063c:	0e069863          	bnez	a3,2000072c <dcd_rp2040_irq+0x3f0>
20000640:	843a                	mv	s0,a4
20000642:	b3bd                	j	200003b0 <dcd_rp2040_irq+0x74>
20000644:	23a7c703          	lbu	a4,570(a5)
20000648:	d6070ee3          	beqz	a4,200003c4 <dcd_rp2040_irq+0x88>
2000064c:	23c7c683          	lbu	a3,572(a5)
20000650:	eedd                	bnez	a3,2000070e <dcd_rp2040_irq+0x3d2>
20000652:	843a                	mv	s0,a4
20000654:	bb85                	j	200003c4 <dcd_rp2040_irq+0x88>
20000656:	33a7c703          	lbu	a4,826(a5)
2000065a:	d80709e3          	beqz	a4,200003ec <dcd_rp2040_irq+0xb0>
2000065e:	33c7c683          	lbu	a3,828(a5)
20000662:	e6d9                	bnez	a3,200006f0 <dcd_rp2040_irq+0x3b4>
20000664:	843a                	mv	s0,a4
20000666:	b359                	j	200003ec <dcd_rp2040_irq+0xb0>
20000668:	2ba7c703          	lbu	a4,698(a5)
2000066c:	d60706e3          	beqz	a4,200003d8 <dcd_rp2040_irq+0x9c>
20000670:	2bc7c683          	lbu	a3,700(a5)
20000674:	18069563          	bnez	a3,200007fe <dcd_rp2040_irq+0x4c2>
20000678:	843a                	mv	s0,a4
2000067a:	bbb9                	j	200003d8 <dcd_rp2040_irq+0x9c>
2000067c:	03a7c403          	lbu	s0,58(a5)
20000680:	ce040ae3          	beqz	s0,20000374 <dcd_rp2040_irq+0x38>
20000684:	03c7c703          	lbu	a4,60(a5)
20000688:	ce0706e3          	beqz	a4,20000374 <dcd_rp2040_irq+0x38>
2000068c:	20003537          	lui	a0,0x20003
20000690:	72050513          	addi	a0,a0,1824 # 20003720 <hw_endpoints+0x20>
20000694:	02078e23          	sb	zero,60(a5)
20000698:	2175                	jal	20000b44 <hw_endpoint_start_next_buffer>
2000069a:	200037b7          	lui	a5,0x20003
2000069e:	70078793          	addi	a5,a5,1792 # 20003700 <hw_endpoints>
200006a2:	b9c9                	j	20000374 <dcd_rp2040_irq+0x38>
200006a4:	3ba7c683          	lbu	a3,954(a5)
200006a8:	ea95                	bnez	a3,200006dc <dcd_rp2040_irq+0x3a0>
200006aa:	3fb7c683          	lbu	a3,1019(a5)
200006ae:	d6c698e3          	bne	a3,a2,2000041e <dcd_rp2040_irq+0xe2>
200006b2:	843a                	mv	s0,a4
200006b4:	3fa7c703          	lbu	a4,1018(a5)
200006b8:	d40709e3          	beqz	a4,2000040a <dcd_rp2040_irq+0xce>
200006bc:	3fc7c703          	lbu	a4,1020(a5)
200006c0:	d4070fe3          	beqz	a4,2000041e <dcd_rp2040_irq+0xe2>
200006c4:	20004537          	lui	a0,0x20004
200006c8:	ae050513          	addi	a0,a0,-1312 # 20003ae0 <hw_endpoints+0x3e0>
200006cc:	3e078e23          	sb	zero,1020(a5)
200006d0:	2995                	jal	20000b44 <hw_endpoint_start_next_buffer>
200006d2:	b3b1                	j	2000041e <dcd_rp2040_irq+0xe2>
200006d4:	3ba7c703          	lbu	a4,954(a5)
200006d8:	d20704e3          	beqz	a4,20000400 <dcd_rp2040_irq+0xc4>
200006dc:	3bc7c703          	lbu	a4,956(a5)
200006e0:	18071a63          	bnez	a4,20000874 <dcd_rp2040_irq+0x538>
200006e4:	3fb7c683          	lbu	a3,1019(a5)
200006e8:	4709                	li	a4,2
200006ea:	d2e69ae3          	bne	a3,a4,2000041e <dcd_rp2040_irq+0xe2>
200006ee:	bf25                	j	20000626 <dcd_rp2040_irq+0x2ea>
200006f0:	20004537          	lui	a0,0x20004
200006f4:	a2050513          	addi	a0,a0,-1504 # 20003a20 <hw_endpoints+0x320>
200006f8:	c43a                	sw	a4,8(sp)
200006fa:	32078e23          	sb	zero,828(a5)
200006fe:	2199                	jal	20000b44 <hw_endpoint_start_next_buffer>
20000700:	4722                	lw	a4,8(sp)
20000702:	200037b7          	lui	a5,0x20003
20000706:	70078793          	addi	a5,a5,1792 # 20003700 <hw_endpoints>
2000070a:	843a                	mv	s0,a4
2000070c:	b1c5                	j	200003ec <dcd_rp2040_irq+0xb0>
2000070e:	20004537          	lui	a0,0x20004
20000712:	92050513          	addi	a0,a0,-1760 # 20003920 <hw_endpoints+0x220>
20000716:	c43a                	sw	a4,8(sp)
20000718:	22078e23          	sb	zero,572(a5)
2000071c:	2125                	jal	20000b44 <hw_endpoint_start_next_buffer>
2000071e:	4722                	lw	a4,8(sp)
20000720:	200037b7          	lui	a5,0x20003
20000724:	70078793          	addi	a5,a5,1792 # 20003700 <hw_endpoints>
20000728:	843a                	mv	s0,a4
2000072a:	b969                	j	200003c4 <dcd_rp2040_irq+0x88>
2000072c:	20004537          	lui	a0,0x20004
20000730:	8a050513          	addi	a0,a0,-1888 # 200038a0 <hw_endpoints+0x1a0>
20000734:	c43a                	sw	a4,8(sp)
20000736:	1a078e23          	sb	zero,444(a5)
2000073a:	2129                	jal	20000b44 <hw_endpoint_start_next_buffer>
2000073c:	4722                	lw	a4,8(sp)
2000073e:	200037b7          	lui	a5,0x20003
20000742:	70078793          	addi	a5,a5,1792 # 20003700 <hw_endpoints>
20000746:	843a                	mv	s0,a4
20000748:	b1a5                	j	200003b0 <dcd_rp2040_irq+0x74>
2000074a:	20004537          	lui	a0,0x20004
2000074e:	82050513          	addi	a0,a0,-2016 # 20003820 <hw_endpoints+0x120>
20000752:	c43a                	sw	a4,8(sp)
20000754:	12078e23          	sb	zero,316(a5)
20000758:	26f5                	jal	20000b44 <hw_endpoint_start_next_buffer>
2000075a:	4722                	lw	a4,8(sp)
2000075c:	200037b7          	lui	a5,0x20003
20000760:	70078793          	addi	a5,a5,1792 # 20003700 <hw_endpoints>
20000764:	843a                	mv	s0,a4
20000766:	b91d                	j	2000039c <dcd_rp2040_irq+0x60>
20000768:	20004537          	lui	a0,0x20004
2000076c:	96050513          	addi	a0,a0,-1696 # 20003960 <hw_endpoints+0x260>
20000770:	c43a                	sw	a4,8(sp)
20000772:	26078e23          	sb	zero,636(a5)
20000776:	26f9                	jal	20000b44 <hw_endpoint_start_next_buffer>
20000778:	4722                	lw	a4,8(sp)
2000077a:	200037b7          	lui	a5,0x20003
2000077e:	70078793          	addi	a5,a5,1792 # 20003700 <hw_endpoints>
20000782:	843a                	mv	s0,a4
20000784:	b1a9                	j	200003ce <dcd_rp2040_irq+0x92>
20000786:	20004537          	lui	a0,0x20004
2000078a:	86050513          	addi	a0,a0,-1952 # 20003860 <hw_endpoints+0x160>
2000078e:	c43a                	sw	a4,8(sp)
20000790:	16078e23          	sb	zero,380(a5)
20000794:	2e45                	jal	20000b44 <hw_endpoint_start_next_buffer>
20000796:	4722                	lw	a4,8(sp)
20000798:	200037b7          	lui	a5,0x20003
2000079c:	70078793          	addi	a5,a5,1792 # 20003700 <hw_endpoints>
200007a0:	843a                	mv	s0,a4
200007a2:	b111                	j	200003a6 <dcd_rp2040_irq+0x6a>
200007a4:	20004537          	lui	a0,0x20004
200007a8:	9e050513          	addi	a0,a0,-1568 # 200039e0 <hw_endpoints+0x2e0>
200007ac:	c43a                	sw	a4,8(sp)
200007ae:	2e078e23          	sb	zero,764(a5)
200007b2:	2e49                	jal	20000b44 <hw_endpoint_start_next_buffer>
200007b4:	4722                	lw	a4,8(sp)
200007b6:	200037b7          	lui	a5,0x20003
200007ba:	70078793          	addi	a5,a5,1792 # 20003700 <hw_endpoints>
200007be:	843a                	mv	s0,a4
200007c0:	b10d                	j	200003e2 <dcd_rp2040_irq+0xa6>
200007c2:	20003537          	lui	a0,0x20003
200007c6:	7e050513          	addi	a0,a0,2016 # 200037e0 <hw_endpoints+0xe0>
200007ca:	c43a                	sw	a4,8(sp)
200007cc:	0e078e23          	sb	zero,252(a5)
200007d0:	2e95                	jal	20000b44 <hw_endpoint_start_next_buffer>
200007d2:	4722                	lw	a4,8(sp)
200007d4:	200037b7          	lui	a5,0x20003
200007d8:	70078793          	addi	a5,a5,1792 # 20003700 <hw_endpoints>
200007dc:	843a                	mv	s0,a4
200007de:	be55                	j	20000392 <dcd_rp2040_irq+0x56>
200007e0:	20004537          	lui	a0,0x20004
200007e4:	8e050513          	addi	a0,a0,-1824 # 200038e0 <hw_endpoints+0x1e0>
200007e8:	c43a                	sw	a4,8(sp)
200007ea:	1e078e23          	sb	zero,508(a5)
200007ee:	2e99                	jal	20000b44 <hw_endpoint_start_next_buffer>
200007f0:	4722                	lw	a4,8(sp)
200007f2:	200037b7          	lui	a5,0x20003
200007f6:	70078793          	addi	a5,a5,1792 # 20003700 <hw_endpoints>
200007fa:	843a                	mv	s0,a4
200007fc:	be7d                	j	200003ba <dcd_rp2040_irq+0x7e>
200007fe:	20004537          	lui	a0,0x20004
20000802:	9a050513          	addi	a0,a0,-1632 # 200039a0 <hw_endpoints+0x2a0>
20000806:	c43a                	sw	a4,8(sp)
20000808:	2a078e23          	sb	zero,700(a5)
2000080c:	2e25                	jal	20000b44 <hw_endpoint_start_next_buffer>
2000080e:	4722                	lw	a4,8(sp)
20000810:	200037b7          	lui	a5,0x20003
20000814:	70078793          	addi	a5,a5,1792 # 20003700 <hw_endpoints>
20000818:	843a                	mv	s0,a4
2000081a:	be7d                	j	200003d8 <dcd_rp2040_irq+0x9c>
2000081c:	20003537          	lui	a0,0x20003
20000820:	7a050513          	addi	a0,a0,1952 # 200037a0 <hw_endpoints+0xa0>
20000824:	c43a                	sw	a4,8(sp)
20000826:	0a078e23          	sb	zero,188(a5)
2000082a:	2e29                	jal	20000b44 <hw_endpoint_start_next_buffer>
2000082c:	4722                	lw	a4,8(sp)
2000082e:	200037b7          	lui	a5,0x20003
20000832:	70078793          	addi	a5,a5,1792 # 20003700 <hw_endpoints>
20000836:	843a                	mv	s0,a4
20000838:	be81                	j	20000388 <dcd_rp2040_irq+0x4c>
2000083a:	20003537          	lui	a0,0x20003
2000083e:	76050513          	addi	a0,a0,1888 # 20003760 <hw_endpoints+0x60>
20000842:	c43a                	sw	a4,8(sp)
20000844:	06078e23          	sb	zero,124(a5)
20000848:	2cf5                	jal	20000b44 <hw_endpoint_start_next_buffer>
2000084a:	4722                	lw	a4,8(sp)
2000084c:	200037b7          	lui	a5,0x20003
20000850:	70078793          	addi	a5,a5,1792 # 20003700 <hw_endpoints>
20000854:	843a                	mv	s0,a4
20000856:	b625                	j	2000037e <dcd_rp2040_irq+0x42>
20000858:	20004537          	lui	a0,0x20004
2000085c:	a6050513          	addi	a0,a0,-1440 # 20003a60 <hw_endpoints+0x360>
20000860:	c43a                	sw	a4,8(sp)
20000862:	36078e23          	sb	zero,892(a5)
20000866:	2cf9                	jal	20000b44 <hw_endpoint_start_next_buffer>
20000868:	200037b7          	lui	a5,0x20003
2000086c:	4722                	lw	a4,8(sp)
2000086e:	70078793          	addi	a5,a5,1792 # 20003700 <hw_endpoints>
20000872:	b34d                	j	20000614 <dcd_rp2040_irq+0x2d8>
20000874:	20004537          	lui	a0,0x20004
20000878:	aa050513          	addi	a0,a0,-1376 # 20003aa0 <hw_endpoints+0x3a0>
2000087c:	3a078e23          	sb	zero,956(a5)
20000880:	24d1                	jal	20000b44 <hw_endpoint_start_next_buffer>
20000882:	200037b7          	lui	a5,0x20003
20000886:	70078793          	addi	a5,a5,1792 # 20003700 <hw_endpoints>
2000088a:	bda9                	j	200006e4 <dcd_rp2040_irq+0x3a8>
2000088c:	1000d537          	lui	a0,0x1000d
20000890:	009445b3          	xor	a1,s0,s1
20000894:	b9850513          	addi	a0,a0,-1128 # 1000cb98 <__boot2_end__+0x140>
20000898:	f0000097          	auipc	ra,0xf0000
2000089c:	872080e7          	jalr	-1934(ra) # 1000010a <panic>

200008a0 <prepare_ep_buffer>:
200008a0:	01455783          	lhu	a5,20(a0)
200008a4:	01855603          	lhu	a2,24(a0)
200008a8:	00354703          	lbu	a4,3(a0)
200008ac:	00154803          	lbu	a6,1(a0)
200008b0:	0af65633          	minu	a2,a2,a5
200008b4:	8f91                	sub	a5,a5,a2
200008b6:	86aa                	mv	a3,a0
200008b8:	0807c7b3          	zext.h	a5,a5
200008bc:	00174513          	xori	a0,a4,1
200008c0:	00e03733          	snez	a4,a4
200008c4:	00a681a3          	sb	a0,3(a3) # 50110003 <__StackTop+0x3008e003>
200008c8:	0736                	slli	a4,a4,0xd
200008ca:	40066513          	ori	a0,a2,1024
200008ce:	00f69a23          	sh	a5,20(a3)
200008d2:	8d59                	or	a0,a0,a4
200008d4:	08081b63          	bnez	a6,2000096a <prepare_ep_buffer+0xca>
200008d8:	0106a803          	lw	a6,16(a3)
200008dc:	c251                	beqz	a2,20000960 <prepare_ep_buffer+0xc0>
200008de:	00c6a883          	lw	a7,12(a3)
200008e2:	00659793          	slli	a5,a1,0x6
200008e6:	fff60e93          	addi	t4,a2,-1 # 2fff <SCRATCH_X_LENGTH+0x1fff>
200008ea:	4719                	li	a4,6
200008ec:	98be                	add	a7,a7,a5
200008ee:	09d77463          	bgeu	a4,t4,20000976 <prepare_ep_buffer+0xd6>
200008f2:	0108e333          	or	t1,a7,a6
200008f6:	00337313          	andi	t1,t1,3
200008fa:	87c2                	mv	a5,a6
200008fc:	8746                	mv	a4,a7
200008fe:	06031c63          	bnez	t1,20000976 <prepare_ep_buffer+0xd6>
20000902:	41088333          	sub	t1,a7,a6
20000906:	137d                	addi	t1,t1,-1
20000908:	00333313          	sltiu	t1,t1,3
2000090c:	06031563          	bnez	t1,20000976 <prepare_ep_buffer+0xd6>
20000910:	00265313          	srli	t1,a2,0x2
20000914:	00231e13          	slli	t3,t1,0x2
20000918:	21034333          	sh2add	t1,t1,a6
2000091c:	0007a803          	lw	a6,0(a5)
20000920:	0791                	addi	a5,a5,4
20000922:	0711                	addi	a4,a4,4 # 80004 <RAM_LENGTH+0x4>
20000924:	ff072e23          	sw	a6,-4(a4)
20000928:	fef31ae3          	bne	t1,a5,2000091c <prepare_ep_buffer+0x7c>
2000092c:	03c60663          	beq	a2,t3,20000958 <prepare_ep_buffer+0xb8>
20000930:	00034783          	lbu	a5,0(t1)
20000934:	98f2                	add	a7,a7,t3
20000936:	41ce8733          	sub	a4,t4,t3
2000093a:	00f88023          	sb	a5,0(a7)
2000093e:	01ce8d63          	beq	t4,t3,20000958 <prepare_ep_buffer+0xb8>
20000942:	00134803          	lbu	a6,1(t1)
20000946:	4785                	li	a5,1
20000948:	010880a3          	sb	a6,1(a7)
2000094c:	00f70663          	beq	a4,a5,20000958 <prepare_ep_buffer+0xb8>
20000950:	00234783          	lbu	a5,2(t1)
20000954:	00f88123          	sb	a5,2(a7)
20000958:	0106a803          	lw	a6,16(a3)
2000095c:	0146d783          	lhu	a5,20(a3)
20000960:	9832                	add	a6,a6,a2
20000962:	0106a823          	sw	a6,16(a3)
20000966:	28f51513          	bseti	a0,a0,0xf
2000096a:	e399                	bnez	a5,20000970 <prepare_ep_buffer+0xd0>
2000096c:	28e51513          	bseti	a0,a0,0xe
20000970:	c191                	beqz	a1,20000974 <prepare_ep_buffer+0xd4>
20000972:	0542                	slli	a0,a0,0x10
20000974:	8082                	ret
20000976:	00c80733          	add	a4,a6,a2
2000097a:	00084783          	lbu	a5,0(a6)
2000097e:	0805                	addi	a6,a6,1
20000980:	0885                	addi	a7,a7,1
20000982:	fef88fa3          	sb	a5,-1(a7)
20000986:	fee81ae3          	bne	a6,a4,2000097a <prepare_ep_buffer+0xda>
2000098a:	b7f9                	j	20000958 <prepare_ep_buffer+0xb8>

2000098c <sync_ep_buffer>:
2000098c:	451c                	lw	a5,8(a0)
2000098e:	882a                	mv	a6,a0
20000990:	439c                	lw	a5,0(a5)
20000992:	c191                	beqz	a1,20000996 <sync_ep_buffer+0xa>
20000994:	83c1                	srli	a5,a5,0x10
20000996:	00184703          	lbu	a4,1(a6)
2000099a:	3ff7f513          	andi	a0,a5,1023
2000099e:	ef09                	bnez	a4,200009b8 <sync_ep_buffer+0x2c>
200009a0:	01685783          	lhu	a5,22(a6)
200009a4:	97aa                	add	a5,a5,a0
200009a6:	00f81b23          	sh	a5,22(a6)
200009aa:	01885783          	lhu	a5,24(a6)
200009ae:	00f57463          	bgeu	a0,a5,200009b6 <sync_ep_buffer+0x2a>
200009b2:	00081a23          	sh	zero,20(a6)
200009b6:	8082                	ret
200009b8:	01082683          	lw	a3,16(a6)
200009bc:	c93d                	beqz	a0,20000a32 <sync_ep_buffer+0xa6>
200009be:	00c82703          	lw	a4,12(a6)
200009c2:	059a                	slli	a1,a1,0x6
200009c4:	fff50313          	addi	t1,a0,-1
200009c8:	4619                	li	a2,6
200009ca:	00b707b3          	add	a5,a4,a1
200009ce:	06667b63          	bgeu	a2,t1,20000a44 <sync_ep_buffer+0xb8>
200009d2:	0585                	addi	a1,a1,1
200009d4:	00b70633          	add	a2,a4,a1
200009d8:	40c68633          	sub	a2,a3,a2
200009dc:	00363613          	sltiu	a2,a2,3
200009e0:	8736                	mv	a4,a3
200009e2:	e22d                	bnez	a2,20000a44 <sync_ep_buffer+0xb8>
200009e4:	00f6e633          	or	a2,a3,a5
200009e8:	8a0d                	andi	a2,a2,3
200009ea:	ee29                	bnez	a2,20000a44 <sync_ep_buffer+0xb8>
200009ec:	3fc57893          	andi	a7,a0,1020
200009f0:	011785b3          	add	a1,a5,a7
200009f4:	4390                	lw	a2,0(a5)
200009f6:	0791                	addi	a5,a5,4
200009f8:	0711                	addi	a4,a4,4
200009fa:	fec72e23          	sw	a2,-4(a4)
200009fe:	fef59be3          	bne	a1,a5,200009f4 <sync_ep_buffer+0x68>
20000a02:	03150663          	beq	a0,a7,20000a2e <sync_ep_buffer+0xa2>
20000a06:	0005c783          	lbu	a5,0(a1)
20000a0a:	96c6                	add	a3,a3,a7
20000a0c:	41130733          	sub	a4,t1,a7
20000a10:	00f68023          	sb	a5,0(a3)
20000a14:	01130d63          	beq	t1,a7,20000a2e <sync_ep_buffer+0xa2>
20000a18:	0015c603          	lbu	a2,1(a1)
20000a1c:	4785                	li	a5,1
20000a1e:	00c680a3          	sb	a2,1(a3)
20000a22:	00f70663          	beq	a4,a5,20000a2e <sync_ep_buffer+0xa2>
20000a26:	0025c783          	lbu	a5,2(a1)
20000a2a:	00f68123          	sb	a5,2(a3)
20000a2e:	01082683          	lw	a3,16(a6)
20000a32:	01685783          	lhu	a5,22(a6)
20000a36:	96aa                	add	a3,a3,a0
20000a38:	00d82823          	sw	a3,16(a6)
20000a3c:	97aa                	add	a5,a5,a0
20000a3e:	00f81b23          	sh	a5,22(a6)
20000a42:	b7a5                	j	200009aa <sync_ep_buffer+0x1e>
20000a44:	00a78633          	add	a2,a5,a0
20000a48:	0007c703          	lbu	a4,0(a5)
20000a4c:	0785                	addi	a5,a5,1
20000a4e:	0685                	addi	a3,a3,1
20000a50:	fee68fa3          	sb	a4,-1(a3)
20000a54:	fec79ae3          	bne	a5,a2,20000a48 <sync_ep_buffer+0xbc>
20000a58:	01082683          	lw	a3,16(a6)
20000a5c:	bfd9                	j	20000a32 <sync_ep_buffer+0xa6>

20000a5e <_hw_endpoint_xfer_sync>:
20000a5e:	451c                	lw	a5,8(a0)
20000a60:	1141                	addi	sp,sp,-16
20000a62:	4581                	li	a1,0
20000a64:	439c                	lw	a5,0(a5)
20000a66:	c422                	sw	s0,8(sp)
20000a68:	c606                	sw	ra,12(sp)
20000a6a:	842a                	mv	s0,a0
20000a6c:	3705                	jal	2000098c <sync_ep_buffer>
20000a6e:	405c                	lw	a5,4(s0)
20000a70:	439c                	lw	a5,0(a5)
20000a72:	00179713          	slli	a4,a5,0x1
20000a76:	00075663          	bgez	a4,20000a82 <_hw_endpoint_xfer_sync+0x24>
20000a7a:	01845783          	lhu	a5,24(s0) # 20018 <XIP_RAM_LENGTH+0x1c018>
20000a7e:	00a78663          	beq	a5,a0,20000a8a <_hw_endpoint_xfer_sync+0x2c>
20000a82:	40b2                	lw	ra,12(sp)
20000a84:	4422                	lw	s0,8(sp)
20000a86:	0141                	addi	sp,sp,16
20000a88:	8082                	ret
20000a8a:	8522                	mv	a0,s0
20000a8c:	4422                	lw	s0,8(sp)
20000a8e:	40b2                	lw	ra,12(sp)
20000a90:	4585                	li	a1,1
20000a92:	0141                	addi	sp,sp,16
20000a94:	bde5                	j	2000098c <sync_ep_buffer>

20000a96 <e15_is_bulkin_ep>:
20000a96:	501107b7          	lui	a5,0x50110
20000a9a:	43bc                	lw	a5,64(a5)
20000a9c:	8b89                	andi	a5,a5,2
20000a9e:	e799                	bnez	a5,20000aac <e15_is_bulkin_ep+0x16>
20000aa0:	00254703          	lbu	a4,2(a0)
20000aa4:	831d                	srli	a4,a4,0x7
20000aa6:	e711                	bnez	a4,20000ab2 <e15_is_bulkin_ep+0x1c>
20000aa8:	853e                	mv	a0,a5
20000aaa:	8082                	ret
20000aac:	4781                	li	a5,0
20000aae:	853e                	mv	a0,a5
20000ab0:	8082                	ret
20000ab2:	01b54783          	lbu	a5,27(a0)
20000ab6:	17f9                	addi	a5,a5,-2 # 5010fffe <__StackTop+0x3008dffe>
20000ab8:	0017b793          	seqz	a5,a5
20000abc:	853e                	mv	a0,a5
20000abe:	8082                	ret

20000ac0 <e15_is_critical_frame_period>:
20000ac0:	1141                	addi	sp,sp,-16
20000ac2:	c606                	sw	ra,12(sp)
20000ac4:	3fc9                	jal	20000a96 <e15_is_bulkin_ep>
20000ac6:	c919                	beqz	a0,20000adc <e15_is_critical_frame_period+0x1c>
20000ac8:	400b07b7          	lui	a5,0x400b0
20000acc:	5788                	lw	a0,40(a5)
20000ace:	86b1a783          	lw	a5,-1941(gp) # 20003b9c <e15_last_sof>
20000ad2:	ce050513          	addi	a0,a0,-800
20000ad6:	8d1d                	sub	a0,a0,a5
20000ad8:	0c753513          	sltiu	a0,a0,199
20000adc:	40b2                	lw	ra,12(sp)
20000ade:	0141                	addi	sp,sp,16
20000ae0:	8082                	ret

20000ae2 <hw_endpoint_reset_transfer>:
20000ae2:	00050d23          	sb	zero,26(a0)
20000ae6:	00052a23          	sw	zero,20(a0)
20000aea:	00052823          	sw	zero,16(a0)
20000aee:	8082                	ret

20000af0 <_hw_endpoint_buffer_control_update32>:
20000af0:	451c                	lw	a5,8(a0)
20000af2:	c199                	beqz	a1,20000af8 <_hw_endpoint_buffer_control_update32+0x8>
20000af4:	4398                	lw	a4,0(a5)
20000af6:	8df9                	and	a1,a1,a4
20000af8:	c61d                	beqz	a2,20000b26 <_hw_endpoint_buffer_control_update32+0x36>
20000afa:	40067713          	andi	a4,a2,1024
20000afe:	8dd1                	or	a1,a1,a2
20000b00:	c31d                	beqz	a4,20000b26 <_hw_endpoint_buffer_control_update32+0x36>
20000b02:	4398                	lw	a4,0(a5)
20000b04:	40077713          	andi	a4,a4,1024
20000b08:	e30d                	bnez	a4,20000b2a <_hw_endpoint_buffer_control_update32+0x3a>
20000b0a:	bff5f713          	andi	a4,a1,-1025
20000b0e:	c398                	sw	a4,0(a5)
20000b10:	50110737          	lui	a4,0x50110
20000b14:	4338                	lw	a4,64(a4)
20000b16:	8b09                	andi	a4,a4,2
20000b18:	e719                	bnez	a4,20000b26 <_hw_endpoint_buffer_control_update32+0x36>
20000b1a:	47b1                	li	a5,12
20000b1c:	ffe78793          	addi	a5,a5,-2 # 400afffe <__StackTop+0x2002dffe>
20000b20:	fe07dee3          	bgez	a5,20000b1c <_hw_endpoint_buffer_control_update32+0x2c>
20000b24:	451c                	lw	a5,8(a0)
20000b26:	c38c                	sw	a1,0(a5)
20000b28:	8082                	ret
20000b2a:	1141                	addi	sp,sp,-16
20000b2c:	c606                	sw	ra,12(sp)
20000b2e:	00254583          	lbu	a1,2(a0)
20000b32:	1000d537          	lui	a0,0x1000d
20000b36:	bac50513          	addi	a0,a0,-1108 # 1000cbac <__boot2_end__+0x154>
20000b3a:	effff097          	auipc	ra,0xeffff
20000b3e:	5d0080e7          	jalr	1488(ra) # 1000010a <panic>
20000b42:	0001                	nop

20000b44 <hw_endpoint_start_next_buffer>:
20000b44:	415c                	lw	a5,4(a0)
20000b46:	1101                	addi	sp,sp,-32
20000b48:	4581                	li	a1,0
20000b4a:	cc22                	sw	s0,24(sp)
20000b4c:	ca26                	sw	s1,20(sp)
20000b4e:	4380                	lw	s0,0(a5)
20000b50:	84aa                	mv	s1,a0
20000b52:	ce06                	sw	ra,28(sp)
20000b54:	33b1                	jal	200008a0 <prepare_ep_buffer>
20000b56:	501107b7          	lui	a5,0x50110
20000b5a:	43b8                	lw	a4,64(a5)
20000b5c:	28c51613          	bseti	a2,a0,0xc
20000b60:	0024c783          	lbu	a5,2(s1)
20000b64:	8b09                	andi	a4,a4,2
20000b66:	c31d                	beqz	a4,20000b8c <hw_endpoint_start_next_buffer+0x48>
20000b68:	07f7f793          	andi	a5,a5,127
20000b6c:	c395                	beqz	a5,20000b90 <hw_endpoint_start_next_buffer+0x4c>
20000b6e:	49c41413          	bclri	s0,s0,0x1c
20000b72:	49e41413          	bclri	s0,s0,0x1e
20000b76:	29d41413          	bseti	s0,s0,0x1d
20000b7a:	40dc                	lw	a5,4(s1)
20000b7c:	40f2                	lw	ra,28(sp)
20000b7e:	8526                	mv	a0,s1
20000b80:	c380                	sw	s0,0(a5)
20000b82:	4462                	lw	s0,24(sp)
20000b84:	44d2                	lw	s1,20(sp)
20000b86:	4581                	li	a1,0
20000b88:	6105                	addi	sp,sp,32
20000b8a:	b79d                	j	20000af0 <_hw_endpoint_buffer_control_update32>
20000b8c:	839d                	srli	a5,a5,0x7
20000b8e:	d3e5                	beqz	a5,20000b6e <hw_endpoint_start_next_buffer+0x2a>
20000b90:	0144d783          	lhu	a5,20(s1)
20000b94:	dfe9                	beqz	a5,20000b6e <hw_endpoint_start_next_buffer+0x2a>
20000b96:	4585                	li	a1,1
20000b98:	8526                	mv	a0,s1
20000b9a:	c632                	sw	a2,12(sp)
20000b9c:	3311                	jal	200008a0 <prepare_ep_buffer>
20000b9e:	4632                	lw	a2,12(sp)
20000ba0:	49d41413          	bclri	s0,s0,0x1d
20000ba4:	29c41413          	bseti	s0,s0,0x1c
20000ba8:	29e41413          	bseti	s0,s0,0x1e
20000bac:	8e49                	or	a2,a2,a0
20000bae:	b7f1                	j	20000b7a <hw_endpoint_start_next_buffer+0x36>

20000bb0 <hw_endpoint_xfer_continue>:
20000bb0:	1141                	addi	sp,sp,-16
20000bb2:	c226                	sw	s1,4(sp)
20000bb4:	01a54483          	lbu	s1,26(a0)
20000bb8:	c422                	sw	s0,8(sp)
20000bba:	c606                	sw	ra,12(sp)
20000bbc:	842a                	mv	s0,a0
20000bbe:	cc85                	beqz	s1,20000bf6 <hw_endpoint_xfer_continue+0x46>
20000bc0:	3d79                	jal	20000a5e <_hw_endpoint_xfer_sync>
20000bc2:	01445783          	lhu	a5,20(s0)
20000bc6:	e799                	bnez	a5,20000bd4 <hw_endpoint_xfer_continue+0x24>
20000bc8:	40b2                	lw	ra,12(sp)
20000bca:	4422                	lw	s0,8(sp)
20000bcc:	8526                	mv	a0,s1
20000bce:	4492                	lw	s1,4(sp)
20000bd0:	0141                	addi	sp,sp,16
20000bd2:	8082                	ret
20000bd4:	8522                	mv	a0,s0
20000bd6:	35ed                	jal	20000ac0 <e15_is_critical_frame_period>
20000bd8:	c919                	beqz	a0,20000bee <hw_endpoint_xfer_continue+0x3e>
20000bda:	4785                	li	a5,1
20000bdc:	00f40e23          	sb	a5,28(s0)
20000be0:	4481                	li	s1,0
20000be2:	40b2                	lw	ra,12(sp)
20000be4:	4422                	lw	s0,8(sp)
20000be6:	8526                	mv	a0,s1
20000be8:	4492                	lw	s1,4(sp)
20000bea:	0141                	addi	sp,sp,16
20000bec:	8082                	ret
20000bee:	8522                	mv	a0,s0
20000bf0:	3f91                	jal	20000b44 <hw_endpoint_start_next_buffer>
20000bf2:	4481                	li	s1,0
20000bf4:	b7fd                	j	20000be2 <hw_endpoint_xfer_continue+0x32>
20000bf6:	00254583          	lbu	a1,2(a0)
20000bfa:	1000d537          	lui	a0,0x1000d
20000bfe:	bcc50513          	addi	a0,a0,-1076 # 1000cbcc <__boot2_end__+0x174>
20000c02:	effff097          	auipc	ra,0xeffff
20000c06:	508080e7          	jalr	1288(ra) # 1000010a <panic>

20000c0a <dcd_event_handler>:
20000c0a:	7179                	addi	sp,sp,-48
20000c0c:	d422                	sw	s0,40(sp)
20000c0e:	d226                	sw	s1,36(sp)
20000c10:	d606                	sw	ra,44(sp)
20000c12:	00154783          	lbu	a5,1(a0)
20000c16:	4719                	li	a4,6
20000c18:	842a                	mv	s0,a0
20000c1a:	84ae                	mv	s1,a1
20000c1c:	00f76f63          	bltu	a4,a5,20000c3a <dcd_event_handler+0x30>
20000c20:	1000d737          	lui	a4,0x1000d
20000c24:	04870713          	addi	a4,a4,72 # 1000d048 <usb_reset_interface_driver+0xac>
20000c28:	20e7c7b3          	sh2add	a5,a5,a4
20000c2c:	439c                	lw	a5,0(a5)
20000c2e:	8782                	jr	a5
20000c30:	8871c783          	lbu	a5,-1913(gp) # 20003bb8 <_usbd_queued_setup>
20000c34:	0785                	addi	a5,a5,1 # 50110001 <__StackTop+0x3008e001>
20000c36:	88f183a3          	sb	a5,-1913(gp) # 20003bb8 <_usbd_queued_setup>
20000c3a:	87b1a703          	lw	a4,-1925(gp) # 20003bac <_usbd_q>
20000c3e:	4b5c                	lw	a5,20(a4)
20000c40:	300476f3          	csrrci	a3,mstatus,8
20000c44:	00379613          	slli	a2,a5,0x3
20000c48:	28c01633          	bset	a2,zero,a2
20000c4c:	9bf1                	andi	a5,a5,-4
20000c4e:	44c7a5af          	amoor.w.aq	a1,a2,(a5)
20000c52:	8df1                	and	a1,a1,a2
20000c54:	fded                	bnez	a1,20000c4e <dcd_event_handler+0x44>
20000c56:	0330000f          	fence	rw,rw
20000c5a:	cf14                	sw	a3,24(a4)
20000c5c:	85a2                	mv	a1,s0
20000c5e:	853a                	mv	a0,a4
20000c60:	c63a                	sw	a4,12(sp)
20000c62:	f0005097          	auipc	ra,0xf0005
20000c66:	700080e7          	jalr	1792(ra) # 10006362 <tu_fifo_write>
20000c6a:	4732                	lw	a4,12(sp)
20000c6c:	4b54                	lw	a3,20(a4)
20000c6e:	4f1c                	lw	a5,24(a4)
20000c70:	0330000f          	fence	rw,rw
20000c74:	00068023          	sb	zero,0(a3)
20000c78:	8ba1                	andi	a5,a5,8
20000c7a:	3007a073          	csrs	mstatus,a5
20000c7e:	e519                	bnez	a0,20000c8c <dcd_event_handler+0x82>
20000c80:	9002                	ebreak
20000c82:	50b2                	lw	ra,44(sp)
20000c84:	5422                	lw	s0,40(sp)
20000c86:	5492                	lw	s1,36(sp)
20000c88:	6145                	addi	sp,sp,48
20000c8a:	8082                	ret
20000c8c:	00144583          	lbu	a1,1(s0)
20000c90:	00044503          	lbu	a0,0(s0)
20000c94:	5422                	lw	s0,40(sp)
20000c96:	50b2                	lw	ra,44(sp)
20000c98:	8626                	mv	a2,s1
20000c9a:	5492                	lw	s1,36(sp)
20000c9c:	6145                	addi	sp,sp,48
20000c9e:	f0004317          	auipc	t1,0xf0004
20000ca2:	bbc30067          	jr	-1092(t1) # 1000485a <tud_event_hook_cb>
20000ca6:	200037b7          	lui	a5,0x20003
20000caa:	59c78793          	addi	a5,a5,1436 # 2000359c <_usbd_dev>
20000cae:	0007c703          	lbu	a4,0(a5)
20000cb2:	9b79                	andi	a4,a4,-2
20000cb4:	00e78023          	sb	a4,0(a5)
20000cb8:	0007c703          	lbu	a4,0(a5)
20000cbc:	9b75                	andi	a4,a4,-3
20000cbe:	00e78023          	sb	a4,0(a5)
20000cc2:	000780a3          	sb	zero,1(a5)
20000cc6:	0007c703          	lbu	a4,0(a5)
20000cca:	9b6d                	andi	a4,a4,-5
20000ccc:	00e78023          	sb	a4,0(a5)
20000cd0:	b7ad                	j	20000c3a <dcd_event_handler+0x30>
20000cd2:	87f1c683          	lbu	a3,-1921(gp) # 20003bb0 <_app_driver_count>
20000cd6:	1000d7b7          	lui	a5,0x1000d
20000cda:	d04a                	sw	s2,32(sp)
20000cdc:	06478913          	addi	s2,a5,100 # 1000d064 <_usbd_driver>
20000ce0:	4781                	li	a5,0
20000ce2:	08d7f463          	bgeu	a5,a3,20000d6a <dcd_event_handler+0x160>
20000ce6:	8831a703          	lw	a4,-1917(gp) # 20003bb4 <_app_driver>
20000cea:	00579613          	slli	a2,a5,0x5
20000cee:	9732                	add	a4,a4,a2
20000cf0:	cb19                	beqz	a4,20000d06 <dcd_event_handler+0xfc>
20000cf2:	4f58                	lw	a4,28(a4)
20000cf4:	cb09                	beqz	a4,20000d06 <dcd_event_handler+0xfc>
20000cf6:	404c                	lw	a1,4(s0)
20000cf8:	00044503          	lbu	a0,0(s0)
20000cfc:	c63e                	sw	a5,12(sp)
20000cfe:	9702                	jalr	a4
20000d00:	87f1c683          	lbu	a3,-1921(gp) # 20003bb0 <_app_driver_count>
20000d04:	47b2                	lw	a5,12(sp)
20000d06:	0785                	addi	a5,a5,1
20000d08:	0ff7f793          	zext.b	a5,a5
20000d0c:	fcf6fbe3          	bgeu	a3,a5,20000ce2 <dcd_event_handler+0xd8>
20000d10:	200037b7          	lui	a5,0x20003
20000d14:	59c78793          	addi	a5,a5,1436 # 2000359c <_usbd_dev>
20000d18:	4398                	lw	a4,0(a5)
20000d1a:	48275713          	bexti	a4,a4,0x2
20000d1e:	eb45                	bnez	a4,20000dce <dcd_event_handler+0x1c4>
20000d20:	0037c783          	lbu	a5,3(a5)
20000d24:	8b85                	andi	a5,a5,1
20000d26:	e7b9                	bnez	a5,20000d74 <dcd_event_handler+0x16a>
20000d28:	50b2                	lw	ra,44(sp)
20000d2a:	5422                	lw	s0,40(sp)
20000d2c:	5902                	lw	s2,32(sp)
20000d2e:	5492                	lw	s1,36(sp)
20000d30:	6145                	addi	sp,sp,48
20000d32:	8082                	ret
20000d34:	200037b7          	lui	a5,0x20003
20000d38:	59c78793          	addi	a5,a5,1436 # 2000359c <_usbd_dev>
20000d3c:	4398                	lw	a4,0(a5)
20000d3e:	8b05                	andi	a4,a4,1
20000d40:	d329                	beqz	a4,20000c82 <dcd_event_handler+0x78>
20000d42:	0007c703          	lbu	a4,0(a5)
20000d46:	00476713          	ori	a4,a4,4
20000d4a:	00e78023          	sb	a4,0(a5)
20000d4e:	b5f5                	j	20000c3a <dcd_event_handler+0x30>
20000d50:	200037b7          	lui	a5,0x20003
20000d54:	59c78793          	addi	a5,a5,1436 # 2000359c <_usbd_dev>
20000d58:	4398                	lw	a4,0(a5)
20000d5a:	8b05                	andi	a4,a4,1
20000d5c:	d31d                	beqz	a4,20000c82 <dcd_event_handler+0x78>
20000d5e:	0007c703          	lbu	a4,0(a5)
20000d62:	9b6d                	andi	a4,a4,-5
20000d64:	00e78023          	sb	a4,0(a5)
20000d68:	bdc9                	j	20000c3a <dcd_event_handler+0x30>
20000d6a:	40d78733          	sub	a4,a5,a3
20000d6e:	0716                	slli	a4,a4,0x5
20000d70:	974a                	add	a4,a4,s2
20000d72:	b741                	j	20000cf2 <dcd_event_handler+0xe8>
20000d74:	00044683          	lbu	a3,0(s0)
20000d78:	405c                	lw	a5,4(s0)
20000d7a:	87b1a403          	lw	s0,-1925(gp) # 20003bac <_usbd_q>
20000d7e:	470d                	li	a4,3
20000d80:	00d10a23          	sb	a3,20(sp)
20000d84:	00e10aa3          	sb	a4,21(sp)
20000d88:	cc3e                	sw	a5,24(sp)
20000d8a:	485c                	lw	a5,20(s0)
20000d8c:	30047773          	csrrci	a4,mstatus,8
20000d90:	00379693          	slli	a3,a5,0x3
20000d94:	28d016b3          	bset	a3,zero,a3
20000d98:	9bf1                	andi	a5,a5,-4
20000d9a:	44d7a62f          	amoor.w.aq	a2,a3,(a5)
20000d9e:	8e75                	and	a2,a2,a3
20000da0:	fe6d                	bnez	a2,20000d9a <dcd_event_handler+0x190>
20000da2:	0330000f          	fence	rw,rw
20000da6:	cc18                	sw	a4,24(s0)
20000da8:	084c                	addi	a1,sp,20
20000daa:	8522                	mv	a0,s0
20000dac:	f0005097          	auipc	ra,0xf0005
20000db0:	5b6080e7          	jalr	1462(ra) # 10006362 <tu_fifo_write>
20000db4:	4858                	lw	a4,20(s0)
20000db6:	4c1c                	lw	a5,24(s0)
20000db8:	0330000f          	fence	rw,rw
20000dbc:	00070023          	sb	zero,0(a4)
20000dc0:	8ba1                	andi	a5,a5,8
20000dc2:	3007a073          	csrs	mstatus,a5
20000dc6:	ed25                	bnez	a0,20000e3e <dcd_event_handler+0x234>
20000dc8:	9002                	ebreak
20000dca:	5902                	lw	s2,32(sp)
20000dcc:	bd5d                	j	20000c82 <dcd_event_handler+0x78>
20000dce:	0007c703          	lbu	a4,0(a5)
20000dd2:	87b1a683          	lw	a3,-1925(gp) # 20003bac <_usbd_q>
20000dd6:	9b6d                	andi	a4,a4,-5
20000dd8:	00e78023          	sb	a4,0(a5)
20000ddc:	00044603          	lbu	a2,0(s0)
20000de0:	4715                	li	a4,5
20000de2:	ca02                	sw	zero,20(sp)
20000de4:	00c10a23          	sb	a2,20(sp)
20000de8:	00e10aa3          	sb	a4,21(sp)
20000dec:	4ad8                	lw	a4,20(a3)
20000dee:	cc02                	sw	zero,24(sp)
20000df0:	ce02                	sw	zero,28(sp)
20000df2:	30047673          	csrrci	a2,mstatus,8
20000df6:	00371593          	slli	a1,a4,0x3
20000dfa:	28b015b3          	bset	a1,zero,a1
20000dfe:	9b71                	andi	a4,a4,-4
20000e00:	44b7252f          	amoor.w.aq	a0,a1,(a4)
20000e04:	8d6d                	and	a0,a0,a1
20000e06:	fd6d                	bnez	a0,20000e00 <dcd_event_handler+0x1f6>
20000e08:	0330000f          	fence	rw,rw
20000e0c:	ce90                	sw	a2,24(a3)
20000e0e:	084c                	addi	a1,sp,20
20000e10:	8536                	mv	a0,a3
20000e12:	c636                	sw	a3,12(sp)
20000e14:	f0005097          	auipc	ra,0xf0005
20000e18:	54e080e7          	jalr	1358(ra) # 10006362 <tu_fifo_write>
20000e1c:	46b2                	lw	a3,12(sp)
20000e1e:	4ad0                	lw	a2,20(a3)
20000e20:	4e98                	lw	a4,24(a3)
20000e22:	0330000f          	fence	rw,rw
20000e26:	00060023          	sb	zero,0(a2)
20000e2a:	8b21                	andi	a4,a4,8
20000e2c:	30072073          	csrs	mstatus,a4
20000e30:	200037b7          	lui	a5,0x20003
20000e34:	59c78793          	addi	a5,a5,1436 # 2000359c <_usbd_dev>
20000e38:	ed11                	bnez	a0,20000e54 <dcd_event_handler+0x24a>
20000e3a:	9002                	ebreak
20000e3c:	b5d5                	j	20000d20 <dcd_event_handler+0x116>
20000e3e:	01514583          	lbu	a1,21(sp)
20000e42:	01414503          	lbu	a0,20(sp)
20000e46:	8626                	mv	a2,s1
20000e48:	f0004097          	auipc	ra,0xf0004
20000e4c:	a12080e7          	jalr	-1518(ra) # 1000485a <tud_event_hook_cb>
20000e50:	5902                	lw	s2,32(sp)
20000e52:	bd05                	j	20000c82 <dcd_event_handler+0x78>
20000e54:	01514583          	lbu	a1,21(sp)
20000e58:	01414503          	lbu	a0,20(sp)
20000e5c:	8626                	mv	a2,s1
20000e5e:	f0004097          	auipc	ra,0xf0004
20000e62:	9fc080e7          	jalr	-1540(ra) # 1000485a <tud_event_hook_cb>
20000e66:	200037b7          	lui	a5,0x20003
20000e6a:	59c78793          	addi	a5,a5,1436 # 2000359c <_usbd_dev>
20000e6e:	bd4d                	j	20000d20 <dcd_event_handler+0x116>

20000e70 <__udivdi3>:
20000e70:	8732                	mv	a4,a2
20000e72:	8836                	mv	a6,a3
20000e74:	88aa                	mv	a7,a0
20000e76:	832e                	mv	t1,a1
20000e78:	1a069863          	bnez	a3,20001028 <__udivdi3+0x1b8>
20000e7c:	200037b7          	lui	a5,0x20003
20000e80:	ec078793          	addi	a5,a5,-320 # 20002ec0 <__clz_tab>
20000e84:	0ac5f663          	bgeu	a1,a2,20000f30 <__udivdi3+0xc0>
20000e88:	66c1                	lui	a3,0x10
20000e8a:	08d67963          	bgeu	a2,a3,20000f1c <__udivdi3+0xac>
20000e8e:	10063693          	sltiu	a3,a2,256
20000e92:	0016b693          	seqz	a3,a3
20000e96:	068e                	slli	a3,a3,0x3
20000e98:	00d65e33          	srl	t3,a2,a3
20000e9c:	97f2                	add	a5,a5,t3
20000e9e:	0007c783          	lbu	a5,0(a5)
20000ea2:	97b6                	add	a5,a5,a3
20000ea4:	02000693          	li	a3,32
20000ea8:	00d78d63          	beq	a5,a3,20000ec2 <__udivdi3+0x52>
20000eac:	8e9d                	sub	a3,a3,a5
20000eae:	00d59333          	sll	t1,a1,a3
20000eb2:	00f557b3          	srl	a5,a0,a5
20000eb6:	00d61733          	sll	a4,a2,a3
20000eba:	0067e333          	or	t1,a5,t1
20000ebe:	00d518b3          	sll	a7,a0,a3
20000ec2:	01075513          	srli	a0,a4,0x10
20000ec6:	02a357b3          	divu	a5,t1,a0
20000eca:	080745b3          	zext.h	a1,a4
20000ece:	0108d693          	srli	a3,a7,0x10
20000ed2:	02a37333          	remu	t1,t1,a0
20000ed6:	02f58633          	mul	a2,a1,a5
20000eda:	0342                	slli	t1,t1,0x10
20000edc:	0066e6b3          	or	a3,a3,t1
20000ee0:	00c6f863          	bgeu	a3,a2,20000ef0 <__udivdi3+0x80>
20000ee4:	96ba                	add	a3,a3,a4
20000ee6:	00c6f463          	bgeu	a3,a2,20000eee <__udivdi3+0x7e>
20000eea:	04e6f063          	bgeu	a3,a4,20000f2a <__udivdi3+0xba>
20000eee:	17fd                	addi	a5,a5,-1
20000ef0:	8e91                	sub	a3,a3,a2
20000ef2:	02a6d633          	divu	a2,a3,a0
20000ef6:	02a6f6b3          	remu	a3,a3,a0
20000efa:	02c585b3          	mul	a1,a1,a2
20000efe:	08d8c6b3          	pack	a3,a7,a3
20000f02:	00b6f863          	bgeu	a3,a1,20000f12 <__udivdi3+0xa2>
20000f06:	96ba                	add	a3,a3,a4
20000f08:	00b6f463          	bgeu	a3,a1,20000f10 <__udivdi3+0xa0>
20000f0c:	10e6fc63          	bgeu	a3,a4,20001024 <__udivdi3+0x1b4>
20000f10:	167d                	addi	a2,a2,-1
20000f12:	07c2                	slli	a5,a5,0x10
20000f14:	8fd1                	or	a5,a5,a2
20000f16:	853e                	mv	a0,a5
20000f18:	85c2                	mv	a1,a6
20000f1a:	8082                	ret
20000f1c:	01000e37          	lui	t3,0x1000
20000f20:	46e1                	li	a3,24
20000f22:	f7c67be3          	bgeu	a2,t3,20000e98 <__udivdi3+0x28>
20000f26:	46c1                	li	a3,16
20000f28:	bf85                	j	20000e98 <__udivdi3+0x28>
20000f2a:	17f9                	addi	a5,a5,-2
20000f2c:	96ba                	add	a3,a3,a4
20000f2e:	b7c9                	j	20000ef0 <__udivdi3+0x80>
20000f30:	4681                	li	a3,0
20000f32:	ca09                	beqz	a2,20000f44 <__udivdi3+0xd4>
20000f34:	66c1                	lui	a3,0x10
20000f36:	04d67d63          	bgeu	a2,a3,20000f90 <__udivdi3+0x120>
20000f3a:	10063693          	sltiu	a3,a2,256
20000f3e:	0016b693          	seqz	a3,a3
20000f42:	068e                	slli	a3,a3,0x3
20000f44:	00d65833          	srl	a6,a2,a3
20000f48:	97c2                	add	a5,a5,a6
20000f4a:	0007c783          	lbu	a5,0(a5)
20000f4e:	02000813          	li	a6,32
20000f52:	97b6                	add	a5,a5,a3
20000f54:	05079563          	bne	a5,a6,20000f9e <__udivdi3+0x12e>
20000f58:	40c58633          	sub	a2,a1,a2
20000f5c:	4805                	li	a6,1
20000f5e:	01075513          	srli	a0,a4,0x10
20000f62:	02a657b3          	divu	a5,a2,a0
20000f66:	080745b3          	zext.h	a1,a4
20000f6a:	0108d693          	srli	a3,a7,0x10
20000f6e:	02a67633          	remu	a2,a2,a0
20000f72:	02f58333          	mul	t1,a1,a5
20000f76:	0642                	slli	a2,a2,0x10
20000f78:	8ed1                	or	a3,a3,a2
20000f7a:	0066f863          	bgeu	a3,t1,20000f8a <__udivdi3+0x11a>
20000f7e:	96ba                	add	a3,a3,a4
20000f80:	0066f463          	bgeu	a3,t1,20000f88 <__udivdi3+0x118>
20000f84:	08e6fd63          	bgeu	a3,a4,2000101e <__udivdi3+0x1ae>
20000f88:	17fd                	addi	a5,a5,-1
20000f8a:	406686b3          	sub	a3,a3,t1
20000f8e:	b795                	j	20000ef2 <__udivdi3+0x82>
20000f90:	01000837          	lui	a6,0x1000
20000f94:	46e1                	li	a3,24
20000f96:	fb0677e3          	bgeu	a2,a6,20000f44 <__udivdi3+0xd4>
20000f9a:	46c1                	li	a3,16
20000f9c:	b765                	j	20000f44 <__udivdi3+0xd4>
20000f9e:	40f80833          	sub	a6,a6,a5
20000fa2:	01061733          	sll	a4,a2,a6
20000fa6:	00f5d6b3          	srl	a3,a1,a5
20000faa:	010518b3          	sll	a7,a0,a6
20000fae:	00f557b3          	srl	a5,a0,a5
20000fb2:	01075513          	srli	a0,a4,0x10
20000fb6:	010595b3          	sll	a1,a1,a6
20000fba:	02a6d833          	divu	a6,a3,a0
20000fbe:	8fcd                	or	a5,a5,a1
20000fc0:	080745b3          	zext.h	a1,a4
20000fc4:	0107d613          	srli	a2,a5,0x10
20000fc8:	02a6f6b3          	remu	a3,a3,a0
20000fcc:	03058333          	mul	t1,a1,a6
20000fd0:	06c2                	slli	a3,a3,0x10
20000fd2:	8e55                	or	a2,a2,a3
20000fd4:	00667863          	bgeu	a2,t1,20000fe4 <__udivdi3+0x174>
20000fd8:	963a                	add	a2,a2,a4
20000fda:	00667463          	bgeu	a2,t1,20000fe2 <__udivdi3+0x172>
20000fde:	02e67a63          	bgeu	a2,a4,20001012 <__udivdi3+0x1a2>
20000fe2:	187d                	addi	a6,a6,-1 # ffffff <RAM_LENGTH+0xf7ffff>
20000fe4:	40660633          	sub	a2,a2,t1
20000fe8:	02a656b3          	divu	a3,a2,a0
20000fec:	02a67633          	remu	a2,a2,a0
20000ff0:	02d585b3          	mul	a1,a1,a3
20000ff4:	08c7c633          	pack	a2,a5,a2
20000ff8:	00b67863          	bgeu	a2,a1,20001008 <__udivdi3+0x198>
20000ffc:	963a                	add	a2,a2,a4
20000ffe:	00b67463          	bgeu	a2,a1,20001006 <__udivdi3+0x196>
20001002:	00e67b63          	bgeu	a2,a4,20001018 <__udivdi3+0x1a8>
20001006:	16fd                	addi	a3,a3,-1 # ffff <XIP_RAM_LENGTH+0xbfff>
20001008:	0842                	slli	a6,a6,0x10
2000100a:	8e0d                	sub	a2,a2,a1
2000100c:	00d86833          	or	a6,a6,a3
20001010:	b7b9                	j	20000f5e <__udivdi3+0xee>
20001012:	1879                	addi	a6,a6,-2
20001014:	963a                	add	a2,a2,a4
20001016:	b7f9                	j	20000fe4 <__udivdi3+0x174>
20001018:	16f9                	addi	a3,a3,-2
2000101a:	963a                	add	a2,a2,a4
2000101c:	b7f5                	j	20001008 <__udivdi3+0x198>
2000101e:	17f9                	addi	a5,a5,-2
20001020:	96ba                	add	a3,a3,a4
20001022:	b7a5                	j	20000f8a <__udivdi3+0x11a>
20001024:	1679                	addi	a2,a2,-2
20001026:	b5f5                	j	20000f12 <__udivdi3+0xa2>
20001028:	12d5e463          	bltu	a1,a3,20001150 <__udivdi3+0x2e0>
2000102c:	67c1                	lui	a5,0x10
2000102e:	02f6fe63          	bgeu	a3,a5,2000106a <__udivdi3+0x1fa>
20001032:	1006b713          	sltiu	a4,a3,256
20001036:	00173713          	seqz	a4,a4
2000103a:	070e                	slli	a4,a4,0x3
2000103c:	200037b7          	lui	a5,0x20003
20001040:	00e6d833          	srl	a6,a3,a4
20001044:	ec078793          	addi	a5,a5,-320 # 20002ec0 <__clz_tab>
20001048:	97c2                	add	a5,a5,a6
2000104a:	0007c783          	lbu	a5,0(a5)
2000104e:	02000893          	li	a7,32
20001052:	97ba                	add	a5,a5,a4
20001054:	03179263          	bne	a5,a7,20001078 <__udivdi3+0x208>
20001058:	00c537b3          	sltu	a5,a0,a2
2000105c:	0017b793          	seqz	a5,a5
20001060:	00b6b6b3          	sltu	a3,a3,a1
20001064:	8fd5                	or	a5,a5,a3
20001066:	4801                	li	a6,0
20001068:	b57d                	j	20000f16 <__udivdi3+0xa6>
2000106a:	010007b7          	lui	a5,0x1000
2000106e:	4761                	li	a4,24
20001070:	fcf6f6e3          	bgeu	a3,a5,2000103c <__udivdi3+0x1cc>
20001074:	4741                	li	a4,16
20001076:	b7d9                	j	2000103c <__udivdi3+0x1cc>
20001078:	40f888b3          	sub	a7,a7,a5
2000107c:	00f65833          	srl	a6,a2,a5
20001080:	011696b3          	sll	a3,a3,a7
20001084:	00d86833          	or	a6,a6,a3
20001088:	00f5d733          	srl	a4,a1,a5
2000108c:	01085e13          	srli	t3,a6,0x10
20001090:	00f557b3          	srl	a5,a0,a5
20001094:	011595b3          	sll	a1,a1,a7
20001098:	8ddd                	or	a1,a1,a5
2000109a:	03c757b3          	divu	a5,a4,t3
2000109e:	08084333          	zext.h	t1,a6
200010a2:	01161633          	sll	a2,a2,a7
200010a6:	03c77733          	remu	a4,a4,t3
200010aa:	02f30eb3          	mul	t4,t1,a5
200010ae:	01071693          	slli	a3,a4,0x10
200010b2:	0105d713          	srli	a4,a1,0x10
200010b6:	8f55                	or	a4,a4,a3
200010b8:	01d77863          	bgeu	a4,t4,200010c8 <__udivdi3+0x258>
200010bc:	9742                	add	a4,a4,a6
200010be:	01d77463          	bgeu	a4,t4,200010c6 <__udivdi3+0x256>
200010c2:	09077163          	bgeu	a4,a6,20001144 <__udivdi3+0x2d4>
200010c6:	17fd                	addi	a5,a5,-1 # ffffff <RAM_LENGTH+0xf7ffff>
200010c8:	41d70733          	sub	a4,a4,t4
200010cc:	03c756b3          	divu	a3,a4,t3
200010d0:	03c77733          	remu	a4,a4,t3
200010d4:	02d30333          	mul	t1,t1,a3
200010d8:	08e5c733          	pack	a4,a1,a4
200010dc:	00677863          	bgeu	a4,t1,200010ec <__udivdi3+0x27c>
200010e0:	9742                	add	a4,a4,a6
200010e2:	00677463          	bgeu	a4,t1,200010ea <__udivdi3+0x27a>
200010e6:	07077263          	bgeu	a4,a6,2000114a <__udivdi3+0x2da>
200010ea:	16fd                	addi	a3,a3,-1
200010ec:	07c2                	slli	a5,a5,0x10
200010ee:	8fd5                	or	a5,a5,a3
200010f0:	08064833          	zext.h	a6,a2
200010f4:	0806c6b3          	zext.h	a3,a3
200010f8:	8241                	srli	a2,a2,0x10
200010fa:	0107d593          	srli	a1,a5,0x10
200010fe:	40670733          	sub	a4,a4,t1
20001102:	03068333          	mul	t1,a3,a6
20001106:	03058833          	mul	a6,a1,a6
2000110a:	02c686b3          	mul	a3,a3,a2
2000110e:	02c585b3          	mul	a1,a1,a2
20001112:	96c2                	add	a3,a3,a6
20001114:	01035613          	srli	a2,t1,0x10
20001118:	96b2                	add	a3,a3,a2
2000111a:	0106f463          	bgeu	a3,a6,20001122 <__udivdi3+0x2b2>
2000111e:	6641                	lui	a2,0x10
20001120:	95b2                	add	a1,a1,a2
20001122:	0106d613          	srli	a2,a3,0x10
20001126:	962e                	add	a2,a2,a1
20001128:	00c76c63          	bltu	a4,a2,20001140 <__udivdi3+0x2d0>
2000112c:	06c2                	slli	a3,a3,0x10
2000112e:	08034333          	zext.h	t1,t1
20001132:	01151533          	sll	a0,a0,a7
20001136:	969a                	add	a3,a3,t1
20001138:	f2d577e3          	bgeu	a0,a3,20001066 <__udivdi3+0x1f6>
2000113c:	f2c715e3          	bne	a4,a2,20001066 <__udivdi3+0x1f6>
20001140:	17fd                	addi	a5,a5,-1
20001142:	b715                	j	20001066 <__udivdi3+0x1f6>
20001144:	17f9                	addi	a5,a5,-2
20001146:	9742                	add	a4,a4,a6
20001148:	b741                	j	200010c8 <__udivdi3+0x258>
2000114a:	16f9                	addi	a3,a3,-2
2000114c:	9742                	add	a4,a4,a6
2000114e:	bf79                	j	200010ec <__udivdi3+0x27c>
20001150:	4801                	li	a6,0
20001152:	4781                	li	a5,0
20001154:	b3c9                	j	20000f16 <__udivdi3+0xa6>

20001156 <__umoddi3>:
20001156:	88b2                	mv	a7,a2
20001158:	87aa                	mv	a5,a0
2000115a:	882e                	mv	a6,a1
2000115c:	1c069563          	bnez	a3,20001326 <__umoddi3+0x1d0>
20001160:	20003737          	lui	a4,0x20003
20001164:	ec070713          	addi	a4,a4,-320 # 20002ec0 <__clz_tab>
20001168:	0ac5fe63          	bgeu	a1,a2,20001224 <__umoddi3+0xce>
2000116c:	66c1                	lui	a3,0x10
2000116e:	0ad67463          	bgeu	a2,a3,20001216 <__umoddi3+0xc0>
20001172:	10063693          	sltiu	a3,a2,256
20001176:	0016b693          	seqz	a3,a3
2000117a:	068e                	slli	a3,a3,0x3
2000117c:	00d65333          	srl	t1,a2,a3
20001180:	971a                	add	a4,a4,t1
20001182:	00074703          	lbu	a4,0(a4)
20001186:	9736                	add	a4,a4,a3
20001188:	02000693          	li	a3,32
2000118c:	40e68333          	sub	t1,a3,a4
20001190:	00d70c63          	beq	a4,a3,200011a8 <__umoddi3+0x52>
20001194:	00659833          	sll	a6,a1,t1
20001198:	00e55733          	srl	a4,a0,a4
2000119c:	006618b3          	sll	a7,a2,t1
200011a0:	01076833          	or	a6,a4,a6
200011a4:	006517b3          	sll	a5,a0,t1
200011a8:	0108d513          	srli	a0,a7,0x10
200011ac:	02a856b3          	divu	a3,a6,a0
200011b0:	0808ce33          	zext.h	t3,a7
200011b4:	0107d713          	srli	a4,a5,0x10
200011b8:	02a87833          	remu	a6,a6,a0
200011bc:	03c686b3          	mul	a3,a3,t3
200011c0:	0842                	slli	a6,a6,0x10
200011c2:	01076733          	or	a4,a4,a6
200011c6:	00d77d63          	bgeu	a4,a3,200011e0 <__umoddi3+0x8a>
200011ca:	9746                	add	a4,a4,a7
200011cc:	011735b3          	sltu	a1,a4,a7
200011d0:	00d73633          	sltu	a2,a4,a3
200011d4:	0015b593          	seqz	a1,a1
200011d8:	8e6d                	and	a2,a2,a1
200011da:	03160633          	mul	a2,a2,a7
200011de:	9732                	add	a4,a4,a2
200011e0:	8f15                	sub	a4,a4,a3
200011e2:	02a756b3          	divu	a3,a4,a0
200011e6:	02a77733          	remu	a4,a4,a0
200011ea:	03c686b3          	mul	a3,a3,t3
200011ee:	08e7c533          	pack	a0,a5,a4
200011f2:	00d57d63          	bgeu	a0,a3,2000120c <__umoddi3+0xb6>
200011f6:	9546                	add	a0,a0,a7
200011f8:	01153733          	sltu	a4,a0,a7
200011fc:	00d537b3          	sltu	a5,a0,a3
20001200:	00173713          	seqz	a4,a4
20001204:	8ff9                	and	a5,a5,a4
20001206:	031787b3          	mul	a5,a5,a7
2000120a:	953e                	add	a0,a0,a5
2000120c:	8d15                	sub	a0,a0,a3
2000120e:	00655533          	srl	a0,a0,t1
20001212:	4581                	li	a1,0
20001214:	8082                	ret
20001216:	01000337          	lui	t1,0x1000
2000121a:	46e1                	li	a3,24
2000121c:	f66670e3          	bgeu	a2,t1,2000117c <__umoddi3+0x26>
20001220:	46c1                	li	a3,16
20001222:	bfa9                	j	2000117c <__umoddi3+0x26>
20001224:	4681                	li	a3,0
20001226:	ca09                	beqz	a2,20001238 <__umoddi3+0xe2>
20001228:	66c1                	lui	a3,0x10
2000122a:	06d67863          	bgeu	a2,a3,2000129a <__umoddi3+0x144>
2000122e:	10063693          	sltiu	a3,a2,256
20001232:	0016b693          	seqz	a3,a3
20001236:	068e                	slli	a3,a3,0x3
20001238:	00d65833          	srl	a6,a2,a3
2000123c:	9742                	add	a4,a4,a6
2000123e:	00074703          	lbu	a4,0(a4)
20001242:	9736                	add	a4,a4,a3
20001244:	02000693          	li	a3,32
20001248:	40e68333          	sub	t1,a3,a4
2000124c:	04d71e63          	bne	a4,a3,200012a8 <__umoddi3+0x152>
20001250:	40c58733          	sub	a4,a1,a2
20001254:	0108d593          	srli	a1,a7,0x10
20001258:	02b75633          	divu	a2,a4,a1
2000125c:	0808c833          	zext.h	a6,a7
20001260:	0107d693          	srli	a3,a5,0x10
20001264:	02b77733          	remu	a4,a4,a1
20001268:	03060633          	mul	a2,a2,a6
2000126c:	0742                	slli	a4,a4,0x10
2000126e:	8f55                	or	a4,a4,a3
20001270:	00c77d63          	bgeu	a4,a2,2000128a <__umoddi3+0x134>
20001274:	9746                	add	a4,a4,a7
20001276:	01173533          	sltu	a0,a4,a7
2000127a:	00c736b3          	sltu	a3,a4,a2
2000127e:	00153513          	seqz	a0,a0
20001282:	8ee9                	and	a3,a3,a0
20001284:	031686b3          	mul	a3,a3,a7
20001288:	9736                	add	a4,a4,a3
2000128a:	8f11                	sub	a4,a4,a2
2000128c:	02b756b3          	divu	a3,a4,a1
20001290:	02b77733          	remu	a4,a4,a1
20001294:	030686b3          	mul	a3,a3,a6
20001298:	bf99                	j	200011ee <__umoddi3+0x98>
2000129a:	01000837          	lui	a6,0x1000
2000129e:	46e1                	li	a3,24
200012a0:	f9067ce3          	bgeu	a2,a6,20001238 <__umoddi3+0xe2>
200012a4:	46c1                	li	a3,16
200012a6:	bf49                	j	20001238 <__umoddi3+0xe2>
200012a8:	006618b3          	sll	a7,a2,t1
200012ac:	00e5d6b3          	srl	a3,a1,a4
200012b0:	006517b3          	sll	a5,a0,t1
200012b4:	00e55733          	srl	a4,a0,a4
200012b8:	0108d513          	srli	a0,a7,0x10
200012bc:	02a6d633          	divu	a2,a3,a0
200012c0:	0808ce33          	zext.h	t3,a7
200012c4:	006595b3          	sll	a1,a1,t1
200012c8:	8dd9                	or	a1,a1,a4
200012ca:	0105d713          	srli	a4,a1,0x10
200012ce:	02a6f6b3          	remu	a3,a3,a0
200012d2:	03c60633          	mul	a2,a2,t3
200012d6:	06c2                	slli	a3,a3,0x10
200012d8:	8f55                	or	a4,a4,a3
200012da:	00c77e63          	bgeu	a4,a2,200012f6 <__umoddi3+0x1a0>
200012de:	9746                	add	a4,a4,a7
200012e0:	01173833          	sltu	a6,a4,a7
200012e4:	00c736b3          	sltu	a3,a4,a2
200012e8:	00183813          	seqz	a6,a6
200012ec:	0106f6b3          	and	a3,a3,a6
200012f0:	031686b3          	mul	a3,a3,a7
200012f4:	9736                	add	a4,a4,a3
200012f6:	8f11                	sub	a4,a4,a2
200012f8:	02a756b3          	divu	a3,a4,a0
200012fc:	02a77733          	remu	a4,a4,a0
20001300:	03c686b3          	mul	a3,a3,t3
20001304:	08e5c733          	pack	a4,a1,a4
20001308:	00d77d63          	bgeu	a4,a3,20001322 <__umoddi3+0x1cc>
2000130c:	9746                	add	a4,a4,a7
2000130e:	011735b3          	sltu	a1,a4,a7
20001312:	00d73633          	sltu	a2,a4,a3
20001316:	0015b593          	seqz	a1,a1
2000131a:	8e6d                	and	a2,a2,a1
2000131c:	03160633          	mul	a2,a2,a7
20001320:	9732                	add	a4,a4,a2
20001322:	8f15                	sub	a4,a4,a3
20001324:	bf05                	j	20001254 <__umoddi3+0xfe>
20001326:	14d5ea63          	bltu	a1,a3,2000147a <__umoddi3+0x324>
2000132a:	6741                	lui	a4,0x10
2000132c:	04e6f563          	bgeu	a3,a4,20001376 <__umoddi3+0x220>
20001330:	1006b713          	sltiu	a4,a3,256
20001334:	00173713          	seqz	a4,a4
20001338:	070e                	slli	a4,a4,0x3
2000133a:	200038b7          	lui	a7,0x20003
2000133e:	00e6d333          	srl	t1,a3,a4
20001342:	ec088893          	addi	a7,a7,-320 # 20002ec0 <__clz_tab>
20001346:	989a                	add	a7,a7,t1
20001348:	0008c883          	lbu	a7,0(a7)
2000134c:	02000313          	li	t1,32
20001350:	98ba                	add	a7,a7,a4
20001352:	02689963          	bne	a7,t1,20001384 <__umoddi3+0x22e>
20001356:	00c57463          	bgeu	a0,a2,2000135e <__umoddi3+0x208>
2000135a:	00b6fb63          	bgeu	a3,a1,20001370 <__umoddi3+0x21a>
2000135e:	40c50833          	sub	a6,a0,a2
20001362:	87c2                	mv	a5,a6
20001364:	40d586b3          	sub	a3,a1,a3
20001368:	01053833          	sltu	a6,a0,a6
2000136c:	41068833          	sub	a6,a3,a6
20001370:	853e                	mv	a0,a5
20001372:	85c2                	mv	a1,a6
20001374:	8082                	ret
20001376:	010008b7          	lui	a7,0x1000
2000137a:	4761                	li	a4,24
2000137c:	fb16ffe3          	bgeu	a3,a7,2000133a <__umoddi3+0x1e4>
20001380:	4741                	li	a4,16
20001382:	bf65                	j	2000133a <__umoddi3+0x1e4>
20001384:	41130333          	sub	t1,t1,a7
20001388:	006696b3          	sll	a3,a3,t1
2000138c:	01165e33          	srl	t3,a2,a7
20001390:	00de6e33          	or	t3,t3,a3
20001394:	0115d7b3          	srl	a5,a1,a7
20001398:	010e5e93          	srli	t4,t3,0x10
2000139c:	03d7d6b3          	divu	a3,a5,t4
200013a0:	006595b3          	sll	a1,a1,t1
200013a4:	01155833          	srl	a6,a0,a7
200013a8:	00b86833          	or	a6,a6,a1
200013ac:	080e45b3          	zext.h	a1,t3
200013b0:	00661733          	sll	a4,a2,t1
200013b4:	00651533          	sll	a0,a0,t1
200013b8:	03d7f7b3          	remu	a5,a5,t4
200013bc:	02d58f33          	mul	t5,a1,a3
200013c0:	01079613          	slli	a2,a5,0x10
200013c4:	01085793          	srli	a5,a6,0x10
200013c8:	8fd1                	or	a5,a5,a2
200013ca:	01e7f863          	bgeu	a5,t5,200013da <__umoddi3+0x284>
200013ce:	97f2                	add	a5,a5,t3
200013d0:	01e7f463          	bgeu	a5,t5,200013d8 <__umoddi3+0x282>
200013d4:	0bc7f463          	bgeu	a5,t3,2000147c <__umoddi3+0x326>
200013d8:	16fd                	addi	a3,a3,-1 # ffff <XIP_RAM_LENGTH+0xbfff>
200013da:	41e787b3          	sub	a5,a5,t5
200013de:	03d7d633          	divu	a2,a5,t4
200013e2:	03d7f7b3          	remu	a5,a5,t4
200013e6:	02c585b3          	mul	a1,a1,a2
200013ea:	08f847b3          	pack	a5,a6,a5
200013ee:	00b7f863          	bgeu	a5,a1,200013fe <__umoddi3+0x2a8>
200013f2:	97f2                	add	a5,a5,t3
200013f4:	00b7f463          	bgeu	a5,a1,200013fc <__umoddi3+0x2a6>
200013f8:	09c7f563          	bgeu	a5,t3,20001482 <__umoddi3+0x32c>
200013fc:	167d                	addi	a2,a2,-1 # ffff <XIP_RAM_LENGTH+0xbfff>
200013fe:	06c2                	slli	a3,a3,0x10
20001400:	8ed1                	or	a3,a3,a2
20001402:	82c1                	srli	a3,a3,0x10
20001404:	08064633          	zext.h	a2,a2
20001408:	08074833          	zext.h	a6,a4
2000140c:	40b785b3          	sub	a1,a5,a1
20001410:	01075793          	srli	a5,a4,0x10
20001414:	03060eb3          	mul	t4,a2,a6
20001418:	03068833          	mul	a6,a3,a6
2000141c:	02f60633          	mul	a2,a2,a5
20001420:	02f686b3          	mul	a3,a3,a5
20001424:	9642                	add	a2,a2,a6
20001426:	010ed793          	srli	a5,t4,0x10
2000142a:	97b2                	add	a5,a5,a2
2000142c:	0107f463          	bgeu	a5,a6,20001434 <__umoddi3+0x2de>
20001430:	6641                	lui	a2,0x10
20001432:	96b2                	add	a3,a3,a2
20001434:	0107d613          	srli	a2,a5,0x10
20001438:	080eceb3          	zext.h	t4,t4
2000143c:	07c2                	slli	a5,a5,0x10
2000143e:	96b2                	add	a3,a3,a2
20001440:	97f6                	add	a5,a5,t4
20001442:	00d5e663          	bltu	a1,a3,2000144e <__umoddi3+0x2f8>
20001446:	00f57c63          	bgeu	a0,a5,2000145e <__umoddi3+0x308>
2000144a:	00d59a63          	bne	a1,a3,2000145e <__umoddi3+0x308>
2000144e:	40e78733          	sub	a4,a5,a4
20001452:	00e7b633          	sltu	a2,a5,a4
20001456:	87ba                	mv	a5,a4
20001458:	01c60733          	add	a4,a2,t3
2000145c:	8e99                	sub	a3,a3,a4
2000145e:	40f507b3          	sub	a5,a0,a5
20001462:	00f53533          	sltu	a0,a0,a5
20001466:	8d95                	sub	a1,a1,a3
20001468:	8d89                	sub	a1,a1,a0
2000146a:	011598b3          	sll	a7,a1,a7
2000146e:	0067d7b3          	srl	a5,a5,t1
20001472:	00f8e533          	or	a0,a7,a5
20001476:	0065d5b3          	srl	a1,a1,t1
2000147a:	8082                	ret
2000147c:	16f9                	addi	a3,a3,-2
2000147e:	97f2                	add	a5,a5,t3
20001480:	bfa9                	j	200013da <__umoddi3+0x284>
20001482:	1679                	addi	a2,a2,-2 # fffe <XIP_RAM_LENGTH+0xbffe>
20001484:	97f2                	add	a5,a5,t3
20001486:	bfa5                	j	200013fe <__umoddi3+0x2a8>

20001488 <__adddf3>:
20001488:	00100837          	lui	a6,0x100
2000148c:	187d                	addi	a6,a6,-1 # fffff <RAM_LENGTH+0x7ffff>
2000148e:	00b877b3          	and	a5,a6,a1
20001492:	0145d713          	srli	a4,a1,0x14
20001496:	00d87833          	and	a6,a6,a3
2000149a:	0146de13          	srli	t3,a3,0x14
2000149e:	01d55893          	srli	a7,a0,0x1d
200014a2:	080e                	slli	a6,a6,0x3
200014a4:	01d65313          	srli	t1,a2,0x1d
200014a8:	7ff77713          	andi	a4,a4,2047
200014ac:	078e                	slli	a5,a5,0x3
200014ae:	7ffe7e13          	andi	t3,t3,2047
200014b2:	81fd                	srli	a1,a1,0x1f
200014b4:	82fd                	srli	a3,a3,0x1f
200014b6:	00f8e7b3          	or	a5,a7,a5
200014ba:	01036333          	or	t1,t1,a6
200014be:	050e                	slli	a0,a0,0x3
200014c0:	060e                	slli	a2,a2,0x3
200014c2:	41c70833          	sub	a6,a4,t3
200014c6:	7ff00893          	li	a7,2047
200014ca:	24d59263          	bne	a1,a3,2000170e <__adddf3+0x286>
200014ce:	0d005863          	blez	a6,2000159e <__adddf3+0x116>
200014d2:	020e1463          	bnez	t3,200014fa <__adddf3+0x72>
200014d6:	00c366b3          	or	a3,t1,a2
200014da:	ce91                	beqz	a3,200014f6 <__adddf3+0x6e>
200014dc:	fff70813          	addi	a6,a4,-1 # ffff <XIP_RAM_LENGTH+0xbfff>
200014e0:	00081963          	bnez	a6,200014f2 <__adddf3+0x6a>
200014e4:	962a                	add	a2,a2,a0
200014e6:	979a                	add	a5,a5,t1
200014e8:	00a63533          	sltu	a0,a2,a0
200014ec:	97aa                	add	a5,a5,a0
200014ee:	4705                	li	a4,1
200014f0:	a889                	j	20001542 <__adddf3+0xba>
200014f2:	01171863          	bne	a4,a7,20001502 <__adddf3+0x7a>
200014f6:	862a                	mv	a2,a0
200014f8:	aab5                	j	20001674 <__adddf3+0x1ec>
200014fa:	ff170ee3          	beq	a4,a7,200014f6 <__adddf3+0x6e>
200014fe:	29731313          	bseti	t1,t1,0x17
20001502:	03800693          	li	a3,56
20001506:	0906c763          	blt	a3,a6,20001594 <__adddf3+0x10c>
2000150a:	46fd                	li	a3,31
2000150c:	02000e13          	li	t3,32
20001510:	0506cd63          	blt	a3,a6,2000156a <__adddf3+0xe2>
20001514:	410e0e33          	sub	t3,t3,a6
20001518:	01c316b3          	sll	a3,t1,t3
2000151c:	010658b3          	srl	a7,a2,a6
20001520:	01c61e33          	sll	t3,a2,t3
20001524:	0116e6b3          	or	a3,a3,a7
20001528:	01c03e33          	snez	t3,t3
2000152c:	01c6e6b3          	or	a3,a3,t3
20001530:	01035833          	srl	a6,t1,a6
20001534:	00a68633          	add	a2,a3,a0
20001538:	983e                	add	a6,a6,a5
2000153a:	00d636b3          	sltu	a3,a2,a3
2000153e:	00d807b3          	add	a5,a6,a3
20001542:	00879693          	slli	a3,a5,0x8
20001546:	1806d863          	bgez	a3,200016d6 <__adddf3+0x24e>
2000154a:	0705                	addi	a4,a4,1
2000154c:	7ff00693          	li	a3,2047
20001550:	1ad70c63          	beq	a4,a3,20001708 <__adddf3+0x280>
20001554:	00165693          	srli	a3,a2,0x1
20001558:	8a05                	andi	a2,a2,1
2000155a:	49779513          	bclri	a0,a5,0x17
2000155e:	8e55                	or	a2,a2,a3
20001560:	07fe                	slli	a5,a5,0x1f
20001562:	8e5d                	or	a2,a2,a5
20001564:	00155793          	srli	a5,a0,0x1
20001568:	a2bd                	j	200016d6 <__adddf3+0x24e>
2000156a:	fe080693          	addi	a3,a6,-32
2000156e:	00d356b3          	srl	a3,t1,a3
20001572:	4881                	li	a7,0
20001574:	01c80863          	beq	a6,t3,20001584 <__adddf3+0xfc>
20001578:	04000893          	li	a7,64
2000157c:	410888b3          	sub	a7,a7,a6
20001580:	011318b3          	sll	a7,t1,a7
20001584:	00c8e8b3          	or	a7,a7,a2
20001588:	011038b3          	snez	a7,a7
2000158c:	0116e6b3          	or	a3,a3,a7
20001590:	4801                	li	a6,0
20001592:	b74d                	j	20001534 <__adddf3+0xac>
20001594:	00c366b3          	or	a3,t1,a2
20001598:	00d036b3          	snez	a3,a3
2000159c:	bfd5                	j	20001590 <__adddf3+0x108>
2000159e:	0a080063          	beqz	a6,2000163e <__adddf3+0x1b6>
200015a2:	40ee0833          	sub	a6,t3,a4
200015a6:	ef01                	bnez	a4,200015be <__adddf3+0x136>
200015a8:	00a7e733          	or	a4,a5,a0
200015ac:	c711                	beqz	a4,200015b8 <__adddf3+0x130>
200015ae:	fff80693          	addi	a3,a6,-1
200015b2:	da8d                	beqz	a3,200014e4 <__adddf3+0x5c>
200015b4:	01181a63          	bne	a6,a7,200015c8 <__adddf3+0x140>
200015b8:	879a                	mv	a5,t1
200015ba:	8742                	mv	a4,a6
200015bc:	a865                	j	20001674 <__adddf3+0x1ec>
200015be:	431e0e63          	beq	t3,a7,200019fa <__adddf3+0x572>
200015c2:	29779793          	bseti	a5,a5,0x17
200015c6:	86c2                	mv	a3,a6
200015c8:	03800713          	li	a4,56
200015cc:	06d74463          	blt	a4,a3,20001634 <__adddf3+0x1ac>
200015d0:	477d                	li	a4,31
200015d2:	02000893          	li	a7,32
200015d6:	02d74a63          	blt	a4,a3,2000160a <__adddf3+0x182>
200015da:	40d888b3          	sub	a7,a7,a3
200015de:	01179733          	sll	a4,a5,a7
200015e2:	00d55833          	srl	a6,a0,a3
200015e6:	011518b3          	sll	a7,a0,a7
200015ea:	01076733          	or	a4,a4,a6
200015ee:	011038b3          	snez	a7,a7
200015f2:	01176733          	or	a4,a4,a7
200015f6:	00d7d6b3          	srl	a3,a5,a3
200015fa:	963a                	add	a2,a2,a4
200015fc:	00e63733          	sltu	a4,a2,a4
20001600:	969a                	add	a3,a3,t1
20001602:	00e687b3          	add	a5,a3,a4
20001606:	8772                	mv	a4,t3
20001608:	bf2d                	j	20001542 <__adddf3+0xba>
2000160a:	fe068713          	addi	a4,a3,-32
2000160e:	00e7d733          	srl	a4,a5,a4
20001612:	4801                	li	a6,0
20001614:	01168863          	beq	a3,a7,20001624 <__adddf3+0x19c>
20001618:	04000813          	li	a6,64
2000161c:	40d80833          	sub	a6,a6,a3
20001620:	01079833          	sll	a6,a5,a6
20001624:	00a86833          	or	a6,a6,a0
20001628:	01003833          	snez	a6,a6
2000162c:	01076733          	or	a4,a4,a6
20001630:	4681                	li	a3,0
20001632:	b7e1                	j	200015fa <__adddf3+0x172>
20001634:	00a7e733          	or	a4,a5,a0
20001638:	00e03733          	snez	a4,a4
2000163c:	bfd5                	j	20001630 <__adddf3+0x1a8>
2000163e:	00170693          	addi	a3,a4,1
20001642:	7fe6f813          	andi	a6,a3,2046
20001646:	06081b63          	bnez	a6,200016bc <__adddf3+0x234>
2000164a:	00a7e6b3          	or	a3,a5,a0
2000164e:	ef39                	bnez	a4,200016ac <__adddf3+0x224>
20001650:	38068b63          	beqz	a3,200019e6 <__adddf3+0x55e>
20001654:	00c36733          	or	a4,t1,a2
20001658:	38070963          	beqz	a4,200019ea <__adddf3+0x562>
2000165c:	962a                	add	a2,a2,a0
2000165e:	979a                	add	a5,a5,t1
20001660:	00a63533          	sltu	a0,a2,a0
20001664:	97aa                	add	a5,a5,a0
20001666:	00879713          	slli	a4,a5,0x8
2000166a:	26075a63          	bgez	a4,200018de <__adddf3+0x456>
2000166e:	49779793          	bclri	a5,a5,0x17
20001672:	4705                	li	a4,1
20001674:	820d                	srli	a2,a2,0x3
20001676:	01d79693          	slli	a3,a5,0x1d
2000167a:	8ed1                	or	a3,a3,a2
2000167c:	7ff00613          	li	a2,2047
20001680:	838d                	srli	a5,a5,0x3
20001682:	00c71963          	bne	a4,a2,20001694 <__adddf3+0x20c>
20001686:	8edd                	or	a3,a3,a5
20001688:	4781                	li	a5,0
2000168a:	c689                	beqz	a3,20001694 <__adddf3+0x20c>
2000168c:	000807b7          	lui	a5,0x80
20001690:	4681                	li	a3,0
20001692:	4581                	li	a1,0
20001694:	7ff77713          	andi	a4,a4,2047
20001698:	07b2                	slli	a5,a5,0xc
2000169a:	83b1                	srli	a5,a5,0xc
2000169c:	0752                	slli	a4,a4,0x14
2000169e:	8f5d                	or	a4,a4,a5
200016a0:	05fe                	slli	a1,a1,0x1f
200016a2:	00b767b3          	or	a5,a4,a1
200016a6:	8536                	mv	a0,a3
200016a8:	85be                	mv	a1,a5
200016aa:	8082                	ret
200016ac:	34068163          	beqz	a3,200019ee <__adddf3+0x566>
200016b0:	00c36333          	or	t1,t1,a2
200016b4:	24031763          	bnez	t1,20001902 <__adddf3+0x47a>
200016b8:	862a                	mv	a2,a0
200016ba:	ae1d                	j	200019f0 <__adddf3+0x568>
200016bc:	33168c63          	beq	a3,a7,200019f4 <__adddf3+0x56c>
200016c0:	962a                	add	a2,a2,a0
200016c2:	00a63533          	sltu	a0,a2,a0
200016c6:	979a                	add	a5,a5,t1
200016c8:	97aa                	add	a5,a5,a0
200016ca:	01f79713          	slli	a4,a5,0x1f
200016ce:	8205                	srli	a2,a2,0x1
200016d0:	8e59                	or	a2,a2,a4
200016d2:	8385                	srli	a5,a5,0x1
200016d4:	8736                	mv	a4,a3
200016d6:	00767693          	andi	a3,a2,7
200016da:	ce81                	beqz	a3,200016f2 <__adddf3+0x26a>
200016dc:	00f67693          	andi	a3,a2,15
200016e0:	4511                	li	a0,4
200016e2:	00a68863          	beq	a3,a0,200016f2 <__adddf3+0x26a>
200016e6:	00a606b3          	add	a3,a2,a0
200016ea:	00c6b533          	sltu	a0,a3,a2
200016ee:	97aa                	add	a5,a5,a0
200016f0:	8636                	mv	a2,a3
200016f2:	00879693          	slli	a3,a5,0x8
200016f6:	f606dfe3          	bgez	a3,20001674 <__adddf3+0x1ec>
200016fa:	0705                	addi	a4,a4,1
200016fc:	7ff00693          	li	a3,2047
20001700:	49779793          	bclri	a5,a5,0x17
20001704:	f6d718e3          	bne	a4,a3,20001674 <__adddf3+0x1ec>
20001708:	4781                	li	a5,0
2000170a:	4601                	li	a2,0
2000170c:	b7a5                	j	20001674 <__adddf3+0x1ec>
2000170e:	0d005263          	blez	a6,200017d2 <__adddf3+0x34a>
20001712:	080e1163          	bnez	t3,20001794 <__adddf3+0x30c>
20001716:	00c366b3          	or	a3,t1,a2
2000171a:	dc068ee3          	beqz	a3,200014f6 <__adddf3+0x6e>
2000171e:	fff70813          	addi	a6,a4,-1
20001722:	00081b63          	bnez	a6,20001738 <__adddf3+0x2b0>
20001726:	40c50633          	sub	a2,a0,a2
2000172a:	406787b3          	sub	a5,a5,t1
2000172e:	00c53533          	sltu	a0,a0,a2
20001732:	8f89                	sub	a5,a5,a0
20001734:	4705                	li	a4,1
20001736:	a0a1                	j	2000177e <__adddf3+0x2f6>
20001738:	db170fe3          	beq	a4,a7,200014f6 <__adddf3+0x6e>
2000173c:	03800693          	li	a3,56
20001740:	0906c463          	blt	a3,a6,200017c8 <__adddf3+0x340>
20001744:	46fd                	li	a3,31
20001746:	02000e13          	li	t3,32
2000174a:	0506ca63          	blt	a3,a6,2000179e <__adddf3+0x316>
2000174e:	410e0e33          	sub	t3,t3,a6
20001752:	01c316b3          	sll	a3,t1,t3
20001756:	010658b3          	srl	a7,a2,a6
2000175a:	01c61e33          	sll	t3,a2,t3
2000175e:	0116e6b3          	or	a3,a3,a7
20001762:	01c03e33          	snez	t3,t3
20001766:	01c6e6b3          	or	a3,a3,t3
2000176a:	01035833          	srl	a6,t1,a6
2000176e:	40d50633          	sub	a2,a0,a3
20001772:	41078833          	sub	a6,a5,a6
20001776:	00c53533          	sltu	a0,a0,a2
2000177a:	40a807b3          	sub	a5,a6,a0
2000177e:	00879693          	slli	a3,a5,0x8
20001782:	f406dae3          	bgez	a3,200016d6 <__adddf3+0x24e>
20001786:	008008b7          	lui	a7,0x800
2000178a:	18fd                	addi	a7,a7,-1 # 7fffff <RAM_LENGTH+0x77ffff>
2000178c:	0117f8b3          	and	a7,a5,a7
20001790:	8832                	mv	a6,a2
20001792:	a275                	j	2000193e <__adddf3+0x4b6>
20001794:	d71701e3          	beq	a4,a7,200014f6 <__adddf3+0x6e>
20001798:	29731313          	bseti	t1,t1,0x17
2000179c:	b745                	j	2000173c <__adddf3+0x2b4>
2000179e:	fe080693          	addi	a3,a6,-32
200017a2:	00d356b3          	srl	a3,t1,a3
200017a6:	4881                	li	a7,0
200017a8:	01c80863          	beq	a6,t3,200017b8 <__adddf3+0x330>
200017ac:	04000893          	li	a7,64
200017b0:	410888b3          	sub	a7,a7,a6
200017b4:	011318b3          	sll	a7,t1,a7
200017b8:	00c8e8b3          	or	a7,a7,a2
200017bc:	011038b3          	snez	a7,a7
200017c0:	0116e6b3          	or	a3,a3,a7
200017c4:	4801                	li	a6,0
200017c6:	b765                	j	2000176e <__adddf3+0x2e6>
200017c8:	00c366b3          	or	a3,t1,a2
200017cc:	00d036b3          	snez	a3,a3
200017d0:	bfd5                	j	200017c4 <__adddf3+0x33c>
200017d2:	0a080d63          	beqz	a6,2000188c <__adddf3+0x404>
200017d6:	40ee0833          	sub	a6,t3,a4
200017da:	e70d                	bnez	a4,20001804 <__adddf3+0x37c>
200017dc:	00a7e733          	or	a4,a5,a0
200017e0:	c305                	beqz	a4,20001800 <__adddf3+0x378>
200017e2:	fff80713          	addi	a4,a6,-1
200017e6:	eb19                	bnez	a4,200017fc <__adddf3+0x374>
200017e8:	40a60533          	sub	a0,a2,a0
200017ec:	00a63733          	sltu	a4,a2,a0
200017f0:	40f307b3          	sub	a5,t1,a5
200017f4:	862a                	mv	a2,a0
200017f6:	8f99                	sub	a5,a5,a4
200017f8:	85b6                	mv	a1,a3
200017fa:	bf2d                	j	20001734 <__adddf3+0x2ac>
200017fc:	01181963          	bne	a6,a7,2000180e <__adddf3+0x386>
20001800:	85b6                	mv	a1,a3
20001802:	bb5d                	j	200015b8 <__adddf3+0x130>
20001804:	1f1e0a63          	beq	t3,a7,200019f8 <__adddf3+0x570>
20001808:	29779793          	bseti	a5,a5,0x17
2000180c:	8742                	mv	a4,a6
2000180e:	03800593          	li	a1,56
20001812:	06e5c863          	blt	a1,a4,20001882 <__adddf3+0x3fa>
20001816:	45fd                	li	a1,31
20001818:	02000893          	li	a7,32
2000181c:	02e5ce63          	blt	a1,a4,20001858 <__adddf3+0x3d0>
20001820:	40e888b3          	sub	a7,a7,a4
20001824:	011795b3          	sll	a1,a5,a7
20001828:	00e55833          	srl	a6,a0,a4
2000182c:	011518b3          	sll	a7,a0,a7
20001830:	0105e5b3          	or	a1,a1,a6
20001834:	011038b3          	snez	a7,a7
20001838:	0115e5b3          	or	a1,a1,a7
2000183c:	00e7d733          	srl	a4,a5,a4
20001840:	40b605b3          	sub	a1,a2,a1
20001844:	00b637b3          	sltu	a5,a2,a1
20001848:	40e30733          	sub	a4,t1,a4
2000184c:	862e                	mv	a2,a1
2000184e:	40f707b3          	sub	a5,a4,a5
20001852:	85b6                	mv	a1,a3
20001854:	8772                	mv	a4,t3
20001856:	b725                	j	2000177e <__adddf3+0x2f6>
20001858:	fe070593          	addi	a1,a4,-32
2000185c:	00b7d5b3          	srl	a1,a5,a1
20001860:	4801                	li	a6,0
20001862:	01170863          	beq	a4,a7,20001872 <__adddf3+0x3ea>
20001866:	04000813          	li	a6,64
2000186a:	40e80833          	sub	a6,a6,a4
2000186e:	01079833          	sll	a6,a5,a6
20001872:	00a86833          	or	a6,a6,a0
20001876:	01003833          	snez	a6,a6
2000187a:	0105e5b3          	or	a1,a1,a6
2000187e:	4701                	li	a4,0
20001880:	b7c1                	j	20001840 <__adddf3+0x3b8>
20001882:	00a7e5b3          	or	a1,a5,a0
20001886:	00b035b3          	snez	a1,a1
2000188a:	bfd5                	j	2000187e <__adddf3+0x3f6>
2000188c:	00170813          	addi	a6,a4,1
20001890:	7fe87813          	andi	a6,a6,2046
20001894:	06081f63          	bnez	a6,20001912 <__adddf3+0x48a>
20001898:	00a7ee33          	or	t3,a5,a0
2000189c:	00c36833          	or	a6,t1,a2
200018a0:	ef21                	bnez	a4,200018f8 <__adddf3+0x470>
200018a2:	000e1763          	bnez	t3,200018b0 <__adddf3+0x428>
200018a6:	879a                	mv	a5,t1
200018a8:	02081a63          	bnez	a6,200018dc <__adddf3+0x454>
200018ac:	4581                	li	a1,0
200018ae:	bda9                	j	20001708 <__adddf3+0x280>
200018b0:	12080d63          	beqz	a6,200019ea <__adddf3+0x562>
200018b4:	40c508b3          	sub	a7,a0,a2
200018b8:	01153e33          	sltu	t3,a0,a7
200018bc:	40678833          	sub	a6,a5,t1
200018c0:	41c80833          	sub	a6,a6,t3
200018c4:	00881e13          	slli	t3,a6,0x8
200018c8:	020e5163          	bgez	t3,200018ea <__adddf3+0x462>
200018cc:	40a60533          	sub	a0,a2,a0
200018d0:	00a63733          	sltu	a4,a2,a0
200018d4:	40f307b3          	sub	a5,t1,a5
200018d8:	862a                	mv	a2,a0
200018da:	8f99                	sub	a5,a5,a4
200018dc:	85b6                	mv	a1,a3
200018de:	00f66733          	or	a4,a2,a5
200018e2:	e20703e3          	beqz	a4,20001708 <__adddf3+0x280>
200018e6:	4701                	li	a4,0
200018e8:	b3fd                	j	200016d6 <__adddf3+0x24e>
200018ea:	0108e633          	or	a2,a7,a6
200018ee:	10060963          	beqz	a2,20001a00 <__adddf3+0x578>
200018f2:	87c2                	mv	a5,a6
200018f4:	8646                	mv	a2,a7
200018f6:	b7e5                	j	200018de <__adddf3+0x456>
200018f8:	000e1a63          	bnez	t3,2000190c <__adddf3+0x484>
200018fc:	85b6                	mv	a1,a3
200018fe:	0e081863          	bnez	a6,200019ee <__adddf3+0x566>
20001902:	4581                	li	a1,0
20001904:	004007b7          	lui	a5,0x400
20001908:	4601                	li	a2,0
2000190a:	a0dd                	j	200019f0 <__adddf3+0x568>
2000190c:	da0806e3          	beqz	a6,200016b8 <__adddf3+0x230>
20001910:	bfcd                	j	20001902 <__adddf3+0x47a>
20001912:	40c50e33          	sub	t3,a0,a2
20001916:	01c53eb3          	sltu	t4,a0,t3
2000191a:	406788b3          	sub	a7,a5,t1
2000191e:	41d888b3          	sub	a7,a7,t4
20001922:	00889e93          	slli	t4,a7,0x8
20001926:	8872                	mv	a6,t3
20001928:	060ed563          	bgez	t4,20001992 <__adddf3+0x50a>
2000192c:	40a60833          	sub	a6,a2,a0
20001930:	40f308b3          	sub	a7,t1,a5
20001934:	01063633          	sltu	a2,a2,a6
20001938:	40c888b3          	sub	a7,a7,a2
2000193c:	85b6                	mv	a1,a3
2000193e:	06088163          	beqz	a7,200019a0 <__adddf3+0x518>
20001942:	60089693          	clz	a3,a7
20001946:	16e1                	addi	a3,a3,-8
20001948:	02000793          	li	a5,32
2000194c:	8f95                	sub	a5,a5,a3
2000194e:	00d898b3          	sll	a7,a7,a3
20001952:	00f857b3          	srl	a5,a6,a5
20001956:	0117e7b3          	or	a5,a5,a7
2000195a:	00d81633          	sll	a2,a6,a3
2000195e:	08e6c063          	blt	a3,a4,200019de <__adddf3+0x556>
20001962:	8e99                	sub	a3,a3,a4
20001964:	00168813          	addi	a6,a3,1
20001968:	477d                	li	a4,31
2000196a:	02000513          	li	a0,32
2000196e:	05074563          	blt	a4,a6,200019b8 <__adddf3+0x530>
20001972:	41050533          	sub	a0,a0,a6
20001976:	00a79733          	sll	a4,a5,a0
2000197a:	010656b3          	srl	a3,a2,a6
2000197e:	00a61533          	sll	a0,a2,a0
20001982:	8f55                	or	a4,a4,a3
20001984:	00a03533          	snez	a0,a0
20001988:	00a76633          	or	a2,a4,a0
2000198c:	0107d7b3          	srl	a5,a5,a6
20001990:	b7b9                	j	200018de <__adddf3+0x456>
20001992:	011e6633          	or	a2,t3,a7
20001996:	f645                	bnez	a2,2000193e <__adddf3+0x4b6>
20001998:	4581                	li	a1,0
2000199a:	4781                	li	a5,0
2000199c:	4701                	li	a4,0
2000199e:	b9d9                	j	20001674 <__adddf3+0x1ec>
200019a0:	60081793          	clz	a5,a6
200019a4:	01878693          	addi	a3,a5,24 # 400018 <RAM_LENGTH+0x380018>
200019a8:	467d                	li	a2,31
200019aa:	f8d65fe3          	bge	a2,a3,20001948 <__adddf3+0x4c0>
200019ae:	17e1                	addi	a5,a5,-8
200019b0:	00f817b3          	sll	a5,a6,a5
200019b4:	4601                	li	a2,0
200019b6:	b765                	j	2000195e <__adddf3+0x4d6>
200019b8:	1685                	addi	a3,a3,-31
200019ba:	00d7d6b3          	srl	a3,a5,a3
200019be:	4701                	li	a4,0
200019c0:	00a80863          	beq	a6,a0,200019d0 <__adddf3+0x548>
200019c4:	04000713          	li	a4,64
200019c8:	41070733          	sub	a4,a4,a6
200019cc:	00e79733          	sll	a4,a5,a4
200019d0:	8f51                	or	a4,a4,a2
200019d2:	00e03733          	snez	a4,a4
200019d6:	00e6e633          	or	a2,a3,a4
200019da:	4781                	li	a5,0
200019dc:	b709                	j	200018de <__adddf3+0x456>
200019de:	8f15                	sub	a4,a4,a3
200019e0:	49779793          	bclri	a5,a5,0x17
200019e4:	b9cd                	j	200016d6 <__adddf3+0x24e>
200019e6:	879a                	mv	a5,t1
200019e8:	bddd                	j	200018de <__adddf3+0x456>
200019ea:	862a                	mv	a2,a0
200019ec:	bdcd                	j	200018de <__adddf3+0x456>
200019ee:	879a                	mv	a5,t1
200019f0:	8746                	mv	a4,a7
200019f2:	b149                	j	20001674 <__adddf3+0x1ec>
200019f4:	8736                	mv	a4,a3
200019f6:	bb09                	j	20001708 <__adddf3+0x280>
200019f8:	85b6                	mv	a1,a3
200019fa:	879a                	mv	a5,t1
200019fc:	8772                	mv	a4,t3
200019fe:	b99d                	j	20001674 <__adddf3+0x1ec>
20001a00:	4581                	li	a1,0
20001a02:	4781                	li	a5,0
20001a04:	b985                	j	20001674 <__adddf3+0x1ec>

20001a06 <__divdf3>:
20001a06:	1141                	addi	sp,sp,-16
20001a08:	0145d893          	srli	a7,a1,0x14
20001a0c:	00c59793          	slli	a5,a1,0xc
20001a10:	c622                	sw	s0,12(sp)
20001a12:	c426                	sw	s1,8(sp)
20001a14:	7ff8f893          	andi	a7,a7,2047
20001a18:	83b1                	srli	a5,a5,0xc
20001a1a:	81fd                	srli	a1,a1,0x1f
20001a1c:	06088e63          	beqz	a7,20001a98 <__divdf3+0x92>
20001a20:	7ff00713          	li	a4,2047
20001a24:	0ce88363          	beq	a7,a4,20001aea <__divdf3+0xe4>
20001a28:	01d55813          	srli	a6,a0,0x1d
20001a2c:	078e                	slli	a5,a5,0x3
20001a2e:	00f86833          	or	a6,a6,a5
20001a32:	29781813          	bseti	a6,a6,0x17
20001a36:	00351f13          	slli	t5,a0,0x3
20001a3a:	c0188893          	addi	a7,a7,-1023
20001a3e:	4e01                	li	t3,0
20001a40:	0146d713          	srli	a4,a3,0x14
20001a44:	00c69793          	slli	a5,a3,0xc
20001a48:	7ff77713          	andi	a4,a4,2047
20001a4c:	83b1                	srli	a5,a5,0xc
20001a4e:	82fd                	srli	a3,a3,0x1f
20001a50:	cf45                	beqz	a4,20001b08 <__divdf3+0x102>
20001a52:	7ff00513          	li	a0,2047
20001a56:	10a70163          	beq	a4,a0,20001b58 <__divdf3+0x152>
20001a5a:	01d65513          	srli	a0,a2,0x1d
20001a5e:	078e                	slli	a5,a5,0x3
20001a60:	8fc9                	or	a5,a5,a0
20001a62:	29779793          	bseti	a5,a5,0x17
20001a66:	00361513          	slli	a0,a2,0x3
20001a6a:	c0170713          	addi	a4,a4,-1023
20001a6e:	4301                	li	t1,0
20001a70:	40e888b3          	sub	a7,a7,a4
20001a74:	002e1713          	slli	a4,t3,0x2
20001a78:	00676733          	or	a4,a4,t1
20001a7c:	177d                	addi	a4,a4,-1
20001a7e:	4eb9                	li	t4,14
20001a80:	00d5c633          	xor	a2,a1,a3
20001a84:	0eeee763          	bltu	t4,a4,20001b72 <__divdf3+0x16c>
20001a88:	20003eb7          	lui	t4,0x20003
20001a8c:	e84e8e93          	addi	t4,t4,-380 # 20002e84 <strlen+0x42>
20001a90:	21d74733          	sh2add	a4,a4,t4
20001a94:	4318                	lw	a4,0(a4)
20001a96:	8702                	jr	a4
20001a98:	00a7e833          	or	a6,a5,a0
20001a9c:	04080e63          	beqz	a6,20001af8 <__divdf3+0xf2>
20001aa0:	cb85                	beqz	a5,20001ad0 <__divdf3+0xca>
20001aa2:	60079713          	clz	a4,a5
20001aa6:	ff570893          	addi	a7,a4,-11
20001aaa:	4875                	li	a6,29
20001aac:	ff870313          	addi	t1,a4,-8
20001ab0:	41180833          	sub	a6,a6,a7
20001ab4:	006797b3          	sll	a5,a5,t1
20001ab8:	01055833          	srl	a6,a0,a6
20001abc:	00f86833          	or	a6,a6,a5
20001ac0:	006517b3          	sll	a5,a0,t1
20001ac4:	c0d00893          	li	a7,-1011
20001ac8:	40e888b3          	sub	a7,a7,a4
20001acc:	8f3e                	mv	t5,a5
20001ace:	bf85                	j	20001a3e <__divdf3+0x38>
20001ad0:	60051813          	clz	a6,a0
20001ad4:	01580893          	addi	a7,a6,21
20001ad8:	4371                	li	t1,28
20001ada:	02080713          	addi	a4,a6,32
20001ade:	fd1356e3          	bge	t1,a7,20001aaa <__divdf3+0xa4>
20001ae2:	1861                	addi	a6,a6,-8
20001ae4:	01051833          	sll	a6,a0,a6
20001ae8:	bff1                	j	20001ac4 <__divdf3+0xbe>
20001aea:	00a7e833          	or	a6,a5,a0
20001aee:	00081963          	bnez	a6,20001b00 <__divdf3+0xfa>
20001af2:	4f01                	li	t5,0
20001af4:	4e09                	li	t3,2
20001af6:	b7a9                	j	20001a40 <__divdf3+0x3a>
20001af8:	4f01                	li	t5,0
20001afa:	4881                	li	a7,0
20001afc:	4e05                	li	t3,1
20001afe:	b789                	j	20001a40 <__divdf3+0x3a>
20001b00:	8f2a                	mv	t5,a0
20001b02:	883e                	mv	a6,a5
20001b04:	4e0d                	li	t3,3
20001b06:	bf2d                	j	20001a40 <__divdf3+0x3a>
20001b08:	00c7e533          	or	a0,a5,a2
20001b0c:	cd21                	beqz	a0,20001b64 <__divdf3+0x15e>
20001b0e:	cb85                	beqz	a5,20001b3e <__divdf3+0x138>
20001b10:	60079513          	clz	a0,a5
20001b14:	ff550e93          	addi	t4,a0,-11
20001b18:	4375                	li	t1,29
20001b1a:	ff850713          	addi	a4,a0,-8
20001b1e:	41d30333          	sub	t1,t1,t4
20001b22:	00e797b3          	sll	a5,a5,a4
20001b26:	00665333          	srl	t1,a2,t1
20001b2a:	00f36333          	or	t1,t1,a5
20001b2e:	00e617b3          	sll	a5,a2,a4
20001b32:	c0d00713          	li	a4,-1011
20001b36:	8f09                	sub	a4,a4,a0
20001b38:	853e                	mv	a0,a5
20001b3a:	879a                	mv	a5,t1
20001b3c:	bf0d                	j	20001a6e <__divdf3+0x68>
20001b3e:	60061713          	clz	a4,a2
20001b42:	01570e93          	addi	t4,a4,21
20001b46:	4371                	li	t1,28
20001b48:	02070513          	addi	a0,a4,32
20001b4c:	fdd356e3          	bge	t1,t4,20001b18 <__divdf3+0x112>
20001b50:	1761                	addi	a4,a4,-8
20001b52:	00e61333          	sll	t1,a2,a4
20001b56:	bff1                	j	20001b32 <__divdf3+0x12c>
20001b58:	00c7e533          	or	a0,a5,a2
20001b5c:	e901                	bnez	a0,20001b6c <__divdf3+0x166>
20001b5e:	4781                	li	a5,0
20001b60:	4309                	li	t1,2
20001b62:	b739                	j	20001a70 <__divdf3+0x6a>
20001b64:	4781                	li	a5,0
20001b66:	4701                	li	a4,0
20001b68:	4305                	li	t1,1
20001b6a:	b719                	j	20001a70 <__divdf3+0x6a>
20001b6c:	8532                	mv	a0,a2
20001b6e:	430d                	li	t1,3
20001b70:	b701                	j	20001a70 <__divdf3+0x6a>
20001b72:	0107e663          	bltu	a5,a6,20001b7e <__divdf3+0x178>
20001b76:	24f81863          	bne	a6,a5,20001dc6 <__divdf3+0x3c0>
20001b7a:	24af6663          	bltu	t5,a0,20001dc6 <__divdf3+0x3c0>
20001b7e:	01f81593          	slli	a1,a6,0x1f
20001b82:	001f5713          	srli	a4,t5,0x1
20001b86:	01ff1693          	slli	a3,t5,0x1f
20001b8a:	00185813          	srli	a6,a6,0x1
20001b8e:	00e5ef33          	or	t5,a1,a4
20001b92:	00879e13          	slli	t3,a5,0x8
20001b96:	01855593          	srli	a1,a0,0x18
20001b9a:	01c5e5b3          	or	a1,a1,t3
20001b9e:	010e5e13          	srli	t3,t3,0x10
20001ba2:	00851313          	slli	t1,a0,0x8
20001ba6:	03c85533          	divu	a0,a6,t3
20001baa:	0805ceb3          	zext.h	t4,a1
20001bae:	010f5793          	srli	a5,t5,0x10
20001bb2:	03c87833          	remu	a6,a6,t3
20001bb6:	02ae8733          	mul	a4,t4,a0
20001bba:	0842                	slli	a6,a6,0x10
20001bbc:	0107e7b3          	or	a5,a5,a6
20001bc0:	00e7f863          	bgeu	a5,a4,20001bd0 <__divdf3+0x1ca>
20001bc4:	97ae                	add	a5,a5,a1
20001bc6:	00b7e463          	bltu	a5,a1,20001bce <__divdf3+0x1c8>
20001bca:	20e7e163          	bltu	a5,a4,20001dcc <__divdf3+0x3c6>
20001bce:	157d                	addi	a0,a0,-1
20001bd0:	8f99                	sub	a5,a5,a4
20001bd2:	03c7d833          	divu	a6,a5,t3
20001bd6:	03c7f733          	remu	a4,a5,t3
20001bda:	030e8fb3          	mul	t6,t4,a6
20001bde:	08ef4733          	pack	a4,t5,a4
20001be2:	01f77863          	bgeu	a4,t6,20001bf2 <__divdf3+0x1ec>
20001be6:	972e                	add	a4,a4,a1
20001be8:	01f77463          	bgeu	a4,t6,20001bf0 <__divdf3+0x1ea>
20001bec:	1eb77363          	bgeu	a4,a1,20001dd2 <__divdf3+0x3cc>
20001bf0:	187d                	addi	a6,a6,-1
20001bf2:	0542                	slli	a0,a0,0x10
20001bf4:	010562b3          	or	t0,a0,a6
20001bf8:	0102d793          	srli	a5,t0,0x10
20001bfc:	01035813          	srli	a6,t1,0x10
20001c00:	0802c533          	zext.h	a0,t0
20001c04:	08034f33          	zext.h	t5,t1
20001c08:	03e503b3          	mul	t2,a0,t5
20001c0c:	41f70733          	sub	a4,a4,t6
20001c10:	03e78433          	mul	s0,a5,t5
20001c14:	02a80533          	mul	a0,a6,a0
20001c18:	00850fb3          	add	t6,a0,s0
20001c1c:	0103d513          	srli	a0,t2,0x10
20001c20:	957e                	add	a0,a0,t6
20001c22:	030787b3          	mul	a5,a5,a6
20001c26:	00857463          	bgeu	a0,s0,20001c2e <__divdf3+0x228>
20001c2a:	6fc1                	lui	t6,0x10
20001c2c:	97fe                	add	a5,a5,t6
20001c2e:	01055f93          	srli	t6,a0,0x10
20001c32:	0803c3b3          	zext.h	t2,t2
20001c36:	0542                	slli	a0,a0,0x10
20001c38:	9fbe                	add	t6,t6,a5
20001c3a:	951e                	add	a0,a0,t2
20001c3c:	01f76663          	bltu	a4,t6,20001c48 <__divdf3+0x242>
20001c40:	19f71c63          	bne	a4,t6,20001dd8 <__divdf3+0x3d2>
20001c44:	18a6fa63          	bgeu	a3,a0,20001dd8 <__divdf3+0x3d2>
20001c48:	006683b3          	add	t2,a3,t1
20001c4c:	00d3b433          	sltu	s0,t2,a3
20001c50:	00b404b3          	add	s1,s0,a1
20001c54:	9726                	add	a4,a4,s1
20001c56:	fff28793          	addi	a5,t0,-1
20001c5a:	869e                	mv	a3,t2
20001c5c:	00e5e563          	bltu	a1,a4,20001c66 <__divdf3+0x260>
20001c60:	e00d                	bnez	s0,20001c82 <__divdf3+0x27c>
20001c62:	02e59063          	bne	a1,a4,20001c82 <__divdf3+0x27c>
20001c66:	01f76663          	bltu	a4,t6,20001c72 <__divdf3+0x26c>
20001c6a:	00ef9c63          	bne	t6,a4,20001c82 <__divdf3+0x27c>
20001c6e:	00a3fa63          	bgeu	t2,a0,20001c82 <__divdf3+0x27c>
20001c72:	007306b3          	add	a3,t1,t2
20001c76:	ffe28793          	addi	a5,t0,-2
20001c7a:	0066b2b3          	sltu	t0,a3,t1
20001c7e:	92ae                	add	t0,t0,a1
20001c80:	9716                	add	a4,a4,t0
20001c82:	40a682b3          	sub	t0,a3,a0
20001c86:	41f70733          	sub	a4,a4,t6
20001c8a:	0056b6b3          	sltu	a3,a3,t0
20001c8e:	8f15                	sub	a4,a4,a3
20001c90:	557d                	li	a0,-1
20001c92:	0ce58c63          	beq	a1,a4,20001d6a <__divdf3+0x364>
20001c96:	03c75533          	divu	a0,a4,t3
20001c9a:	03c77733          	remu	a4,a4,t3
20001c9e:	02ae8fb3          	mul	t6,t4,a0
20001ca2:	01071693          	slli	a3,a4,0x10
20001ca6:	0102d713          	srli	a4,t0,0x10
20001caa:	8f55                	or	a4,a4,a3
20001cac:	01f77863          	bgeu	a4,t6,20001cbc <__divdf3+0x2b6>
20001cb0:	972e                	add	a4,a4,a1
20001cb2:	00b76463          	bltu	a4,a1,20001cba <__divdf3+0x2b4>
20001cb6:	13f76363          	bltu	a4,t6,20001ddc <__divdf3+0x3d6>
20001cba:	157d                	addi	a0,a0,-1
20001cbc:	41f70733          	sub	a4,a4,t6
20001cc0:	03c75fb3          	divu	t6,a4,t3
20001cc4:	03c77733          	remu	a4,a4,t3
20001cc8:	03fe8eb3          	mul	t4,t4,t6
20001ccc:	08e2c733          	pack	a4,t0,a4
20001cd0:	01d77863          	bgeu	a4,t4,20001ce0 <__divdf3+0x2da>
20001cd4:	972e                	add	a4,a4,a1
20001cd6:	01d77463          	bgeu	a4,t4,20001cde <__divdf3+0x2d8>
20001cda:	10b77463          	bgeu	a4,a1,20001de2 <__divdf3+0x3dc>
20001cde:	1ffd                	addi	t6,t6,-1 # ffff <XIP_RAM_LENGTH+0xbfff>
20001ce0:	01051693          	slli	a3,a0,0x10
20001ce4:	01f6e6b3          	or	a3,a3,t6
20001ce8:	0806c533          	zext.h	a0,a3
20001cec:	41d70733          	sub	a4,a4,t4
20001cf0:	0106de93          	srli	t4,a3,0x10
20001cf4:	02af0fb3          	mul	t6,t5,a0
20001cf8:	03ee8f33          	mul	t5,t4,t5
20001cfc:	03d80eb3          	mul	t4,a6,t4
20001d00:	02a80833          	mul	a6,a6,a0
20001d04:	01e80533          	add	a0,a6,t5
20001d08:	010fd813          	srli	a6,t6,0x10
20001d0c:	982a                	add	a6,a6,a0
20001d0e:	01e87463          	bgeu	a6,t5,20001d16 <__divdf3+0x310>
20001d12:	6541                	lui	a0,0x10
20001d14:	9eaa                	add	t4,t4,a0
20001d16:	01085e13          	srli	t3,a6,0x10
20001d1a:	080fcfb3          	zext.h	t6,t6
20001d1e:	0842                	slli	a6,a6,0x10
20001d20:	9e76                	add	t3,t3,t4
20001d22:	987e                	add	a6,a6,t6
20001d24:	01c76663          	bltu	a4,t3,20001d30 <__divdf3+0x32a>
20001d28:	03c71f63          	bne	a4,t3,20001d66 <__divdf3+0x360>
20001d2c:	0a080e63          	beqz	a6,20001de8 <__divdf3+0x3e2>
20001d30:	00e58eb3          	add	t4,a1,a4
20001d34:	fff68513          	addi	a0,a3,-1
20001d38:	8776                	mv	a4,t4
20001d3a:	02bee163          	bltu	t4,a1,20001d5c <__divdf3+0x356>
20001d3e:	01cee663          	bltu	t4,t3,20001d4a <__divdf3+0x344>
20001d42:	03ce9163          	bne	t4,t3,20001d64 <__divdf3+0x35e>
20001d46:	01037b63          	bgeu	t1,a6,20001d5c <__divdf3+0x356>
20001d4a:	ffe68513          	addi	a0,a3,-2
20001d4e:	00131693          	slli	a3,t1,0x1
20001d52:	0066b733          	sltu	a4,a3,t1
20001d56:	972e                	add	a4,a4,a1
20001d58:	9776                	add	a4,a4,t4
20001d5a:	8336                	mv	t1,a3
20001d5c:	01031463          	bne	t1,a6,20001d64 <__divdf3+0x35e>
20001d60:	01c70563          	beq	a4,t3,20001d6a <__divdf3+0x364>
20001d64:	86aa                	mv	a3,a0
20001d66:	0016e513          	ori	a0,a3,1
20001d6a:	3ff88713          	addi	a4,a7,1023
20001d6e:	0ae05263          	blez	a4,20001e12 <__divdf3+0x40c>
20001d72:	00757693          	andi	a3,a0,7
20001d76:	ce81                	beqz	a3,20001d8e <__divdf3+0x388>
20001d78:	00f57693          	andi	a3,a0,15
20001d7c:	4591                	li	a1,4
20001d7e:	00b68863          	beq	a3,a1,20001d8e <__divdf3+0x388>
20001d82:	00b506b3          	add	a3,a0,a1
20001d86:	00a6b5b3          	sltu	a1,a3,a0
20001d8a:	97ae                	add	a5,a5,a1
20001d8c:	8536                	mv	a0,a3
20001d8e:	00779693          	slli	a3,a5,0x7
20001d92:	0006d663          	bgez	a3,20001d9e <__divdf3+0x398>
20001d96:	49879793          	bclri	a5,a5,0x18
20001d9a:	40088713          	addi	a4,a7,1024
20001d9e:	7fe00693          	li	a3,2046
20001da2:	10e6c663          	blt	a3,a4,20001eae <__divdf3+0x4a8>
20001da6:	01d79693          	slli	a3,a5,0x1d
20001daa:	810d                	srli	a0,a0,0x3
20001dac:	8d55                	or	a0,a0,a3
20001dae:	838d                	srli	a5,a5,0x3
20001db0:	4432                	lw	s0,12(sp)
20001db2:	07b2                	slli	a5,a5,0xc
20001db4:	0752                	slli	a4,a4,0x14
20001db6:	83b1                	srli	a5,a5,0xc
20001db8:	8f5d                	or	a4,a4,a5
20001dba:	067e                	slli	a2,a2,0x1f
20001dbc:	44a2                	lw	s1,8(sp)
20001dbe:	00c765b3          	or	a1,a4,a2
20001dc2:	0141                	addi	sp,sp,16
20001dc4:	8082                	ret
20001dc6:	18fd                	addi	a7,a7,-1
20001dc8:	4681                	li	a3,0
20001dca:	b3e1                	j	20001b92 <__divdf3+0x18c>
20001dcc:	1579                	addi	a0,a0,-2 # fffe <XIP_RAM_LENGTH+0xbffe>
20001dce:	97ae                	add	a5,a5,a1
20001dd0:	b501                	j	20001bd0 <__divdf3+0x1ca>
20001dd2:	1879                	addi	a6,a6,-2
20001dd4:	972e                	add	a4,a4,a1
20001dd6:	bd31                	j	20001bf2 <__divdf3+0x1ec>
20001dd8:	8796                	mv	a5,t0
20001dda:	b565                	j	20001c82 <__divdf3+0x27c>
20001ddc:	1579                	addi	a0,a0,-2
20001dde:	972e                	add	a4,a4,a1
20001de0:	bdf1                	j	20001cbc <__divdf3+0x2b6>
20001de2:	1ff9                	addi	t6,t6,-2
20001de4:	972e                	add	a4,a4,a1
20001de6:	bded                	j	20001ce0 <__divdf3+0x2da>
20001de8:	4301                	li	t1,0
20001dea:	8536                	mv	a0,a3
20001dec:	bf85                	j	20001d5c <__divdf3+0x356>
20001dee:	8636                	mv	a2,a3
20001df0:	8e1a                	mv	t3,t1
20001df2:	4709                	li	a4,2
20001df4:	0aee0d63          	beq	t3,a4,20001eae <__divdf3+0x4a8>
20001df8:	470d                	li	a4,3
20001dfa:	0aee0363          	beq	t3,a4,20001ea0 <__divdf3+0x49a>
20001dfe:	4705                	li	a4,1
20001e00:	f6ee15e3          	bne	t3,a4,20001d6a <__divdf3+0x364>
20001e04:	4781                	li	a5,0
20001e06:	4501                	li	a0,0
20001e08:	a0ad                	j	20001e72 <__divdf3+0x46c>
20001e0a:	862e                	mv	a2,a1
20001e0c:	87c2                	mv	a5,a6
20001e0e:	857a                	mv	a0,t5
20001e10:	b7cd                	j	20001df2 <__divdf3+0x3ec>
20001e12:	c335                	beqz	a4,20001e76 <__divdf3+0x470>
20001e14:	fc900693          	li	a3,-55
20001e18:	fed746e3          	blt	a4,a3,20001e04 <__divdf3+0x3fe>
20001e1c:	5689                	li	a3,-30
20001e1e:	04d74e63          	blt	a4,a3,20001e7a <__divdf3+0x474>
20001e22:	4685                	li	a3,1
20001e24:	8e99                	sub	a3,a3,a4
20001e26:	41e88893          	addi	a7,a7,1054
20001e2a:	00d55733          	srl	a4,a0,a3
20001e2e:	01151533          	sll	a0,a0,a7
20001e32:	00a03533          	snez	a0,a0
20001e36:	011798b3          	sll	a7,a5,a7
20001e3a:	01156533          	or	a0,a0,a7
20001e3e:	8f49                	or	a4,a4,a0
20001e40:	00d7d7b3          	srl	a5,a5,a3
20001e44:	00777693          	andi	a3,a4,7
20001e48:	ce81                	beqz	a3,20001e60 <__divdf3+0x45a>
20001e4a:	00f77693          	andi	a3,a4,15
20001e4e:	4591                	li	a1,4
20001e50:	00b68863          	beq	a3,a1,20001e60 <__divdf3+0x45a>
20001e54:	00b706b3          	add	a3,a4,a1
20001e58:	00e6b5b3          	sltu	a1,a3,a4
20001e5c:	97ae                	add	a5,a5,a1
20001e5e:	8736                	mv	a4,a3
20001e60:	00879693          	slli	a3,a5,0x8
20001e64:	0406ca63          	bltz	a3,20001eb8 <__divdf3+0x4b2>
20001e68:	01d79513          	slli	a0,a5,0x1d
20001e6c:	830d                	srli	a4,a4,0x3
20001e6e:	8d59                	or	a0,a0,a4
20001e70:	838d                	srli	a5,a5,0x3
20001e72:	4701                	li	a4,0
20001e74:	bf35                	j	20001db0 <__divdf3+0x3aa>
20001e76:	4685                	li	a3,1
20001e78:	b77d                	j	20001e26 <__divdf3+0x420>
20001e7a:	5805                	li	a6,-31
20001e7c:	40e806b3          	sub	a3,a6,a4
20001e80:	00d7d6b3          	srl	a3,a5,a3
20001e84:	4581                	li	a1,0
20001e86:	01070663          	beq	a4,a6,20001e92 <__divdf3+0x48c>
20001e8a:	43e88893          	addi	a7,a7,1086
20001e8e:	011795b3          	sll	a1,a5,a7
20001e92:	8dc9                	or	a1,a1,a0
20001e94:	00b035b3          	snez	a1,a1
20001e98:	00b6e733          	or	a4,a3,a1
20001e9c:	4781                	li	a5,0
20001e9e:	b75d                	j	20001e44 <__divdf3+0x43e>
20001ea0:	000807b7          	lui	a5,0x80
20001ea4:	4501                	li	a0,0
20001ea6:	7ff00713          	li	a4,2047
20001eaa:	4601                	li	a2,0
20001eac:	b711                	j	20001db0 <__divdf3+0x3aa>
20001eae:	4781                	li	a5,0
20001eb0:	4501                	li	a0,0
20001eb2:	7ff00713          	li	a4,2047
20001eb6:	bded                	j	20001db0 <__divdf3+0x3aa>
20001eb8:	4781                	li	a5,0
20001eba:	4501                	li	a0,0
20001ebc:	4705                	li	a4,1
20001ebe:	bdcd                	j	20001db0 <__divdf3+0x3aa>

20001ec0 <__gedf2>:
20001ec0:	0145d893          	srli	a7,a1,0x14
20001ec4:	00100737          	lui	a4,0x100
20001ec8:	177d                	addi	a4,a4,-1 # fffff <RAM_LENGTH+0x7ffff>
20001eca:	0146d813          	srli	a6,a3,0x14
20001ece:	7ff8f893          	andi	a7,a7,2047
20001ed2:	7ff00793          	li	a5,2047
20001ed6:	00b77333          	and	t1,a4,a1
20001eda:	7ff87813          	andi	a6,a6,2047
20001ede:	8f75                	and	a4,a4,a3
20001ee0:	81fd                	srli	a1,a1,0x1f
20001ee2:	82fd                	srli	a3,a3,0x1f
20001ee4:	00f88d63          	beq	a7,a5,20001efe <__gedf2+0x3e>
20001ee8:	7ff00e13          	li	t3,2047
20001eec:	87c2                	mv	a5,a6
20001eee:	01c81f63          	bne	a6,t3,20001f0c <__gedf2+0x4c>
20001ef2:	00c76e33          	or	t3,a4,a2
20001ef6:	000e0b63          	beqz	t3,20001f0c <__gedf2+0x4c>
20001efa:	57f9                	li	a5,-2
20001efc:	a031                	j	20001f08 <__gedf2+0x48>
20001efe:	00a36e33          	or	t3,t1,a0
20001f02:	57f9                	li	a5,-2
20001f04:	fe0e02e3          	beqz	t3,20001ee8 <__gedf2+0x28>
20001f08:	853e                	mv	a0,a5
20001f0a:	8082                	ret
20001f0c:	4e01                	li	t3,0
20001f0e:	00089663          	bnez	a7,20001f1a <__gedf2+0x5a>
20001f12:	00a36e33          	or	t3,t1,a0
20001f16:	001e3e13          	seqz	t3,t3
20001f1a:	04081363          	bnez	a6,20001f60 <__gedf2+0xa0>
20001f1e:	00c76eb3          	or	t4,a4,a2
20001f22:	000e0863          	beqz	t3,20001f32 <__gedf2+0x72>
20001f26:	fe0e81e3          	beqz	t4,20001f08 <__gedf2+0x48>
20001f2a:	00169793          	slli	a5,a3,0x1
20001f2e:	17fd                	addi	a5,a5,-1 # 7ffff <XIP_RAM_LENGTH+0x7bfff>
20001f30:	bfe1                	j	20001f08 <__gedf2+0x48>
20001f32:	020e9963          	bnez	t4,20001f64 <__gedf2+0xa4>
20001f36:	40b005b3          	neg	a1,a1
20001f3a:	0015e793          	ori	a5,a1,1
20001f3e:	b7e9                	j	20001f08 <__gedf2+0x48>
20001f40:	ff08c5e3          	blt	a7,a6,20001f2a <__gedf2+0x6a>
20001f44:	fe6769e3          	bltu	a4,t1,20001f36 <__gedf2+0x76>
20001f48:	00a67463          	bgeu	a2,a0,20001f50 <__gedf2+0x90>
20001f4c:	fee305e3          	beq	t1,a4,20001f36 <__gedf2+0x76>
20001f50:	00c56563          	bltu	a0,a2,20001f5a <__gedf2+0x9a>
20001f54:	4781                	li	a5,0
20001f56:	fae379e3          	bgeu	t1,a4,20001f08 <__gedf2+0x48>
20001f5a:	00159793          	slli	a5,a1,0x1
20001f5e:	bfc1                	j	20001f2e <__gedf2+0x6e>
20001f60:	fc0e15e3          	bnez	t3,20001f2a <__gedf2+0x6a>
20001f64:	fcb699e3          	bne	a3,a1,20001f36 <__gedf2+0x76>
20001f68:	fd185ce3          	bge	a6,a7,20001f40 <__gedf2+0x80>
20001f6c:	40d006b3          	neg	a3,a3
20001f70:	0016e793          	ori	a5,a3,1
20001f74:	bf51                	j	20001f08 <__gedf2+0x48>

20001f76 <__ledf2>:
20001f76:	0145d893          	srli	a7,a1,0x14
20001f7a:	00100737          	lui	a4,0x100
20001f7e:	177d                	addi	a4,a4,-1 # fffff <RAM_LENGTH+0x7ffff>
20001f80:	0146d813          	srli	a6,a3,0x14
20001f84:	7ff8f893          	andi	a7,a7,2047
20001f88:	7ff00793          	li	a5,2047
20001f8c:	00b77333          	and	t1,a4,a1
20001f90:	7ff87813          	andi	a6,a6,2047
20001f94:	8f75                	and	a4,a4,a3
20001f96:	81fd                	srli	a1,a1,0x1f
20001f98:	82fd                	srli	a3,a3,0x1f
20001f9a:	00f88d63          	beq	a7,a5,20001fb4 <__ledf2+0x3e>
20001f9e:	7ff00e13          	li	t3,2047
20001fa2:	87c2                	mv	a5,a6
20001fa4:	01c81f63          	bne	a6,t3,20001fc2 <__ledf2+0x4c>
20001fa8:	00c76e33          	or	t3,a4,a2
20001fac:	000e0b63          	beqz	t3,20001fc2 <__ledf2+0x4c>
20001fb0:	4789                	li	a5,2
20001fb2:	a031                	j	20001fbe <__ledf2+0x48>
20001fb4:	00a36e33          	or	t3,t1,a0
20001fb8:	4789                	li	a5,2
20001fba:	fe0e02e3          	beqz	t3,20001f9e <__ledf2+0x28>
20001fbe:	853e                	mv	a0,a5
20001fc0:	8082                	ret
20001fc2:	4e01                	li	t3,0
20001fc4:	00089663          	bnez	a7,20001fd0 <__ledf2+0x5a>
20001fc8:	00a36e33          	or	t3,t1,a0
20001fcc:	001e3e13          	seqz	t3,t3
20001fd0:	04081363          	bnez	a6,20002016 <__ledf2+0xa0>
20001fd4:	00c76eb3          	or	t4,a4,a2
20001fd8:	000e0863          	beqz	t3,20001fe8 <__ledf2+0x72>
20001fdc:	fe0e81e3          	beqz	t4,20001fbe <__ledf2+0x48>
20001fe0:	00169793          	slli	a5,a3,0x1
20001fe4:	17fd                	addi	a5,a5,-1
20001fe6:	bfe1                	j	20001fbe <__ledf2+0x48>
20001fe8:	020e9963          	bnez	t4,2000201a <__ledf2+0xa4>
20001fec:	40b005b3          	neg	a1,a1
20001ff0:	0015e793          	ori	a5,a1,1
20001ff4:	b7e9                	j	20001fbe <__ledf2+0x48>
20001ff6:	ff08c5e3          	blt	a7,a6,20001fe0 <__ledf2+0x6a>
20001ffa:	fe6769e3          	bltu	a4,t1,20001fec <__ledf2+0x76>
20001ffe:	00a67463          	bgeu	a2,a0,20002006 <__ledf2+0x90>
20002002:	fee305e3          	beq	t1,a4,20001fec <__ledf2+0x76>
20002006:	00c56563          	bltu	a0,a2,20002010 <__ledf2+0x9a>
2000200a:	4781                	li	a5,0
2000200c:	fae379e3          	bgeu	t1,a4,20001fbe <__ledf2+0x48>
20002010:	00159793          	slli	a5,a1,0x1
20002014:	bfc1                	j	20001fe4 <__ledf2+0x6e>
20002016:	fc0e15e3          	bnez	t3,20001fe0 <__ledf2+0x6a>
2000201a:	fcb699e3          	bne	a3,a1,20001fec <__ledf2+0x76>
2000201e:	fd185ce3          	bge	a6,a7,20001ff6 <__ledf2+0x80>
20002022:	40d006b3          	neg	a3,a3
20002026:	0016e793          	ori	a5,a3,1
2000202a:	bf51                	j	20001fbe <__ledf2+0x48>

2000202c <__muldf3>:
2000202c:	1141                	addi	sp,sp,-16
2000202e:	0145d793          	srli	a5,a1,0x14
20002032:	00c59813          	slli	a6,a1,0xc
20002036:	c622                	sw	s0,12(sp)
20002038:	c426                	sw	s1,8(sp)
2000203a:	c24a                	sw	s2,4(sp)
2000203c:	7ff7f793          	andi	a5,a5,2047
20002040:	00c85813          	srli	a6,a6,0xc
20002044:	81fd                	srli	a1,a1,0x1f
20002046:	cbc9                	beqz	a5,200020d8 <__muldf3+0xac>
20002048:	7ff00713          	li	a4,2047
2000204c:	0ee78163          	beq	a5,a4,2000212e <__muldf3+0x102>
20002050:	01d55713          	srli	a4,a0,0x1d
20002054:	080e                	slli	a6,a6,0x3
20002056:	01076833          	or	a6,a4,a6
2000205a:	29781813          	bseti	a6,a6,0x17
2000205e:	00351e93          	slli	t4,a0,0x3
20002062:	c0178313          	addi	t1,a5,-1023
20002066:	4f01                	li	t5,0
20002068:	0146d513          	srli	a0,a3,0x14
2000206c:	00c69793          	slli	a5,a3,0xc
20002070:	7ff57513          	andi	a0,a0,2047
20002074:	83b1                	srli	a5,a5,0xc
20002076:	82fd                	srli	a3,a3,0x1f
20002078:	c979                	beqz	a0,2000214e <__muldf3+0x122>
2000207a:	7ff00713          	li	a4,2047
2000207e:	12e50163          	beq	a0,a4,200021a0 <__muldf3+0x174>
20002082:	01d65713          	srli	a4,a2,0x1d
20002086:	078e                	slli	a5,a5,0x3
20002088:	8fd9                	or	a5,a5,a4
2000208a:	29779793          	bseti	a5,a5,0x17
2000208e:	00361713          	slli	a4,a2,0x3
20002092:	c0150513          	addi	a0,a0,-1023
20002096:	4e01                	li	t3,0
20002098:	00a30633          	add	a2,t1,a0
2000209c:	002f1513          	slli	a0,t5,0x2
200020a0:	01c56533          	or	a0,a0,t3
200020a4:	48a9                	li	a7,10
200020a6:	00160313          	addi	t1,a2,1
200020aa:	12a8c763          	blt	a7,a0,200021d8 <__muldf3+0x1ac>
200020ae:	4889                	li	a7,2
200020b0:	8db5                	xor	a1,a1,a3
200020b2:	10a8c463          	blt	a7,a0,200021ba <__muldf3+0x18e>
200020b6:	157d                	addi	a0,a0,-1
200020b8:	4685                	li	a3,1
200020ba:	12a6e863          	bltu	a3,a0,200021ea <__muldf3+0x1be>
200020be:	8f72                	mv	t5,t3
200020c0:	4689                	li	a3,2
200020c2:	36df0c63          	beq	t5,a3,2000243a <__muldf3+0x40e>
200020c6:	468d                	li	a3,3
200020c8:	36df0563          	beq	t5,a3,20002432 <__muldf3+0x406>
200020cc:	4685                	li	a3,1
200020ce:	26df1063          	bne	t5,a3,2000232e <__muldf3+0x302>
200020d2:	4781                	li	a5,0
200020d4:	4881                	li	a7,0
200020d6:	a615                	j	200023fa <__muldf3+0x3ce>
200020d8:	00a86eb3          	or	t4,a6,a0
200020dc:	060e8163          	beqz	t4,2000213e <__muldf3+0x112>
200020e0:	02080a63          	beqz	a6,20002114 <__muldf3+0xe8>
200020e4:	60081713          	clz	a4,a6
200020e8:	ff570893          	addi	a7,a4,-11
200020ec:	47f5                	li	a5,29
200020ee:	ff870313          	addi	t1,a4,-8
200020f2:	411787b3          	sub	a5,a5,a7
200020f6:	00681833          	sll	a6,a6,t1
200020fa:	00f557b3          	srl	a5,a0,a5
200020fe:	0107e7b3          	or	a5,a5,a6
20002102:	00651833          	sll	a6,a0,t1
20002106:	c0d00313          	li	t1,-1011
2000210a:	8ec2                	mv	t4,a6
2000210c:	40e30333          	sub	t1,t1,a4
20002110:	883e                	mv	a6,a5
20002112:	bf91                	j	20002066 <__muldf3+0x3a>
20002114:	60051793          	clz	a5,a0
20002118:	01578893          	addi	a7,a5,21
2000211c:	4371                	li	t1,28
2000211e:	02078713          	addi	a4,a5,32
20002122:	fd1355e3          	bge	t1,a7,200020ec <__muldf3+0xc0>
20002126:	17e1                	addi	a5,a5,-8
20002128:	00f517b3          	sll	a5,a0,a5
2000212c:	bfe9                	j	20002106 <__muldf3+0xda>
2000212e:	00a86eb3          	or	t4,a6,a0
20002132:	000e9a63          	bnez	t4,20002146 <__muldf3+0x11a>
20002136:	4801                	li	a6,0
20002138:	833e                	mv	t1,a5
2000213a:	4f09                	li	t5,2
2000213c:	b735                	j	20002068 <__muldf3+0x3c>
2000213e:	4801                	li	a6,0
20002140:	4301                	li	t1,0
20002142:	4f05                	li	t5,1
20002144:	b715                	j	20002068 <__muldf3+0x3c>
20002146:	8eaa                	mv	t4,a0
20002148:	833e                	mv	t1,a5
2000214a:	4f0d                	li	t5,3
2000214c:	bf31                	j	20002068 <__muldf3+0x3c>
2000214e:	00c7e733          	or	a4,a5,a2
20002152:	cf29                	beqz	a4,200021ac <__muldf3+0x180>
20002154:	cb8d                	beqz	a5,20002186 <__muldf3+0x15a>
20002156:	60079e13          	clz	t3,a5
2000215a:	ff5e0513          	addi	a0,t3,-11 # fffff5 <RAM_LENGTH+0xf7fff5>
2000215e:	48f5                	li	a7,29
20002160:	ff8e0713          	addi	a4,t3,-8
20002164:	40a888b3          	sub	a7,a7,a0
20002168:	00e797b3          	sll	a5,a5,a4
2000216c:	011658b3          	srl	a7,a2,a7
20002170:	00f8e8b3          	or	a7,a7,a5
20002174:	00e617b3          	sll	a5,a2,a4
20002178:	c0d00513          	li	a0,-1011
2000217c:	873e                	mv	a4,a5
2000217e:	41c50533          	sub	a0,a0,t3
20002182:	87c6                	mv	a5,a7
20002184:	bf09                	j	20002096 <__muldf3+0x6a>
20002186:	60061713          	clz	a4,a2
2000218a:	01570513          	addi	a0,a4,21
2000218e:	48f1                	li	a7,28
20002190:	02070e13          	addi	t3,a4,32
20002194:	fca8d5e3          	bge	a7,a0,2000215e <__muldf3+0x132>
20002198:	1761                	addi	a4,a4,-8
2000219a:	00e618b3          	sll	a7,a2,a4
2000219e:	bfe9                	j	20002178 <__muldf3+0x14c>
200021a0:	00c7e733          	or	a4,a5,a2
200021a4:	eb01                	bnez	a4,200021b4 <__muldf3+0x188>
200021a6:	4781                	li	a5,0
200021a8:	4e09                	li	t3,2
200021aa:	b5fd                	j	20002098 <__muldf3+0x6c>
200021ac:	4781                	li	a5,0
200021ae:	4501                	li	a0,0
200021b0:	4e05                	li	t3,1
200021b2:	b5dd                	j	20002098 <__muldf3+0x6c>
200021b4:	8732                	mv	a4,a2
200021b6:	4e0d                	li	t3,3
200021b8:	b5c5                	j	20002098 <__muldf3+0x6c>
200021ba:	28a01533          	bset	a0,zero,a0
200021be:	53057893          	andi	a7,a0,1328
200021c2:	02089163          	bnez	a7,200021e4 <__muldf3+0x1b8>
200021c6:	24057f13          	andi	t5,a0,576
200021ca:	240f1e63          	bnez	t5,20002426 <__muldf3+0x3fa>
200021ce:	08857513          	andi	a0,a0,136
200021d2:	cd01                	beqz	a0,200021ea <__muldf3+0x1be>
200021d4:	85b6                	mv	a1,a3
200021d6:	b5e5                	j	200020be <__muldf3+0x92>
200021d8:	463d                	li	a2,15
200021da:	24c50c63          	beq	a0,a2,20002432 <__muldf3+0x406>
200021de:	462d                	li	a2,11
200021e0:	fec50ae3          	beq	a0,a2,200021d4 <__muldf3+0x1a8>
200021e4:	87c2                	mv	a5,a6
200021e6:	8776                	mv	a4,t4
200021e8:	bde1                	j	200020c0 <__muldf3+0x94>
200021ea:	010ede13          	srli	t3,t4,0x10
200021ee:	01075693          	srli	a3,a4,0x10
200021f2:	080eceb3          	zext.h	t4,t4
200021f6:	080743b3          	zext.h	t2,a4
200021fa:	027e8733          	mul	a4,t4,t2
200021fe:	027e0fb3          	mul	t6,t3,t2
20002202:	01075893          	srli	a7,a4,0x10
20002206:	03d68f33          	mul	t5,a3,t4
2000220a:	9f7e                	add	t5,t5,t6
2000220c:	98fa                	add	a7,a7,t5
2000220e:	02de0533          	mul	a0,t3,a3
20002212:	01f8f463          	bgeu	a7,t6,2000221a <__muldf3+0x1ee>
20002216:	6f41                	lui	t5,0x10
20002218:	957a                	add	a0,a0,t5
2000221a:	08074733          	zext.h	a4,a4
2000221e:	0108d413          	srli	s0,a7,0x10
20002222:	08c2                	slli	a7,a7,0x10
20002224:	0807cfb3          	zext.h	t6,a5
20002228:	98ba                	add	a7,a7,a4
2000222a:	0107d713          	srli	a4,a5,0x10
2000222e:	03fe82b3          	mul	t0,t4,t6
20002232:	03fe07b3          	mul	a5,t3,t6
20002236:	0102df13          	srli	t5,t0,0x10
2000223a:	03d70eb3          	mul	t4,a4,t4
2000223e:	9ebe                	add	t4,t4,a5
20002240:	9f76                	add	t5,t5,t4
20002242:	02ee0e33          	mul	t3,t3,a4
20002246:	00ff7463          	bgeu	t5,a5,2000224e <__muldf3+0x222>
2000224a:	67c1                	lui	a5,0x10
2000224c:	9e3e                	add	t3,t3,a5
2000224e:	080844b3          	zext.h	s1,a6
20002252:	010f5e93          	srli	t4,t5,0x10
20002256:	010f1793          	slli	a5,t5,0x10
2000225a:	01085f13          	srli	t5,a6,0x10
2000225e:	0802c2b3          	zext.h	t0,t0
20002262:	9796                	add	a5,a5,t0
20002264:	02748933          	mul	s2,s1,t2
20002268:	9ef2                	add	t4,t4,t3
2000226a:	943e                	add	s0,s0,a5
2000226c:	027f03b3          	mul	t2,t5,t2
20002270:	01095293          	srli	t0,s2,0x10
20002274:	03e68833          	mul	a6,a3,t5
20002278:	029686b3          	mul	a3,a3,s1
2000227c:	969e                	add	a3,a3,t2
2000227e:	9696                	add	a3,a3,t0
20002280:	0076f463          	bgeu	a3,t2,20002288 <__muldf3+0x25c>
20002284:	6e41                	lui	t3,0x10
20002286:	9872                	add	a6,a6,t3
20002288:	03f482b3          	mul	t0,s1,t6
2000228c:	0106de13          	srli	t3,a3,0x10
20002290:	9e42                	add	t3,t3,a6
20002292:	01069813          	slli	a6,a3,0x10
20002296:	08094933          	zext.h	s2,s2
2000229a:	984a                	add	a6,a6,s2
2000229c:	03ff0fb3          	mul	t6,t5,t6
200022a0:	0102d693          	srli	a3,t0,0x10
200022a4:	03e70f33          	mul	t5,a4,t5
200022a8:	02970733          	mul	a4,a4,s1
200022ac:	977e                	add	a4,a4,t6
200022ae:	96ba                	add	a3,a3,a4
200022b0:	01f6f463          	bgeu	a3,t6,200022b8 <__muldf3+0x28c>
200022b4:	6741                	lui	a4,0x10
200022b6:	9f3a                	add	t5,t5,a4
200022b8:	01069713          	slli	a4,a3,0x10
200022bc:	0802c2b3          	zext.h	t0,t0
200022c0:	9522                	add	a0,a0,s0
200022c2:	9716                	add	a4,a4,t0
200022c4:	9eba                	add	t4,t4,a4
200022c6:	00f537b3          	sltu	a5,a0,a5
200022ca:	97f6                	add	a5,a5,t4
200022cc:	982a                	add	a6,a6,a0
200022ce:	9e3e                	add	t3,t3,a5
200022d0:	00eeb733          	sltu	a4,t4,a4
200022d4:	00a83533          	sltu	a0,a6,a0
200022d8:	01d7beb3          	sltu	t4,a5,t4
200022dc:	9572                	add	a0,a0,t3
200022de:	82c1                	srli	a3,a3,0x10
200022e0:	01d76733          	or	a4,a4,t4
200022e4:	9736                	add	a4,a4,a3
200022e6:	00fe36b3          	sltu	a3,t3,a5
200022ea:	01c53e33          	sltu	t3,a0,t3
200022ee:	01c6e6b3          	or	a3,a3,t3
200022f2:	96ba                	add	a3,a3,a4
200022f4:	00981713          	slli	a4,a6,0x9
200022f8:	01176733          	or	a4,a4,a7
200022fc:	96fa                	add	a3,a3,t5
200022fe:	00e03733          	snez	a4,a4
20002302:	01785813          	srli	a6,a6,0x17
20002306:	06a6                	slli	a3,a3,0x9
20002308:	01755793          	srli	a5,a0,0x17
2000230c:	01076733          	or	a4,a4,a6
20002310:	0526                	slli	a0,a0,0x9
20002312:	8f49                	or	a4,a4,a0
20002314:	00769513          	slli	a0,a3,0x7
20002318:	8fd5                	or	a5,a5,a3
2000231a:	06055c63          	bgez	a0,20002392 <__muldf3+0x366>
2000231e:	00175693          	srli	a3,a4,0x1
20002322:	8b05                	andi	a4,a4,1
20002324:	8ed9                	or	a3,a3,a4
20002326:	01f79713          	slli	a4,a5,0x1f
2000232a:	8f55                	or	a4,a4,a3
2000232c:	8385                	srli	a5,a5,0x1
2000232e:	3ff30693          	addi	a3,t1,1023 # 10003ff <RAM_LENGTH+0xf803ff>
20002332:	06d05263          	blez	a3,20002396 <__muldf3+0x36a>
20002336:	00777613          	andi	a2,a4,7
2000233a:	ce01                	beqz	a2,20002352 <__muldf3+0x326>
2000233c:	00f77613          	andi	a2,a4,15
20002340:	4511                	li	a0,4
20002342:	00a60863          	beq	a2,a0,20002352 <__muldf3+0x326>
20002346:	00a70633          	add	a2,a4,a0
2000234a:	00e63533          	sltu	a0,a2,a4
2000234e:	97aa                	add	a5,a5,a0
20002350:	8732                	mv	a4,a2
20002352:	00779613          	slli	a2,a5,0x7
20002356:	00065663          	bgez	a2,20002362 <__muldf3+0x336>
2000235a:	49879793          	bclri	a5,a5,0x18
2000235e:	40030693          	addi	a3,t1,1024
20002362:	7fe00613          	li	a2,2046
20002366:	0cd64a63          	blt	a2,a3,2000243a <__muldf3+0x40e>
2000236a:	01d79893          	slli	a7,a5,0x1d
2000236e:	830d                	srli	a4,a4,0x3
20002370:	00e8e8b3          	or	a7,a7,a4
20002374:	838d                	srli	a5,a5,0x3
20002376:	07b2                	slli	a5,a5,0xc
20002378:	4432                	lw	s0,12(sp)
2000237a:	83b1                	srli	a5,a5,0xc
2000237c:	06d2                	slli	a3,a3,0x14
2000237e:	05fe                	slli	a1,a1,0x1f
20002380:	8edd                	or	a3,a3,a5
20002382:	00b6e7b3          	or	a5,a3,a1
20002386:	44a2                	lw	s1,8(sp)
20002388:	4912                	lw	s2,4(sp)
2000238a:	8546                	mv	a0,a7
2000238c:	85be                	mv	a1,a5
2000238e:	0141                	addi	sp,sp,16
20002390:	8082                	ret
20002392:	8332                	mv	t1,a2
20002394:	bf69                	j	2000232e <__muldf3+0x302>
20002396:	c6a5                	beqz	a3,200023fe <__muldf3+0x3d2>
20002398:	fc900613          	li	a2,-55
2000239c:	d2c6cbe3          	blt	a3,a2,200020d2 <__muldf3+0xa6>
200023a0:	5609                	li	a2,-30
200023a2:	06c6c063          	blt	a3,a2,20002402 <__muldf3+0x3d6>
200023a6:	4605                	li	a2,1
200023a8:	40d606b3          	sub	a3,a2,a3
200023ac:	41e30313          	addi	t1,t1,1054
200023b0:	00d75633          	srl	a2,a4,a3
200023b4:	00671733          	sll	a4,a4,t1
200023b8:	00e03733          	snez	a4,a4
200023bc:	00679333          	sll	t1,a5,t1
200023c0:	00676733          	or	a4,a4,t1
200023c4:	8f51                	or	a4,a4,a2
200023c6:	00d7d7b3          	srl	a5,a5,a3
200023ca:	00777693          	andi	a3,a4,7
200023ce:	ce81                	beqz	a3,200023e6 <__muldf3+0x3ba>
200023d0:	00f77693          	andi	a3,a4,15
200023d4:	4611                	li	a2,4
200023d6:	00c68863          	beq	a3,a2,200023e6 <__muldf3+0x3ba>
200023da:	00c706b3          	add	a3,a4,a2
200023de:	00e6b633          	sltu	a2,a3,a4
200023e2:	97b2                	add	a5,a5,a2
200023e4:	8736                	mv	a4,a3
200023e6:	00879693          	slli	a3,a5,0x8
200023ea:	0406cd63          	bltz	a3,20002444 <__muldf3+0x418>
200023ee:	01d79893          	slli	a7,a5,0x1d
200023f2:	830d                	srli	a4,a4,0x3
200023f4:	00e8e8b3          	or	a7,a7,a4
200023f8:	838d                	srli	a5,a5,0x3
200023fa:	4681                	li	a3,0
200023fc:	bfad                	j	20002376 <__muldf3+0x34a>
200023fe:	4685                	li	a3,1
20002400:	b775                	j	200023ac <__muldf3+0x380>
20002402:	5805                	li	a6,-31
20002404:	40d80633          	sub	a2,a6,a3
20002408:	00c7d633          	srl	a2,a5,a2
2000240c:	4501                	li	a0,0
2000240e:	01068663          	beq	a3,a6,2000241a <__muldf3+0x3ee>
20002412:	43e30313          	addi	t1,t1,1086
20002416:	00679533          	sll	a0,a5,t1
2000241a:	8f49                	or	a4,a4,a0
2000241c:	00e03733          	snez	a4,a4
20002420:	8f51                	or	a4,a4,a2
20002422:	4781                	li	a5,0
20002424:	b75d                	j	200023ca <__muldf3+0x39e>
20002426:	000807b7          	lui	a5,0x80
2000242a:	7ff00693          	li	a3,2047
2000242e:	4581                	li	a1,0
20002430:	b799                	j	20002376 <__muldf3+0x34a>
20002432:	000807b7          	lui	a5,0x80
20002436:	4881                	li	a7,0
20002438:	bfcd                	j	2000242a <__muldf3+0x3fe>
2000243a:	4781                	li	a5,0
2000243c:	4881                	li	a7,0
2000243e:	7ff00693          	li	a3,2047
20002442:	bf15                	j	20002376 <__muldf3+0x34a>
20002444:	4781                	li	a5,0
20002446:	4881                	li	a7,0
20002448:	4685                	li	a3,1
2000244a:	b735                	j	20002376 <__muldf3+0x34a>

2000244c <__subdf3>:
2000244c:	00100837          	lui	a6,0x100
20002450:	187d                	addi	a6,a6,-1 # fffff <RAM_LENGTH+0x7ffff>
20002452:	00b877b3          	and	a5,a6,a1
20002456:	00d87833          	and	a6,a6,a3
2000245a:	0146de13          	srli	t3,a3,0x14
2000245e:	080e                	slli	a6,a6,0x3
20002460:	01d65313          	srli	t1,a2,0x1d
20002464:	0145d713          	srli	a4,a1,0x14
20002468:	01d55893          	srli	a7,a0,0x1d
2000246c:	078e                	slli	a5,a5,0x3
2000246e:	01036333          	or	t1,t1,a6
20002472:	7ffe7e13          	andi	t3,t3,2047
20002476:	7ff00813          	li	a6,2047
2000247a:	7ff77713          	andi	a4,a4,2047
2000247e:	81fd                	srli	a1,a1,0x1f
20002480:	00f8e7b3          	or	a5,a7,a5
20002484:	050e                	slli	a0,a0,0x3
20002486:	82fd                	srli	a3,a3,0x1f
20002488:	060e                	slli	a2,a2,0x3
2000248a:	010e1663          	bne	t3,a6,20002496 <__subdf3+0x4a>
2000248e:	00c36833          	or	a6,t1,a2
20002492:	00081463          	bnez	a6,2000249a <__subdf3+0x4e>
20002496:	0016c693          	xori	a3,a3,1
2000249a:	41c70833          	sub	a6,a4,t3
2000249e:	7ff00893          	li	a7,2047
200024a2:	24b69263          	bne	a3,a1,200026e6 <__subdf3+0x29a>
200024a6:	0d005863          	blez	a6,20002576 <__subdf3+0x12a>
200024aa:	020e1463          	bnez	t3,200024d2 <__subdf3+0x86>
200024ae:	00c366b3          	or	a3,t1,a2
200024b2:	ce91                	beqz	a3,200024ce <__subdf3+0x82>
200024b4:	fff70813          	addi	a6,a4,-1 # ffff <XIP_RAM_LENGTH+0xbfff>
200024b8:	00081963          	bnez	a6,200024ca <__subdf3+0x7e>
200024bc:	962a                	add	a2,a2,a0
200024be:	979a                	add	a5,a5,t1
200024c0:	00a63533          	sltu	a0,a2,a0
200024c4:	97aa                	add	a5,a5,a0
200024c6:	4705                	li	a4,1
200024c8:	a889                	j	2000251a <__subdf3+0xce>
200024ca:	01171863          	bne	a4,a7,200024da <__subdf3+0x8e>
200024ce:	862a                	mv	a2,a0
200024d0:	aab5                	j	2000264c <__subdf3+0x200>
200024d2:	ff170ee3          	beq	a4,a7,200024ce <__subdf3+0x82>
200024d6:	29731313          	bseti	t1,t1,0x17
200024da:	03800693          	li	a3,56
200024de:	0906c763          	blt	a3,a6,2000256c <__subdf3+0x120>
200024e2:	46fd                	li	a3,31
200024e4:	02000e13          	li	t3,32
200024e8:	0506cd63          	blt	a3,a6,20002542 <__subdf3+0xf6>
200024ec:	410e0e33          	sub	t3,t3,a6
200024f0:	01c316b3          	sll	a3,t1,t3
200024f4:	010658b3          	srl	a7,a2,a6
200024f8:	01c61e33          	sll	t3,a2,t3
200024fc:	0116e6b3          	or	a3,a3,a7
20002500:	01c03e33          	snez	t3,t3
20002504:	01c6e6b3          	or	a3,a3,t3
20002508:	01035833          	srl	a6,t1,a6
2000250c:	00a68633          	add	a2,a3,a0
20002510:	983e                	add	a6,a6,a5
20002512:	00d636b3          	sltu	a3,a2,a3
20002516:	00d807b3          	add	a5,a6,a3
2000251a:	00879693          	slli	a3,a5,0x8
2000251e:	1806d863          	bgez	a3,200026ae <__subdf3+0x262>
20002522:	0705                	addi	a4,a4,1
20002524:	7ff00693          	li	a3,2047
20002528:	1ad70c63          	beq	a4,a3,200026e0 <__subdf3+0x294>
2000252c:	00165693          	srli	a3,a2,0x1
20002530:	8a05                	andi	a2,a2,1
20002532:	49779513          	bclri	a0,a5,0x17
20002536:	8e55                	or	a2,a2,a3
20002538:	07fe                	slli	a5,a5,0x1f
2000253a:	8e5d                	or	a2,a2,a5
2000253c:	00155793          	srli	a5,a0,0x1
20002540:	a2bd                	j	200026ae <__subdf3+0x262>
20002542:	fe080693          	addi	a3,a6,-32
20002546:	00d356b3          	srl	a3,t1,a3
2000254a:	4881                	li	a7,0
2000254c:	01c80863          	beq	a6,t3,2000255c <__subdf3+0x110>
20002550:	04000893          	li	a7,64
20002554:	410888b3          	sub	a7,a7,a6
20002558:	011318b3          	sll	a7,t1,a7
2000255c:	00c8e8b3          	or	a7,a7,a2
20002560:	011038b3          	snez	a7,a7
20002564:	0116e6b3          	or	a3,a3,a7
20002568:	4801                	li	a6,0
2000256a:	b74d                	j	2000250c <__subdf3+0xc0>
2000256c:	00c366b3          	or	a3,t1,a2
20002570:	00d036b3          	snez	a3,a3
20002574:	bfd5                	j	20002568 <__subdf3+0x11c>
20002576:	0a080063          	beqz	a6,20002616 <__subdf3+0x1ca>
2000257a:	40ee0833          	sub	a6,t3,a4
2000257e:	ef01                	bnez	a4,20002596 <__subdf3+0x14a>
20002580:	00a7e733          	or	a4,a5,a0
20002584:	c711                	beqz	a4,20002590 <__subdf3+0x144>
20002586:	fff80693          	addi	a3,a6,-1
2000258a:	da8d                	beqz	a3,200024bc <__subdf3+0x70>
2000258c:	01181a63          	bne	a6,a7,200025a0 <__subdf3+0x154>
20002590:	879a                	mv	a5,t1
20002592:	8742                	mv	a4,a6
20002594:	a865                	j	2000264c <__subdf3+0x200>
20002596:	431e0e63          	beq	t3,a7,200029d2 <__subdf3+0x586>
2000259a:	29779793          	bseti	a5,a5,0x17
2000259e:	86c2                	mv	a3,a6
200025a0:	03800713          	li	a4,56
200025a4:	06d74463          	blt	a4,a3,2000260c <__subdf3+0x1c0>
200025a8:	477d                	li	a4,31
200025aa:	02000893          	li	a7,32
200025ae:	02d74a63          	blt	a4,a3,200025e2 <__subdf3+0x196>
200025b2:	40d888b3          	sub	a7,a7,a3
200025b6:	01179733          	sll	a4,a5,a7
200025ba:	00d55833          	srl	a6,a0,a3
200025be:	011518b3          	sll	a7,a0,a7
200025c2:	01076733          	or	a4,a4,a6
200025c6:	011038b3          	snez	a7,a7
200025ca:	01176733          	or	a4,a4,a7
200025ce:	00d7d6b3          	srl	a3,a5,a3
200025d2:	963a                	add	a2,a2,a4
200025d4:	00e63733          	sltu	a4,a2,a4
200025d8:	969a                	add	a3,a3,t1
200025da:	00e687b3          	add	a5,a3,a4
200025de:	8772                	mv	a4,t3
200025e0:	bf2d                	j	2000251a <__subdf3+0xce>
200025e2:	fe068713          	addi	a4,a3,-32
200025e6:	00e7d733          	srl	a4,a5,a4
200025ea:	4801                	li	a6,0
200025ec:	01168863          	beq	a3,a7,200025fc <__subdf3+0x1b0>
200025f0:	04000813          	li	a6,64
200025f4:	40d80833          	sub	a6,a6,a3
200025f8:	01079833          	sll	a6,a5,a6
200025fc:	00a86833          	or	a6,a6,a0
20002600:	01003833          	snez	a6,a6
20002604:	01076733          	or	a4,a4,a6
20002608:	4681                	li	a3,0
2000260a:	b7e1                	j	200025d2 <__subdf3+0x186>
2000260c:	00a7e733          	or	a4,a5,a0
20002610:	00e03733          	snez	a4,a4
20002614:	bfd5                	j	20002608 <__subdf3+0x1bc>
20002616:	00170693          	addi	a3,a4,1
2000261a:	7fe6f813          	andi	a6,a3,2046
2000261e:	06081b63          	bnez	a6,20002694 <__subdf3+0x248>
20002622:	00a7e6b3          	or	a3,a5,a0
20002626:	ef39                	bnez	a4,20002684 <__subdf3+0x238>
20002628:	38068b63          	beqz	a3,200029be <__subdf3+0x572>
2000262c:	00c36733          	or	a4,t1,a2
20002630:	38070963          	beqz	a4,200029c2 <__subdf3+0x576>
20002634:	962a                	add	a2,a2,a0
20002636:	979a                	add	a5,a5,t1
20002638:	00a63533          	sltu	a0,a2,a0
2000263c:	97aa                	add	a5,a5,a0
2000263e:	00879713          	slli	a4,a5,0x8
20002642:	26075a63          	bgez	a4,200028b6 <__subdf3+0x46a>
20002646:	49779793          	bclri	a5,a5,0x17
2000264a:	4705                	li	a4,1
2000264c:	820d                	srli	a2,a2,0x3
2000264e:	01d79693          	slli	a3,a5,0x1d
20002652:	8ed1                	or	a3,a3,a2
20002654:	7ff00613          	li	a2,2047
20002658:	838d                	srli	a5,a5,0x3
2000265a:	00c71963          	bne	a4,a2,2000266c <__subdf3+0x220>
2000265e:	8edd                	or	a3,a3,a5
20002660:	4781                	li	a5,0
20002662:	c689                	beqz	a3,2000266c <__subdf3+0x220>
20002664:	000807b7          	lui	a5,0x80
20002668:	4681                	li	a3,0
2000266a:	4581                	li	a1,0
2000266c:	7ff77713          	andi	a4,a4,2047
20002670:	07b2                	slli	a5,a5,0xc
20002672:	83b1                	srli	a5,a5,0xc
20002674:	0752                	slli	a4,a4,0x14
20002676:	8f5d                	or	a4,a4,a5
20002678:	05fe                	slli	a1,a1,0x1f
2000267a:	00b767b3          	or	a5,a4,a1
2000267e:	8536                	mv	a0,a3
20002680:	85be                	mv	a1,a5
20002682:	8082                	ret
20002684:	34068163          	beqz	a3,200029c6 <__subdf3+0x57a>
20002688:	00c36333          	or	t1,t1,a2
2000268c:	24031763          	bnez	t1,200028da <__subdf3+0x48e>
20002690:	862a                	mv	a2,a0
20002692:	ae1d                	j	200029c8 <__subdf3+0x57c>
20002694:	33168c63          	beq	a3,a7,200029cc <__subdf3+0x580>
20002698:	962a                	add	a2,a2,a0
2000269a:	00a63533          	sltu	a0,a2,a0
2000269e:	979a                	add	a5,a5,t1
200026a0:	97aa                	add	a5,a5,a0
200026a2:	01f79713          	slli	a4,a5,0x1f
200026a6:	8205                	srli	a2,a2,0x1
200026a8:	8e59                	or	a2,a2,a4
200026aa:	8385                	srli	a5,a5,0x1
200026ac:	8736                	mv	a4,a3
200026ae:	00767693          	andi	a3,a2,7
200026b2:	ce81                	beqz	a3,200026ca <__subdf3+0x27e>
200026b4:	00f67693          	andi	a3,a2,15
200026b8:	4511                	li	a0,4
200026ba:	00a68863          	beq	a3,a0,200026ca <__subdf3+0x27e>
200026be:	00a606b3          	add	a3,a2,a0
200026c2:	00c6b533          	sltu	a0,a3,a2
200026c6:	97aa                	add	a5,a5,a0
200026c8:	8636                	mv	a2,a3
200026ca:	00879693          	slli	a3,a5,0x8
200026ce:	f606dfe3          	bgez	a3,2000264c <__subdf3+0x200>
200026d2:	0705                	addi	a4,a4,1
200026d4:	7ff00693          	li	a3,2047
200026d8:	49779793          	bclri	a5,a5,0x17
200026dc:	f6d718e3          	bne	a4,a3,2000264c <__subdf3+0x200>
200026e0:	4781                	li	a5,0
200026e2:	4601                	li	a2,0
200026e4:	b7a5                	j	2000264c <__subdf3+0x200>
200026e6:	0d005263          	blez	a6,200027aa <__subdf3+0x35e>
200026ea:	080e1163          	bnez	t3,2000276c <__subdf3+0x320>
200026ee:	00c366b3          	or	a3,t1,a2
200026f2:	dc068ee3          	beqz	a3,200024ce <__subdf3+0x82>
200026f6:	fff70813          	addi	a6,a4,-1
200026fa:	00081b63          	bnez	a6,20002710 <__subdf3+0x2c4>
200026fe:	40c50633          	sub	a2,a0,a2
20002702:	406787b3          	sub	a5,a5,t1
20002706:	00c53533          	sltu	a0,a0,a2
2000270a:	8f89                	sub	a5,a5,a0
2000270c:	4705                	li	a4,1
2000270e:	a0a1                	j	20002756 <__subdf3+0x30a>
20002710:	db170fe3          	beq	a4,a7,200024ce <__subdf3+0x82>
20002714:	03800693          	li	a3,56
20002718:	0906c463          	blt	a3,a6,200027a0 <__subdf3+0x354>
2000271c:	46fd                	li	a3,31
2000271e:	02000e13          	li	t3,32
20002722:	0506ca63          	blt	a3,a6,20002776 <__subdf3+0x32a>
20002726:	410e0e33          	sub	t3,t3,a6
2000272a:	01c316b3          	sll	a3,t1,t3
2000272e:	010658b3          	srl	a7,a2,a6
20002732:	01c61e33          	sll	t3,a2,t3
20002736:	0116e6b3          	or	a3,a3,a7
2000273a:	01c03e33          	snez	t3,t3
2000273e:	01c6e6b3          	or	a3,a3,t3
20002742:	01035833          	srl	a6,t1,a6
20002746:	40d50633          	sub	a2,a0,a3
2000274a:	41078833          	sub	a6,a5,a6
2000274e:	00c53533          	sltu	a0,a0,a2
20002752:	40a807b3          	sub	a5,a6,a0
20002756:	00879693          	slli	a3,a5,0x8
2000275a:	f406dae3          	bgez	a3,200026ae <__subdf3+0x262>
2000275e:	008008b7          	lui	a7,0x800
20002762:	18fd                	addi	a7,a7,-1 # 7fffff <RAM_LENGTH+0x77ffff>
20002764:	0117f8b3          	and	a7,a5,a7
20002768:	8832                	mv	a6,a2
2000276a:	a275                	j	20002916 <__subdf3+0x4ca>
2000276c:	d71701e3          	beq	a4,a7,200024ce <__subdf3+0x82>
20002770:	29731313          	bseti	t1,t1,0x17
20002774:	b745                	j	20002714 <__subdf3+0x2c8>
20002776:	fe080693          	addi	a3,a6,-32
2000277a:	00d356b3          	srl	a3,t1,a3
2000277e:	4881                	li	a7,0
20002780:	01c80863          	beq	a6,t3,20002790 <__subdf3+0x344>
20002784:	04000893          	li	a7,64
20002788:	410888b3          	sub	a7,a7,a6
2000278c:	011318b3          	sll	a7,t1,a7
20002790:	00c8e8b3          	or	a7,a7,a2
20002794:	011038b3          	snez	a7,a7
20002798:	0116e6b3          	or	a3,a3,a7
2000279c:	4801                	li	a6,0
2000279e:	b765                	j	20002746 <__subdf3+0x2fa>
200027a0:	00c366b3          	or	a3,t1,a2
200027a4:	00d036b3          	snez	a3,a3
200027a8:	bfd5                	j	2000279c <__subdf3+0x350>
200027aa:	0a080d63          	beqz	a6,20002864 <__subdf3+0x418>
200027ae:	40ee0833          	sub	a6,t3,a4
200027b2:	e70d                	bnez	a4,200027dc <__subdf3+0x390>
200027b4:	00a7e733          	or	a4,a5,a0
200027b8:	c305                	beqz	a4,200027d8 <__subdf3+0x38c>
200027ba:	fff80713          	addi	a4,a6,-1
200027be:	eb19                	bnez	a4,200027d4 <__subdf3+0x388>
200027c0:	40a60533          	sub	a0,a2,a0
200027c4:	00a63733          	sltu	a4,a2,a0
200027c8:	40f307b3          	sub	a5,t1,a5
200027cc:	862a                	mv	a2,a0
200027ce:	8f99                	sub	a5,a5,a4
200027d0:	85b6                	mv	a1,a3
200027d2:	bf2d                	j	2000270c <__subdf3+0x2c0>
200027d4:	01181963          	bne	a6,a7,200027e6 <__subdf3+0x39a>
200027d8:	85b6                	mv	a1,a3
200027da:	bb5d                	j	20002590 <__subdf3+0x144>
200027dc:	1f1e0a63          	beq	t3,a7,200029d0 <__subdf3+0x584>
200027e0:	29779793          	bseti	a5,a5,0x17
200027e4:	8742                	mv	a4,a6
200027e6:	03800593          	li	a1,56
200027ea:	06e5c863          	blt	a1,a4,2000285a <__subdf3+0x40e>
200027ee:	45fd                	li	a1,31
200027f0:	02000893          	li	a7,32
200027f4:	02e5ce63          	blt	a1,a4,20002830 <__subdf3+0x3e4>
200027f8:	40e888b3          	sub	a7,a7,a4
200027fc:	011795b3          	sll	a1,a5,a7
20002800:	00e55833          	srl	a6,a0,a4
20002804:	011518b3          	sll	a7,a0,a7
20002808:	0105e5b3          	or	a1,a1,a6
2000280c:	011038b3          	snez	a7,a7
20002810:	0115e5b3          	or	a1,a1,a7
20002814:	00e7d733          	srl	a4,a5,a4
20002818:	40b605b3          	sub	a1,a2,a1
2000281c:	00b637b3          	sltu	a5,a2,a1
20002820:	40e30733          	sub	a4,t1,a4
20002824:	862e                	mv	a2,a1
20002826:	40f707b3          	sub	a5,a4,a5
2000282a:	85b6                	mv	a1,a3
2000282c:	8772                	mv	a4,t3
2000282e:	b725                	j	20002756 <__subdf3+0x30a>
20002830:	fe070593          	addi	a1,a4,-32
20002834:	00b7d5b3          	srl	a1,a5,a1
20002838:	4801                	li	a6,0
2000283a:	01170863          	beq	a4,a7,2000284a <__subdf3+0x3fe>
2000283e:	04000813          	li	a6,64
20002842:	40e80833          	sub	a6,a6,a4
20002846:	01079833          	sll	a6,a5,a6
2000284a:	00a86833          	or	a6,a6,a0
2000284e:	01003833          	snez	a6,a6
20002852:	0105e5b3          	or	a1,a1,a6
20002856:	4701                	li	a4,0
20002858:	b7c1                	j	20002818 <__subdf3+0x3cc>
2000285a:	00a7e5b3          	or	a1,a5,a0
2000285e:	00b035b3          	snez	a1,a1
20002862:	bfd5                	j	20002856 <__subdf3+0x40a>
20002864:	00170813          	addi	a6,a4,1
20002868:	7fe87813          	andi	a6,a6,2046
2000286c:	06081f63          	bnez	a6,200028ea <__subdf3+0x49e>
20002870:	00c36833          	or	a6,t1,a2
20002874:	00a7ee33          	or	t3,a5,a0
20002878:	ef21                	bnez	a4,200028d0 <__subdf3+0x484>
2000287a:	000e1763          	bnez	t3,20002888 <__subdf3+0x43c>
2000287e:	879a                	mv	a5,t1
20002880:	02081a63          	bnez	a6,200028b4 <__subdf3+0x468>
20002884:	4581                	li	a1,0
20002886:	bda9                	j	200026e0 <__subdf3+0x294>
20002888:	12080d63          	beqz	a6,200029c2 <__subdf3+0x576>
2000288c:	40c508b3          	sub	a7,a0,a2
20002890:	01153e33          	sltu	t3,a0,a7
20002894:	40678833          	sub	a6,a5,t1
20002898:	41c80833          	sub	a6,a6,t3
2000289c:	00881e13          	slli	t3,a6,0x8
200028a0:	020e5163          	bgez	t3,200028c2 <__subdf3+0x476>
200028a4:	40a60533          	sub	a0,a2,a0
200028a8:	00a63733          	sltu	a4,a2,a0
200028ac:	40f307b3          	sub	a5,t1,a5
200028b0:	862a                	mv	a2,a0
200028b2:	8f99                	sub	a5,a5,a4
200028b4:	85b6                	mv	a1,a3
200028b6:	00f66733          	or	a4,a2,a5
200028ba:	e20703e3          	beqz	a4,200026e0 <__subdf3+0x294>
200028be:	4701                	li	a4,0
200028c0:	b3fd                	j	200026ae <__subdf3+0x262>
200028c2:	0108e633          	or	a2,a7,a6
200028c6:	10060963          	beqz	a2,200029d8 <__subdf3+0x58c>
200028ca:	87c2                	mv	a5,a6
200028cc:	8646                	mv	a2,a7
200028ce:	b7e5                	j	200028b6 <__subdf3+0x46a>
200028d0:	000e1a63          	bnez	t3,200028e4 <__subdf3+0x498>
200028d4:	85b6                	mv	a1,a3
200028d6:	0e081863          	bnez	a6,200029c6 <__subdf3+0x57a>
200028da:	4581                	li	a1,0
200028dc:	004007b7          	lui	a5,0x400
200028e0:	4601                	li	a2,0
200028e2:	a0dd                	j	200029c8 <__subdf3+0x57c>
200028e4:	da0806e3          	beqz	a6,20002690 <__subdf3+0x244>
200028e8:	bfcd                	j	200028da <__subdf3+0x48e>
200028ea:	40c50e33          	sub	t3,a0,a2
200028ee:	01c53eb3          	sltu	t4,a0,t3
200028f2:	406788b3          	sub	a7,a5,t1
200028f6:	41d888b3          	sub	a7,a7,t4
200028fa:	00889e93          	slli	t4,a7,0x8
200028fe:	8872                	mv	a6,t3
20002900:	060ed563          	bgez	t4,2000296a <__subdf3+0x51e>
20002904:	40a60833          	sub	a6,a2,a0
20002908:	40f308b3          	sub	a7,t1,a5
2000290c:	01063633          	sltu	a2,a2,a6
20002910:	40c888b3          	sub	a7,a7,a2
20002914:	85b6                	mv	a1,a3
20002916:	06088163          	beqz	a7,20002978 <__subdf3+0x52c>
2000291a:	60089693          	clz	a3,a7
2000291e:	16e1                	addi	a3,a3,-8
20002920:	02000793          	li	a5,32
20002924:	8f95                	sub	a5,a5,a3
20002926:	00d898b3          	sll	a7,a7,a3
2000292a:	00f857b3          	srl	a5,a6,a5
2000292e:	0117e7b3          	or	a5,a5,a7
20002932:	00d81633          	sll	a2,a6,a3
20002936:	08e6c063          	blt	a3,a4,200029b6 <__subdf3+0x56a>
2000293a:	8e99                	sub	a3,a3,a4
2000293c:	00168813          	addi	a6,a3,1
20002940:	477d                	li	a4,31
20002942:	02000513          	li	a0,32
20002946:	05074563          	blt	a4,a6,20002990 <__subdf3+0x544>
2000294a:	41050533          	sub	a0,a0,a6
2000294e:	00a79733          	sll	a4,a5,a0
20002952:	010656b3          	srl	a3,a2,a6
20002956:	00a61533          	sll	a0,a2,a0
2000295a:	8f55                	or	a4,a4,a3
2000295c:	00a03533          	snez	a0,a0
20002960:	00a76633          	or	a2,a4,a0
20002964:	0107d7b3          	srl	a5,a5,a6
20002968:	b7b9                	j	200028b6 <__subdf3+0x46a>
2000296a:	011e6633          	or	a2,t3,a7
2000296e:	f645                	bnez	a2,20002916 <__subdf3+0x4ca>
20002970:	4581                	li	a1,0
20002972:	4781                	li	a5,0
20002974:	4701                	li	a4,0
20002976:	b9d9                	j	2000264c <__subdf3+0x200>
20002978:	60081793          	clz	a5,a6
2000297c:	01878693          	addi	a3,a5,24 # 400018 <RAM_LENGTH+0x380018>
20002980:	467d                	li	a2,31
20002982:	f8d65fe3          	bge	a2,a3,20002920 <__subdf3+0x4d4>
20002986:	17e1                	addi	a5,a5,-8
20002988:	00f817b3          	sll	a5,a6,a5
2000298c:	4601                	li	a2,0
2000298e:	b765                	j	20002936 <__subdf3+0x4ea>
20002990:	1685                	addi	a3,a3,-31
20002992:	00d7d6b3          	srl	a3,a5,a3
20002996:	4701                	li	a4,0
20002998:	00a80863          	beq	a6,a0,200029a8 <__subdf3+0x55c>
2000299c:	04000713          	li	a4,64
200029a0:	41070733          	sub	a4,a4,a6
200029a4:	00e79733          	sll	a4,a5,a4
200029a8:	8f51                	or	a4,a4,a2
200029aa:	00e03733          	snez	a4,a4
200029ae:	00e6e633          	or	a2,a3,a4
200029b2:	4781                	li	a5,0
200029b4:	b709                	j	200028b6 <__subdf3+0x46a>
200029b6:	8f15                	sub	a4,a4,a3
200029b8:	49779793          	bclri	a5,a5,0x17
200029bc:	b9cd                	j	200026ae <__subdf3+0x262>
200029be:	879a                	mv	a5,t1
200029c0:	bddd                	j	200028b6 <__subdf3+0x46a>
200029c2:	862a                	mv	a2,a0
200029c4:	bdcd                	j	200028b6 <__subdf3+0x46a>
200029c6:	879a                	mv	a5,t1
200029c8:	8746                	mv	a4,a7
200029ca:	b149                	j	2000264c <__subdf3+0x200>
200029cc:	8736                	mv	a4,a3
200029ce:	bb09                	j	200026e0 <__subdf3+0x294>
200029d0:	85b6                	mv	a1,a3
200029d2:	879a                	mv	a5,t1
200029d4:	8772                	mv	a4,t3
200029d6:	b99d                	j	2000264c <__subdf3+0x200>
200029d8:	4581                	li	a1,0
200029da:	4781                	li	a5,0
200029dc:	b985                	j	2000264c <__subdf3+0x200>

200029de <__unorddf2>:
200029de:	001007b7          	lui	a5,0x100
200029e2:	17fd                	addi	a5,a5,-1 # fffff <RAM_LENGTH+0x7ffff>
200029e4:	00b7f733          	and	a4,a5,a1
200029e8:	81d1                	srli	a1,a1,0x14
200029ea:	8ff5                	and	a5,a5,a3
200029ec:	7ff5f593          	andi	a1,a1,2047
200029f0:	82d1                	srli	a3,a3,0x14
200029f2:	7ff00813          	li	a6,2047
200029f6:	7ff6f693          	andi	a3,a3,2047
200029fa:	01059563          	bne	a1,a6,20002a04 <__unorddf2+0x26>
200029fe:	8f49                	or	a4,a4,a0
20002a00:	4505                	li	a0,1
20002a02:	e719                	bnez	a4,20002a10 <__unorddf2+0x32>
20002a04:	4501                	li	a0,0
20002a06:	01069563          	bne	a3,a6,20002a10 <__unorddf2+0x32>
20002a0a:	8fd1                	or	a5,a5,a2
20002a0c:	00f03533          	snez	a0,a5
20002a10:	8082                	ret

20002a12 <__fixdfsi>:
20002a12:	0145d713          	srli	a4,a1,0x14
20002a16:	00c59793          	slli	a5,a1,0xc
20002a1a:	7ff77713          	andi	a4,a4,2047
20002a1e:	3fe00693          	li	a3,1022
20002a22:	83b1                	srli	a5,a5,0xc
20002a24:	81fd                	srli	a1,a1,0x1f
20002a26:	04e6d463          	bge	a3,a4,20002a6e <__fixdfsi+0x5c>
20002a2a:	41d00693          	li	a3,1053
20002a2e:	00e6d763          	bge	a3,a4,20002a3c <__fixdfsi+0x2a>
20002a32:	80000537          	lui	a0,0x80000
20002a36:	157d                	addi	a0,a0,-1 # 7fffffff <__StackTop+0x5ff7dfff>
20002a38:	952e                	add	a0,a0,a1
20002a3a:	8082                	ret
20002a3c:	41300693          	li	a3,1043
20002a40:	29479793          	bseti	a5,a5,0x14
20002a44:	02e6d163          	bge	a3,a4,20002a66 <__fixdfsi+0x54>
20002a48:	bed70693          	addi	a3,a4,-1043
20002a4c:	00d797b3          	sll	a5,a5,a3
20002a50:	43300693          	li	a3,1075
20002a54:	40e68733          	sub	a4,a3,a4
20002a58:	00e55533          	srl	a0,a0,a4
20002a5c:	8d5d                	or	a0,a0,a5
20002a5e:	c989                	beqz	a1,20002a70 <__fixdfsi+0x5e>
20002a60:	40a00533          	neg	a0,a0
20002a64:	8082                	ret
20002a66:	8e99                	sub	a3,a3,a4
20002a68:	00d7d533          	srl	a0,a5,a3
20002a6c:	bfcd                	j	20002a5e <__fixdfsi+0x4c>
20002a6e:	4501                	li	a0,0
20002a70:	8082                	ret

20002a72 <__fixunsdfsi>:
20002a72:	0145d713          	srli	a4,a1,0x14
20002a76:	00c59793          	slli	a5,a1,0xc
20002a7a:	7ff77713          	andi	a4,a4,2047
20002a7e:	3fe00693          	li	a3,1022
20002a82:	862a                	mv	a2,a0
20002a84:	83b1                	srli	a5,a5,0xc
20002a86:	81fd                	srli	a1,a1,0x1f
20002a88:	04e6d263          	bge	a3,a4,20002acc <__fixunsdfsi+0x5a>
20002a8c:	41f00693          	li	a3,1055
20002a90:	8e8d                	sub	a3,a3,a1
20002a92:	fff58513          	addi	a0,a1,-1
20002a96:	02d75c63          	bge	a4,a3,20002ace <__fixunsdfsi+0x5c>
20002a9a:	4501                	li	a0,0
20002a9c:	e98d                	bnez	a1,20002ace <__fixunsdfsi+0x5c>
20002a9e:	41300693          	li	a3,1043
20002aa2:	29479793          	bseti	a5,a5,0x14
20002aa6:	00e6df63          	bge	a3,a4,20002ac4 <__fixunsdfsi+0x52>
20002aaa:	bed70693          	addi	a3,a4,-1043
20002aae:	00d797b3          	sll	a5,a5,a3
20002ab2:	43300693          	li	a3,1075
20002ab6:	40e68733          	sub	a4,a3,a4
20002aba:	00e65633          	srl	a2,a2,a4
20002abe:	00c7e533          	or	a0,a5,a2
20002ac2:	8082                	ret
20002ac4:	8e99                	sub	a3,a3,a4
20002ac6:	00d7d533          	srl	a0,a5,a3
20002aca:	8082                	ret
20002acc:	4501                	li	a0,0
20002ace:	8082                	ret

20002ad0 <__floatsidf>:
20002ad0:	c529                	beqz	a0,20002b1a <__floatsidf+0x4a>
20002ad2:	40a00733          	neg	a4,a0
20002ad6:	0ae56733          	max	a4,a0,a4
20002ada:	01f55613          	srli	a2,a0,0x1f
20002ade:	60071693          	clz	a3,a4
20002ae2:	41e00513          	li	a0,1054
20002ae6:	47a9                	li	a5,10
20002ae8:	8d15                	sub	a0,a0,a3
20002aea:	02d7c363          	blt	a5,a3,20002b10 <__floatsidf+0x40>
20002aee:	47ad                	li	a5,11
20002af0:	8f95                	sub	a5,a5,a3
20002af2:	06d5                	addi	a3,a3,21
20002af4:	00f757b3          	srl	a5,a4,a5
20002af8:	00d71733          	sll	a4,a4,a3
20002afc:	07b2                	slli	a5,a5,0xc
20002afe:	83b1                	srli	a5,a5,0xc
20002b00:	0552                	slli	a0,a0,0x14
20002b02:	8d5d                	or	a0,a0,a5
20002b04:	067e                	slli	a2,a2,0x1f
20002b06:	00c567b3          	or	a5,a0,a2
20002b0a:	85be                	mv	a1,a5
20002b0c:	853a                	mv	a0,a4
20002b0e:	8082                	ret
20002b10:	16d5                	addi	a3,a3,-11
20002b12:	00d717b3          	sll	a5,a4,a3
20002b16:	4701                	li	a4,0
20002b18:	b7d5                	j	20002afc <__floatsidf+0x2c>
20002b1a:	4601                	li	a2,0
20002b1c:	4781                	li	a5,0
20002b1e:	bfe5                	j	20002b16 <__floatsidf+0x46>

20002b20 <__floatunsidf>:
20002b20:	c91d                	beqz	a0,20002b56 <__floatunsidf+0x36>
20002b22:	60051713          	clz	a4,a0
20002b26:	41e00693          	li	a3,1054
20002b2a:	47a9                	li	a5,10
20002b2c:	8e99                	sub	a3,a3,a4
20002b2e:	00e7cf63          	blt	a5,a4,20002b4c <__floatunsidf+0x2c>
20002b32:	47ad                	li	a5,11
20002b34:	8f99                	sub	a5,a5,a4
20002b36:	0755                	addi	a4,a4,21
20002b38:	00f557b3          	srl	a5,a0,a5
20002b3c:	00e51533          	sll	a0,a0,a4
20002b40:	07b2                	slli	a5,a5,0xc
20002b42:	06d2                	slli	a3,a3,0x14
20002b44:	83b1                	srli	a5,a5,0xc
20002b46:	00f6e5b3          	or	a1,a3,a5
20002b4a:	8082                	ret
20002b4c:	1755                	addi	a4,a4,-11
20002b4e:	00e517b3          	sll	a5,a0,a4
20002b52:	4501                	li	a0,0
20002b54:	b7f5                	j	20002b40 <__floatunsidf+0x20>
20002b56:	4781                	li	a5,0
20002b58:	4681                	li	a3,0
20002b5a:	b7dd                	j	20002b40 <__floatunsidf+0x20>

20002b5c <memset>:
20002b5c:	47fd                	li	a5,31
20002b5e:	86aa                	mv	a3,a0
20002b60:	0ec7f263          	bgeu	a5,a2,20002c44 <memset+0xe8>
20002b64:	0036f713          	andi	a4,a3,3
20002b68:	cf11                	beqz	a4,20002b84 <memset+0x28>
20002b6a:	00000297          	auipc	t0,0x0
20002b6e:	205742b3          	sh2add	t0,a4,t0
20002b72:	8306                	mv	t1,ra
20002b74:	156280e7          	jalr	342(t0) # 20002cc0 <memset+0x164>
20002b78:	809a                	mv	ra,t1
20002b7a:	1771                	addi	a4,a4,-4
20002b7c:	963a                	add	a2,a2,a4
20002b7e:	8e99                	sub	a3,a3,a4
20002b80:	0cc7f263          	bgeu	a5,a2,20002c44 <memset+0xe8>
20002b84:	e191                	bnez	a1,20002b88 <memset+0x2c>
20002b86:	a029                	j	20002b90 <memset+0x34>
20002b88:	08b5f5b3          	packh	a1,a1,a1
20002b8c:	08b5c5b3          	pack	a1,a1,a1
20002b90:	ffc67293          	andi	t0,a2,-4
20002b94:	00568333          	add	t1,a3,t0
20002b98:	07c2f293          	andi	t0,t0,124
20002b9c:	00028e63          	beqz	t0,20002bb8 <memset+0x5c>
20002ba0:	405002b3          	neg	t0,t0
20002ba4:	08028293          	addi	t0,t0,128
20002ba8:	405686b3          	sub	a3,a3,t0
20002bac:	00000397          	auipc	t2,0x0
20002bb0:	9396                	add	t2,t2,t0
20002bb2:	00c38067          	jr	12(t2) # 20002bb8 <memset+0x5c>
20002bb6:	0001                	nop
20002bb8:	00b6a023          	sw	a1,0(a3)
20002bbc:	00b6a223          	sw	a1,4(a3)
20002bc0:	00b6a423          	sw	a1,8(a3)
20002bc4:	00b6a623          	sw	a1,12(a3)
20002bc8:	00b6a823          	sw	a1,16(a3)
20002bcc:	00b6aa23          	sw	a1,20(a3)
20002bd0:	00b6ac23          	sw	a1,24(a3)
20002bd4:	00b6ae23          	sw	a1,28(a3)
20002bd8:	02b6a023          	sw	a1,32(a3)
20002bdc:	02b6a223          	sw	a1,36(a3)
20002be0:	02b6a423          	sw	a1,40(a3)
20002be4:	02b6a623          	sw	a1,44(a3)
20002be8:	02b6a823          	sw	a1,48(a3)
20002bec:	02b6aa23          	sw	a1,52(a3)
20002bf0:	02b6ac23          	sw	a1,56(a3)
20002bf4:	02b6ae23          	sw	a1,60(a3)
20002bf8:	04b6a023          	sw	a1,64(a3)
20002bfc:	04b6a223          	sw	a1,68(a3)
20002c00:	04b6a423          	sw	a1,72(a3)
20002c04:	04b6a623          	sw	a1,76(a3)
20002c08:	04b6a823          	sw	a1,80(a3)
20002c0c:	04b6aa23          	sw	a1,84(a3)
20002c10:	04b6ac23          	sw	a1,88(a3)
20002c14:	04b6ae23          	sw	a1,92(a3)
20002c18:	06b6a023          	sw	a1,96(a3)
20002c1c:	06b6a223          	sw	a1,100(a3)
20002c20:	06b6a423          	sw	a1,104(a3)
20002c24:	06b6a623          	sw	a1,108(a3)
20002c28:	06b6a823          	sw	a1,112(a3)
20002c2c:	06b6aa23          	sw	a1,116(a3)
20002c30:	06b6ac23          	sw	a1,120(a3)
20002c34:	06b6ae23          	sw	a1,124(a3)
20002c38:	08068693          	addi	a3,a3,128
20002c3c:	f666eee3          	bltu	a3,t1,20002bb8 <memset+0x5c>
20002c40:	8a0d                	andi	a2,a2,3
20002c42:	c659                	beqz	a2,20002cd0 <memset+0x174>
20002c44:	00000297          	auipc	t0,0x0
20002c48:	40c78633          	sub	a2,a5,a2
20002c4c:	205642b3          	sh2add	t0,a2,t0
20002c50:	01028067          	jr	16(t0) # 20002c54 <memset+0xf8>
20002c54:	00b68f23          	sb	a1,30(a3)
20002c58:	00b68ea3          	sb	a1,29(a3)
20002c5c:	00b68e23          	sb	a1,28(a3)
20002c60:	00b68da3          	sb	a1,27(a3)
20002c64:	00b68d23          	sb	a1,26(a3)
20002c68:	00b68ca3          	sb	a1,25(a3)
20002c6c:	00b68c23          	sb	a1,24(a3)
20002c70:	00b68ba3          	sb	a1,23(a3)
20002c74:	00b68b23          	sb	a1,22(a3)
20002c78:	00b68aa3          	sb	a1,21(a3)
20002c7c:	00b68a23          	sb	a1,20(a3)
20002c80:	00b689a3          	sb	a1,19(a3)
20002c84:	00b68923          	sb	a1,18(a3)
20002c88:	00b688a3          	sb	a1,17(a3)
20002c8c:	00b68823          	sb	a1,16(a3)
20002c90:	00b687a3          	sb	a1,15(a3)
20002c94:	00b68723          	sb	a1,14(a3)
20002c98:	00b686a3          	sb	a1,13(a3)
20002c9c:	00b68623          	sb	a1,12(a3)
20002ca0:	00b685a3          	sb	a1,11(a3)
20002ca4:	00b68523          	sb	a1,10(a3)
20002ca8:	00b684a3          	sb	a1,9(a3)
20002cac:	00b68423          	sb	a1,8(a3)
20002cb0:	00b683a3          	sb	a1,7(a3)
20002cb4:	00b68323          	sb	a1,6(a3)
20002cb8:	00b682a3          	sb	a1,5(a3)
20002cbc:	00b68223          	sb	a1,4(a3)
20002cc0:	00b681a3          	sb	a1,3(a3)
20002cc4:	00b68123          	sb	a1,2(a3)
20002cc8:	00b680a3          	sb	a1,1(a3)
20002ccc:	00b68023          	sb	a1,0(a3)
20002cd0:	8082                	ret
20002cd2:	0001                	nop

20002cd4 <memcpy>:
20002cd4:	478d                	li	a5,3
20002cd6:	00c50733          	add	a4,a0,a2
20002cda:	08c7f363          	bgeu	a5,a2,20002d60 <memcpy+0x8c>
20002cde:	00a5c7b3          	xor	a5,a1,a0
20002ce2:	8b8d                	andi	a5,a5,3
20002ce4:	e7d5                	bnez	a5,20002d90 <memcpy+0xbc>
20002ce6:	00357693          	andi	a3,a0,3
20002cea:	87aa                	mv	a5,a0
20002cec:	12069863          	bnez	a3,20002e1c <memcpy+0x148>
20002cf0:	ffc77613          	andi	a2,a4,-4
20002cf4:	40f60833          	sub	a6,a2,a5
20002cf8:	02000693          	li	a3,32
20002cfc:	0106c563          	blt	a3,a6,20002d06 <memcpy+0x32>
20002d00:	06e7ed63          	bltu	a5,a4,20002d7a <memcpy+0xa6>
20002d04:	8082                	ret
20002d06:	0005a803          	lw	a6,0(a1)
20002d0a:	0045a283          	lw	t0,4(a1)
20002d0e:	0085af83          	lw	t6,8(a1)
20002d12:	00c5af03          	lw	t5,12(a1)
20002d16:	0105ae83          	lw	t4,16(a1)
20002d1a:	0145ae03          	lw	t3,20(a1)
20002d1e:	0185a303          	lw	t1,24(a1)
20002d22:	01c5a883          	lw	a7,28(a1)
20002d26:	0107a023          	sw	a6,0(a5)
20002d2a:	0205a803          	lw	a6,32(a1)
20002d2e:	02478793          	addi	a5,a5,36
20002d32:	fe57a023          	sw	t0,-32(a5)
20002d36:	ff07ae23          	sw	a6,-4(a5)
20002d3a:	fff7a223          	sw	t6,-28(a5)
20002d3e:	40f60833          	sub	a6,a2,a5
20002d42:	ffe7a423          	sw	t5,-24(a5)
20002d46:	ffd7a623          	sw	t4,-20(a5)
20002d4a:	ffc7a823          	sw	t3,-16(a5)
20002d4e:	fe67aa23          	sw	t1,-12(a5)
20002d52:	ff17ac23          	sw	a7,-8(a5)
20002d56:	02458593          	addi	a1,a1,36
20002d5a:	fb06c6e3          	blt	a3,a6,20002d06 <memcpy+0x32>
20002d5e:	b74d                	j	20002d00 <memcpy+0x2c>
20002d60:	fae572e3          	bgeu	a0,a4,20002d04 <memcpy+0x30>
20002d64:	962e                	add	a2,a2,a1
20002d66:	87aa                	mv	a5,a0
20002d68:	0005c703          	lbu	a4,0(a1)
20002d6c:	0585                	addi	a1,a1,1
20002d6e:	0785                	addi	a5,a5,1
20002d70:	fee78fa3          	sb	a4,-1(a5)
20002d74:	feb61ae3          	bne	a2,a1,20002d68 <memcpy+0x94>
20002d78:	8082                	ret
20002d7a:	8f1d                	sub	a4,a4,a5
20002d7c:	972e                	add	a4,a4,a1
20002d7e:	0005c683          	lbu	a3,0(a1)
20002d82:	0585                	addi	a1,a1,1
20002d84:	0785                	addi	a5,a5,1
20002d86:	fed78fa3          	sb	a3,-1(a5)
20002d8a:	fee59ae3          	bne	a1,a4,20002d7e <memcpy+0xaa>
20002d8e:	8082                	ret
20002d90:	40a008b3          	neg	a7,a0
20002d94:	0038f893          	andi	a7,a7,3
20002d98:	01150eb3          	add	t4,a0,a7
20002d9c:	87aa                	mv	a5,a0
20002d9e:	98ae                	add	a7,a7,a1
20002da0:	01d57a63          	bgeu	a0,t4,20002db4 <memcpy+0xe0>
20002da4:	0005c683          	lbu	a3,0(a1)
20002da8:	0585                	addi	a1,a1,1
20002daa:	0785                	addi	a5,a5,1
20002dac:	fed78fa3          	sb	a3,-1(a5)
20002db0:	ff159ae3          	bne	a1,a7,20002da4 <memcpy+0xd0>
20002db4:	ffc77313          	andi	t1,a4,-4
20002db8:	86c6                	mv	a3,a7
20002dba:	046ef363          	bgeu	t4,t1,20002e00 <memcpy+0x12c>
20002dbe:	87c6                	mv	a5,a7
20002dc0:	8876                	mv	a6,t4
20002dc2:	0017c583          	lbu	a1,1(a5)
20002dc6:	0007ce03          	lbu	t3,0(a5)
20002dca:	0027c603          	lbu	a2,2(a5)
20002dce:	0037c683          	lbu	a3,3(a5)
20002dd2:	05a2                	slli	a1,a1,0x8
20002dd4:	01c5e5b3          	or	a1,a1,t3
20002dd8:	0642                	slli	a2,a2,0x10
20002dda:	8e4d                	or	a2,a2,a1
20002ddc:	06e2                	slli	a3,a3,0x18
20002dde:	0811                	addi	a6,a6,4
20002de0:	8ed1                	or	a3,a3,a2
20002de2:	fed82e23          	sw	a3,-4(a6)
20002de6:	0791                	addi	a5,a5,4
20002de8:	fc686de3          	bltu	a6,t1,20002dc2 <memcpy+0xee>
20002dec:	fff30793          	addi	a5,t1,-1
20002df0:	41d787b3          	sub	a5,a5,t4
20002df4:	9bf1                	andi	a5,a5,-4
20002df6:	0891                	addi	a7,a7,4
20002df8:	0e91                	addi	t4,t4,4
20002dfa:	00f886b3          	add	a3,a7,a5
20002dfe:	9ebe                	add	t4,t4,a5
20002e00:	f0eef2e3          	bgeu	t4,a4,20002d04 <memcpy+0x30>
20002e04:	41d70733          	sub	a4,a4,t4
20002e08:	9736                	add	a4,a4,a3
20002e0a:	0006c783          	lbu	a5,0(a3)
20002e0e:	0685                	addi	a3,a3,1
20002e10:	0e85                	addi	t4,t4,1
20002e12:	fefe8fa3          	sb	a5,-1(t4)
20002e16:	fed71ae3          	bne	a4,a3,20002e0a <memcpy+0x136>
20002e1a:	8082                	ret
20002e1c:	4811                	li	a6,4
20002e1e:	40d80833          	sub	a6,a6,a3
20002e22:	010507b3          	add	a5,a0,a6
20002e26:	86aa                	mv	a3,a0
20002e28:	982e                	add	a6,a6,a1
20002e2a:	00f57a63          	bgeu	a0,a5,20002e3e <memcpy+0x16a>
20002e2e:	0005c603          	lbu	a2,0(a1)
20002e32:	0585                	addi	a1,a1,1
20002e34:	0685                	addi	a3,a3,1
20002e36:	fec68fa3          	sb	a2,-1(a3)
20002e3a:	ff059ae3          	bne	a1,a6,20002e2e <memcpy+0x15a>
20002e3e:	85c2                	mv	a1,a6
20002e40:	bd45                	j	20002cf0 <memcpy+0x1c>

20002e42 <strlen>:
20002e42:	00357793          	andi	a5,a0,3
20002e46:	872a                	mv	a4,a0
20002e48:	e39d                	bnez	a5,20002e6e <strlen+0x2c>
20002e4a:	56fd                	li	a3,-1
20002e4c:	431c                	lw	a5,0(a4)
20002e4e:	0711                	addi	a4,a4,4
20002e50:	2877d793          	orc.b	a5,a5
20002e54:	fed78ce3          	beq	a5,a3,20002e4c <strlen+0xa>
20002e58:	fff7c793          	not	a5,a5
20002e5c:	60179793          	ctz	a5,a5
20002e60:	838d                	srli	a5,a5,0x3
20002e62:	17f1                	addi	a5,a5,-4
20002e64:	8f09                	sub	a4,a4,a0
20002e66:	00e78533          	add	a0,a5,a4
20002e6a:	8082                	ret
20002e6c:	def9                	beqz	a3,20002e4a <strlen+0x8>
20002e6e:	00074783          	lbu	a5,0(a4)
20002e72:	0705                	addi	a4,a4,1
20002e74:	00377693          	andi	a3,a4,3
20002e78:	fbf5                	bnez	a5,20002e6c <strlen+0x2a>
20002e7a:	8f09                	sub	a4,a4,a0
20002e7c:	fff70513          	addi	a0,a4,-1
20002e80:	8082                	ret
20002e82:	0000                	unimp
20002e84:	1eae                	slli	t4,t4,0x2b
20002e86:	2000                	.insn	2, 0x2000
20002e88:	1e04                	addi	s1,sp,816
20002e8a:	2000                	.insn	2, 0x2000
20002e8c:	1dee                	slli	s11,s11,0x3b
20002e8e:	2000                	.insn	2, 0x2000
20002e90:	1e04                	addi	s1,sp,816
20002e92:	2000                	.insn	2, 0x2000
20002e94:	1ea0                	addi	s0,sp,888
20002e96:	2000                	.insn	2, 0x2000
20002e98:	1e04                	addi	s1,sp,816
20002e9a:	2000                	.insn	2, 0x2000
20002e9c:	1dee                	slli	s11,s11,0x3b
20002e9e:	2000                	.insn	2, 0x2000
20002ea0:	1eae                	slli	t4,t4,0x2b
20002ea2:	2000                	.insn	2, 0x2000
20002ea4:	1eae                	slli	t4,t4,0x2b
20002ea6:	2000                	.insn	2, 0x2000
20002ea8:	1ea0                	addi	s0,sp,888
20002eaa:	2000                	.insn	2, 0x2000
20002eac:	1dee                	slli	s11,s11,0x3b
20002eae:	2000                	.insn	2, 0x2000
20002eb0:	1e0a                	slli	t3,t3,0x22
20002eb2:	2000                	.insn	2, 0x2000
20002eb4:	1e0a                	slli	t3,t3,0x22
20002eb6:	2000                	.insn	2, 0x2000
20002eb8:	1e0a                	slli	t3,t3,0x22
20002eba:	2000                	.insn	2, 0x2000
20002ebc:	1ea0                	addi	s0,sp,888
20002ebe:	2000                	.insn	2, 0x2000

20002ec0 <__clz_tab>:
20002ec0:	0100 0202 0303 0303 0404 0404 0404 0404     ................
20002ed0:	0505 0505 0505 0505 0505 0505 0505 0505     ................
20002ee0:	0606 0606 0606 0606 0606 0606 0606 0606     ................
20002ef0:	0606 0606 0606 0606 0606 0606 0606 0606     ................
20002f00:	0707 0707 0707 0707 0707 0707 0707 0707     ................
20002f10:	0707 0707 0707 0707 0707 0707 0707 0707     ................
20002f20:	0707 0707 0707 0707 0707 0707 0707 0707     ................
20002f30:	0707 0707 0707 0707 0707 0707 0707 0707     ................
20002f40:	0808 0808 0808 0808 0808 0808 0808 0808     ................
20002f50:	0808 0808 0808 0808 0808 0808 0808 0808     ................
20002f60:	0808 0808 0808 0808 0808 0808 0808 0808     ................
20002f70:	0808 0808 0808 0808 0808 0808 0808 0808     ................
20002f80:	0808 0808 0808 0808 0808 0808 0808 0808     ................
20002f90:	0808 0808 0808 0808 0808 0808 0808 0808     ................
20002fa0:	0808 0808 0808 0808 0808 0808 0808 0808     ................
20002fb0:	0808 0808 0808 0808 0808 0808 0808 0808     ................

20002fc0 <irq_handler_chain_slots>:
	...
20002fc8:	0000                	unimp
20002fca:	0001                	nop
	...
20002fd4:	0000                	unimp
20002fd6:	0002                	c.slli	zero,0x0
	...
20002fe0:	0000                	unimp
20002fe2:	00000003          	lb	zero,0(zero) # 0 <__tbss_offset>
	...
20002fee:	0004                	.insn	2, 0x0004
	...
20002ff8:	0000                	unimp
20002ffa:	0005                	c.nop	1
	...
20003004:	0000                	unimp
20003006:	00ff                	.short	0x00ff

20003008 <irq_handler_chain_first_slot>:
20003008:	b842                	.insn	2, 0xb842
2000300a:	00428093          	addi	ra,t0,4
2000300e:	0002a283          	lw	t0,0(t0)
20003012:	8282                	jr	t0

20003014 <irq_handler_chain_remove_tail>:
20003014:	ff608513          	addi	a0,ra,-10
20003018:	efffe097          	auipc	ra,0xefffe
2000301c:	a70080e7          	jalr	-1424(ra) # 10000a88 <irq_add_tail_to_free_list>
20003020:	be42                	.insn	2, 0xbe42
	...

20003024 <default_alarm_pool>:
	...
20003038:	3258 2000 0000 0000                         X2. ....

20003040 <__VECTOR_TABLE>:
20003040:	1a00006f          	j	200031e0 <__default_isrs_start>
	...
2000304c:	1960006f          	j	200031e2 <isr_riscv_machine_soft_irq>
	...
2000305c:	1840006f          	j	200031e0 <__default_isrs_start>
	...

2000306c <isr_riscv_machine_external_irq>:
2000306c:	715d                	addi	sp,sp,-80
2000306e:	c006                	sw	ra,0(sp)
20003070:	c216                	sw	t0,4(sp)
20003072:	c41a                	sw	t1,8(sp)
20003074:	c61e                	sw	t2,12(sp)
20003076:	c82a                	sw	a0,16(sp)
20003078:	ca2e                	sw	a1,20(sp)
2000307a:	cc32                	sw	a2,24(sp)
2000307c:	ce36                	sw	a3,28(sp)
2000307e:	d03a                	sw	a4,32(sp)
20003080:	d23e                	sw	a5,36(sp)
20003082:	d442                	sw	a6,40(sp)
20003084:	d646                	sw	a7,44(sp)
20003086:	d872                	sw	t3,48(sp)
20003088:	da76                	sw	t4,52(sp)
2000308a:	dc7a                	sw	t5,56(sp)
2000308c:	de7e                	sw	t6,60(sp)
2000308e:	34102573          	csrr	a0,mepc
20003092:	300025f3          	csrr	a1,mstatus
20003096:	c0aa                	sw	a0,64(sp)
20003098:	c2ae                	sw	a1,68(sp)

2000309a <save_meicontext>:
2000309a:	be516673          	csrrsi	a2,0xbe5,2
2000309e:	c4b2                	sw	a2,72(sp)

200030a0 <get_first_irq>:
200030a0:	be40e573          	csrrsi	a0,0xbe4,1
200030a4:	02054163          	bltz	a0,200030c6 <no_more_irqs>

200030a8 <dispatch_irq>:
200030a8:	30046073          	csrsi	mstatus,8
200030ac:	200035b7          	lui	a1,0x20003
200030b0:	95aa                	add	a1,a1,a0
200030b2:	1105a583          	lw	a1,272(a1) # 20003110 <__soft_vector_table>
200030b6:	000580e7          	jalr	a1
200030ba:	30047073          	csrci	mstatus,8

200030be <get_next_irq>:
200030be:	be40e573          	csrrsi	a0,0xbe4,1
200030c2:	fe0553e3          	bgez	a0,200030a8 <dispatch_irq>

200030c6 <no_more_irqs>:
200030c6:	4506                	lw	a0,64(sp)
200030c8:	4596                	lw	a1,68(sp)
200030ca:	4626                	lw	a2,72(sp)
200030cc:	34151073          	csrw	mepc,a0
200030d0:	30059073          	csrw	mstatus,a1
200030d4:	be561073          	csrw	0xbe5,a2
200030d8:	4082                	lw	ra,0(sp)
200030da:	4292                	lw	t0,4(sp)
200030dc:	4322                	lw	t1,8(sp)
200030de:	43b2                	lw	t2,12(sp)
200030e0:	45d2                	lw	a1,20(sp)
200030e2:	4662                	lw	a2,24(sp)
200030e4:	46f2                	lw	a3,28(sp)
200030e6:	5702                	lw	a4,32(sp)
200030e8:	5792                	lw	a5,36(sp)
200030ea:	5822                	lw	a6,40(sp)
200030ec:	58b2                	lw	a7,44(sp)
200030ee:	5e42                	lw	t3,48(sp)
200030f0:	5ed2                	lw	t4,52(sp)
200030f2:	5f62                	lw	t5,56(sp)
200030f4:	5ff2                	lw	t6,60(sp)

200030f6 <check_irq_before_exit>:
200030f6:	be402573          	csrr	a0,0xbe4
200030fa:	fa0550e3          	bgez	a0,2000309a <save_meicontext>
200030fe:	4542                	lw	a0,16(sp)
20003100:	6161                	addi	sp,sp,80
20003102:	30200073          	mret
	...

20003110 <__soft_vector_table>:
20003110:	31e4                	.insn	2, 0x31e4
20003112:	2000                	.insn	2, 0x2000
20003114:	31e4                	.insn	2, 0x31e4
20003116:	2000                	.insn	2, 0x2000
20003118:	31e4                	.insn	2, 0x31e4
2000311a:	2000                	.insn	2, 0x2000
2000311c:	31e4                	.insn	2, 0x31e4
2000311e:	2000                	.insn	2, 0x2000
20003120:	31e4                	.insn	2, 0x31e4
20003122:	2000                	.insn	2, 0x2000
20003124:	31e4                	.insn	2, 0x31e4
20003126:	2000                	.insn	2, 0x2000
20003128:	31e4                	.insn	2, 0x31e4
2000312a:	2000                	.insn	2, 0x2000
2000312c:	31e4                	.insn	2, 0x31e4
2000312e:	2000                	.insn	2, 0x2000
20003130:	31e4                	.insn	2, 0x31e4
20003132:	2000                	.insn	2, 0x2000
20003134:	31e4                	.insn	2, 0x31e4
20003136:	2000                	.insn	2, 0x2000
20003138:	31e4                	.insn	2, 0x31e4
2000313a:	2000                	.insn	2, 0x2000
2000313c:	31e4                	.insn	2, 0x31e4
2000313e:	2000                	.insn	2, 0x2000
20003140:	31e4                	.insn	2, 0x31e4
20003142:	2000                	.insn	2, 0x2000
20003144:	31e4                	.insn	2, 0x31e4
20003146:	2000                	.insn	2, 0x2000
20003148:	31e4                	.insn	2, 0x31e4
2000314a:	2000                	.insn	2, 0x2000
2000314c:	31e4                	.insn	2, 0x31e4
2000314e:	2000                	.insn	2, 0x2000
20003150:	31e4                	.insn	2, 0x31e4
20003152:	2000                	.insn	2, 0x2000
20003154:	31e4                	.insn	2, 0x31e4
20003156:	2000                	.insn	2, 0x2000
20003158:	31e4                	.insn	2, 0x31e4
2000315a:	2000                	.insn	2, 0x2000
2000315c:	31e4                	.insn	2, 0x31e4
2000315e:	2000                	.insn	2, 0x2000
20003160:	31e4                	.insn	2, 0x31e4
20003162:	2000                	.insn	2, 0x2000
20003164:	31e4                	.insn	2, 0x31e4
20003166:	2000                	.insn	2, 0x2000
20003168:	31e4                	.insn	2, 0x31e4
2000316a:	2000                	.insn	2, 0x2000
2000316c:	31e4                	.insn	2, 0x31e4
2000316e:	2000                	.insn	2, 0x2000
20003170:	31e4                	.insn	2, 0x31e4
20003172:	2000                	.insn	2, 0x2000
20003174:	31e4                	.insn	2, 0x31e4
20003176:	2000                	.insn	2, 0x2000
20003178:	31e4                	.insn	2, 0x31e4
2000317a:	2000                	.insn	2, 0x2000
2000317c:	31e4                	.insn	2, 0x31e4
2000317e:	2000                	.insn	2, 0x2000
20003180:	31e4                	.insn	2, 0x31e4
20003182:	2000                	.insn	2, 0x2000
20003184:	31e4                	.insn	2, 0x31e4
20003186:	2000                	.insn	2, 0x2000
20003188:	31e4                	.insn	2, 0x31e4
2000318a:	2000                	.insn	2, 0x2000
2000318c:	31e4                	.insn	2, 0x31e4
2000318e:	2000                	.insn	2, 0x2000
20003190:	31e4                	.insn	2, 0x31e4
20003192:	2000                	.insn	2, 0x2000
20003194:	31e4                	.insn	2, 0x31e4
20003196:	2000                	.insn	2, 0x2000
20003198:	31e4                	.insn	2, 0x31e4
2000319a:	2000                	.insn	2, 0x2000
2000319c:	31e4                	.insn	2, 0x31e4
2000319e:	2000                	.insn	2, 0x2000
200031a0:	31e4                	.insn	2, 0x31e4
200031a2:	2000                	.insn	2, 0x2000
200031a4:	31e4                	.insn	2, 0x31e4
200031a6:	2000                	.insn	2, 0x2000
200031a8:	31e4                	.insn	2, 0x31e4
200031aa:	2000                	.insn	2, 0x2000
200031ac:	31e4                	.insn	2, 0x31e4
200031ae:	2000                	.insn	2, 0x2000
200031b0:	31e4                	.insn	2, 0x31e4
200031b2:	2000                	.insn	2, 0x2000
200031b4:	31e4                	.insn	2, 0x31e4
200031b6:	2000                	.insn	2, 0x2000
200031b8:	31e4                	.insn	2, 0x31e4
200031ba:	2000                	.insn	2, 0x2000
200031bc:	31e4                	.insn	2, 0x31e4
200031be:	2000                	.insn	2, 0x2000
200031c0:	31e4                	.insn	2, 0x31e4
200031c2:	2000                	.insn	2, 0x2000
200031c4:	31e4                	.insn	2, 0x31e4
200031c6:	2000                	.insn	2, 0x2000
200031c8:	31e4                	.insn	2, 0x31e4
200031ca:	2000                	.insn	2, 0x2000
200031cc:	31e4                	.insn	2, 0x31e4
200031ce:	2000                	.insn	2, 0x2000
200031d0:	31e4                	.insn	2, 0x31e4
200031d2:	2000                	.insn	2, 0x2000
200031d4:	31e4                	.insn	2, 0x31e4
200031d6:	2000                	.insn	2, 0x2000
200031d8:	31e4                	.insn	2, 0x31e4
200031da:	2000                	.insn	2, 0x2000
200031dc:	31e4                	.insn	2, 0x31e4
200031de:	2000                	.insn	2, 0x2000

200031e0 <__default_isrs_start>:
200031e0:	9002                	ebreak

200031e2 <isr_riscv_machine_soft_irq>:
200031e2:	9002                	ebreak

200031e4 <__unhandled_user_irq>:
200031e4:	8109                	srli	a0,a0,0x2
200031e6:	9002                	ebreak

200031e8 <stdio_uart>:
200031e8:	3aa8 1000 3b94 1000 3af2 1000 3ba0 1000     .:...;...:...;..
200031f8:	0000 0000 0100 0000                         ........

20003200 <stdio_usb>:
20003200:	3e1c 1000 3dba 1000 3d1e 1000 3c88 1000     .>...=...=...<..
20003210:	0000 0000 0100 0000                         ........

20003218 <_usbd_qdef>:
20003218:	35f0 2000 0010 000c 0000 0000 0000 0000     .5. ............
	...

20003234 <striped_spin_lock_num>:
20003234:	0010 0000                                   ....

20003238 <last_added.0>:
20003238:	ffff ffff ffff 7fff                         ........

20003240 <_usbd_rhport>:
20003240:	00ff 0000                                   ....

20003244 <print_mutex>:
	...
