:020000041000EA
:10000000F2EB8871E480001010810010A80000104D
:1000100090A31AE7D3DEFFFF420101114403000061
:100020003600001000200820FF04000048B3000044
:10003000793512AB79A8974100109381B12F172120
:100040000810130121FC173500101305B5FF7310BC
:100050005530732540F135ED1707000013070705EC
:100060000C4391C55043144731072528D5BF973518
:1000700000109385E51D17460010130626B521A034
:1000800023A005009105E39DC5FEEF306044EF60BD
:10009000C053EF3080430290FDBF884108C29105F4
:1000A0001106E36CD6FE8280108100100000002053
:1000B0004C3200205CB30010000008200000082033
:1000C0005CB30010001008200010082000000000A1
:1000D000828021651305C5DF0285B787034091073C
:1000E000B347F52098438566BE96134707041377F8
:1000F000070C3786024098C23365C5200D67BA9752
:100100004CC11307001098C38280397137830010E7
:1001100022CC2A841305838306CE2ED232D436D63F
:100120003AD83EDA42DC46DEEF30406F01CC4C106C
:1001300022852EC6EF302034378500101305858FB9
:10014000EF30C06D0545EF30E037F3760430B73758
:10015000002093877758139737003317E028F19BD7
:100160002FA8E7443378E800E31C08FE0F003003B3
:1001700093D735003E950347050093F77500B317F5
:10018000F0283378F700631108025D8F2300E50043
:100190000F003003B73700209387C757A3850700A8
:1001A000A18A73A0063082804111328506C6B13F14
:1001B000737E0430B7370020938777581398370041
:1001C00033180029F19BAFA80745B3F80801E39C59
:1001D00008FE0F00300363F6C60015A8050663E8A5
:1001E000C60293573600AA9783C807001378760093
:1001F0003318002933F30801E31203FEB3E80801C2
:100200009356F601328523801701F58D11A07D5597
:100210000F003003B73700209387C757A385070027
:10022000137E8E0073200E3091E1828041113A8559
:1002300006C6E13D3737002003454723DD469307D7
:10024000150093F7F70F63F3F600C147230AF7226F
:100250008280AA85378700103745002013078784DE
:10026000130545B3FD466146A1B7B7360020938616
:10027000C6578147130600020F0030033387F6008C
:10028000230007008507E399C7FE828081463D4829
:100290001D459305400393F736008A073317F8008E
:1002A00013D626004207518F733037BEB317F500BF
:1002B000C207D18F73A037BE8506E39EB6FC73607C
:1002C000043082809357550086073315A028C176E5
:1002D000E98E138717004205558F5D8D91C97330E4
:1002E00025BE733027BE732005BE732007BE8280F3
:1002F000733005BE733007BE828093574500F3A765
:1003000007BEC1833D8933D5A74882809377F50026
:10031000B317F0281181C207C98F73A027BE82804E
:10032000F3275030F19B3345F5200325050DB737F2
:100330000020938707FC1D8D133585048280737719
:100340000430B73700209387575893963700B31679
:10035000D028F19B2FA6D744758E6DFE0F00300379
:10036000F327503013054503F19BB347F5209C4319
:100370006388F500B73600209386461E6396D70241
:10038000F3275030F19B3345F5200CC10F003003AB
:100390000F003003B73700209387C757A3840700A7
:1003A000218B732007308280411106C6EF10C06791
:1003B000411106C673780430B73700209387575829
:1003C000139737003317E028F19BAFA6E744F98E67
:1003D000EDFE0F00300337470020030F87B3634063
:1003E0000F38B73E0020B327EF21938E0EFCB3C821
:1003F000D72183C6A800939F2700230CD7B2F327E9
:10040000503013054503F19BB347F52003AE0700B9
:10041000930770043307DE4163ECE70C8347BE00AB
:100420007283636CF60089A4B327E720B3C7D72192
:1004300083C6B7006374D6143E830307A300E35555
:1004400007FE939615008567FD8EAE9693F606809F
:10045000D2059396B64893E5750EB16F93E2760B8D
:100460009395F528938F2FE493068300B388D840A3
:10047000939718008566F58F93D63800918AD58FAB
:10048000B326EF21B3CED621939378009316B028EC
:100490002305E301B3F6D300139F1800D58F137F14
:1004A0000F6093D62800B3E7E70193F60610139F79
:1004B0001800D58F137F0F0893D6180093F6060403
:1004C000B3E7E7018A08D58F93F88803E976B3E7A5
:1004D00017018506D58F2314F30023A05E0023A205
:1004E000BE002394FE012385EE00A385CE00B9A8AB
:1004F000B73700209387471E6313FE26B7370020C7
:1005000093878700B387174113979700B7061000AA
:10051000A385C80037F60F00758F7D8E93D64701EF
:10052000FE06518F93F7E77F558FD207D98F7177EA
:1005300093E7F72E130727E4FD5623A2B80023A064
:10054000F8002394E8002385D800468EF327503026
:10055000F19B3345F5202320C5010F0030030F0028
:100560003003B73700209387C757A3840700137859
:10057000880073200830B24041018280835283009A
:1005800093878F00F697939F32009306830093FF23
:100590000F02B387F640FE9793DF120093F30F0428
:1005A0009E979393120093F3030822C49E9793FFA0
:1005B0000F301394220093D32200FE9793DF720032
:1005C00093720440969793FF0F0193F2E300B3EF09
:1005D0005F009312B028B3F35300FE97B3877740C0
:1005E000939377000564B3F35300939F170093D25E
:1005F0003700B3FF8F0093F24200B3EF5F00939296
:100600001700B3EF7F0093F2026093D32700B3EF9C
:100610005F0093F3031093921700B3EF7F0093F200
:10062000020893D31700B3EF5F0093921500B3F263
:10063000820093F303048A07B3EF7F00AE9293F72F
:100640008703B3E7FF0093F20280E97FD205850FAD
:100650009392B24893E5750E2244B3EFF70193E20B
:10066000720B9395F52819B5A385C800373600207D
:10067000130686003306164123A2B8003703100084
:1006800093159600B7F60F0093878F00B3F56500BA
:10069000B37FD600B386FE00B3E7F501B7B5AAAACB
:1006A0009385B5AA09873307B702135F4601931EE6
:1006B000FF011376E67FB306DE40B3E7D7015206AB
:1006C0005D8E856E9397160013D336009395760052
:1006D0001366F62E13734300B3F7D701131FB02828
:1006E00023A0C8002385E800B3E7670033F7E501DE
:1006F0009395160003264E00D98F93F5056013D706
:100700002600CD8F1377071013931600D98F93D53A
:1007100016001373030813171600B3E7670093F569
:1007200005048A0693F686033377D701CD8F329777
:10073000D58FE97685061377078052061317B748D9
:10074000D58F1366760E2394F8001367770B131674
:10075000F6282320EE002322CE00468EC5BB22C4FD
:10076000EF10802C73730430B737002093875758ED
:10077000139737003317E028F19BAFA6E744F98EB3
:10078000EDFE0F003003F3275030F19B130E4503AD
:10079000B347FE209043B73800209388481E630279
:1007A000160B6300B60AB73F0020938F0FFC330788
:1007B000F6419307700463E7E70893574500F3A7F2
:1007C00007BE3317A028935E550093120701860ECB
:1007D000B3E2D20173B002BEC176758F850EB3EE5F
:1007E000EE0073B00EBE0F003003732750BE931699
:1007F000070163CE060611831377F71F6312E528FE
:10080000F2831378F50033180029C1833378F80098
:100810003287014F14435C4313F5860019E593F6C4
:1008200006809396B648D187B6976384F50483070C
:10083000A70063C30718B3A7F7203A8F33C7F72180
:10084000D1BF4686F3275030F19BB347FE2090C3BB
:100850000F0030030F003003B73700209387C757CE
:10086000A3840700137383007320033082808143C5
:1008700049BF8305A70063C10516B3A7B520B3C759
:10088000F7219443DC4313F5860019E593F60680BF
:100890009396B648D187B6976303C702939617001D
:1008A0000565E98EBE9693F606809396B648D20704
:1008B00093E6760B93E7770E14C39397F728B3A6C6
:1008C000B520B3C8F62103CFB800139526005CC34A
:1008D000A305E7018386A800B167938727E4230572
:1008E000D70063CD060A83D6880021057E9593D86C
:1008F00016009397360013FF080493F70702B3E737
:10090000E701130F8700B387E741139F1600137F9A
:100910000F0893F80830FA97139F2600C697137FA5
:100920000F4093D826009D82FA97C18A13FFE800F2
:10093000B3E6E601B697131FB028AA97B3F8E8010B
:10094000B3871741939617000565E98E13D53700D5
:10095000939877001189B3F8E801C98E13951700B1
:10096000B3E616011375056093D82700C98E93F876
:10097000081013951700B3E616011375050893D8F0
:100980001700C98E93F8080413952700B3E71601E2
:1009900093768503D58FE9768506D58F3745002078
:1009A000834885B3B3A6B5202314F700B3C7F62157
:1009B000230CB5B223851701630B080073B022BE68
:1009C00073B02EBE73A002BE73A00EBEA5BD73B0E1
:1009D00002BE73B00EBEBDB5639E030263000F0A74
:1009E000F177938727E4FD562314FF002305DF00EA
:1009F000B307F741B7B6AAAA9386B6AA8987B38781
:100A0000D702B746002083C586B32305B700238CE1
:100A1000F6B25DB7B736002093078700938646018C
:100A20009D8E939716008565ED8F93D5360091893D
:100A3000CD8F1315B02893957600E98D1395160088
:100A4000CD8F1375056093D52600C98F93F50510DA
:100A500013951600CD8F1375050893D51600C98F11
:100A600093F505048A06CD8F93F68603D58F93E719
:100A700017009397D7282314F7003DBF46868DBFF4
:100A8000411106C6EF00507AF32750BE13970701B5
:100A9000814563490700918393F7F71F93874703C5
:100AA0009395270073760430B73700209387575803
:100AB000139737003317E028F19BAFA6E744F98E70
:100AC000EDFE0F00300337370020130707FCB30794
:100AD000E540B7B6AAAA9386B6AA8987B387D70294
:100AE00093974760F3265030F19AAE969442638E06
:100AF000A6048306A7006382F60883066701638065
:100B0000F60883062702638EF6068306E702638CE7
:100B1000F6068306A703638AF606830667046380E6
:100B2000F60437470020834687B3230CF7B223052A
:100B3000D5000F003003B73700209387C757A38431
:100B40000700218A73200630828073275030B73621
:100B50000020719B2E979386461E14C3D9B79546E5
:100B6000B3A6D620B3C6E62071777D58130727E4D5
:100B7000238506012394E6006DB78146D5B78546E7
:100B8000C5B78946F1BF8D46E1BF9146D1BFAA8561
:100B9000378700103745002041111307478613059A
:100BA00095B39546014606C6EFF08FE06346050013
:100BB000930730033385A740B24041018280B737A5
:100BC00000209387C757AE971CC18280011122CCA9
:100BD00026CA37340020B734002006CE130444243C
:100BE0009384C424637794024AC84EC61309F00F55
:100BF000FD591C4085C7EFF0EFE3AA852285C13778
:100C0000231224010F0030032104E36494FE4249BF
:100C1000B249F2406244D24405618280EFF08FE134
:100C2000AA852285693F230234010F003003210485
:100C3000E36194FCE9BF411106C622C42A84EFF0A7
:100C40006FDFAA852285A53FFD572302F4000F0020
:100C50003003B240224441018280411122C42A84DF
:100C6000054506C6EFF0EFDEB73700209387C7577C
:100C7000AA971CC00F003003B24022444101828079
:100C8000B73700209387C757AE971CC10F003003BA
:100C90008280374600208327C6B37377043093964B
:100CA0003700B316D028F19BAFA5D744F58DEDFDE5
:100CB0000F00300383C791800326C6B38507A38442
:100CC000F1800F003003230006009377870073A0A4
:100CD000073033201000014581458280397106DEDE
:100CE00022DC26DA4AD84ED652D456D25AD05ECE1C
:100CF00062CC66CA6AC8F32750BE139707016348DF
:100D0000073213D947009377C91F13793900B319F4
:100D10002029B70B0B406398073437470020B3C72F
:100D20002721130707B0B3C7E72083AA07008D6701
:100D300093874704DE97371A001023A03701130A60
:100D4000CACD7D54FD54039B8A0023AE3B036358F8
:100D50000B0883D74A009397576063DD071483C756
:100D60006A006396071E039B8A0063470B0403A770
:100D70004A01332B6B21FD57336BEB20032C8B0087
:100D8000032BCB006302FC2AB346792103A78B0215
:100D90009C4A3306EC40998F6360F60483A70B02EC
:100DA000B3D7274995CB5E85EF00B00063C66501D8
:100DB000E31BBBF8E37985F933201000F25062544D
:100DC000D2544259B259225A925A025BF24B624CA7
:100DD000D24C424D2161828023A88601E9B783A7C6
:100DE0004A01332C6B215E85336CFC20832CCC00B4
:100DF000032D8C007D2FE3CE95F56383BC1C63C56A
:100E00000C1C83270C0183254C0163854725039720
:100E10008A0003552C004207598D82972E87AA8796
:100E2000B3E6E7006382061A63590720B306FD4064
:100E3000333DDD00B387EC40B387A74103170C00B7
:100E40002324DC002326FC00E34507F003A84A0125
:100E50003325E72013161700336505214C458328F9
:100E60008500E3C8B7EE6394F500E3E416EF23943E
:100E7000EA0013858A0031A0832886004C461316A9
:100E800017003A9663CEB7006383F51E33650621DB
:100E9000031705003326E72033660621E35E07FCCF
:100EA0002310EC002310650183D74A009397576005
:100EB000E3C707EA83A70A017377043093963700E4
:100EC000B316D028F19B2FA6D744758E6DFE0F0068
:100ED000300383D84A00FD572392FA009398586054
:100EE00083A70A010F003003238007009377870050
:100EF00073A00730E3C508E603A54A0103978A00FB
:100F000033A818213368A82093858A006345070217
:100F1000032388000326C80001A8638BC60E03972D
:100F20000700BE8563490700B327E720B3E7A72082
:100F3000D447E354D6FE23901501831808002310EC
:100F4000E800E3DD08FA83C76A00E38E07E0238345
:100F50000A00039B8A00FD555A87E30FBBE403A5F3
:100F60004A01B327E7203A86B3E7A72083D62700B4
:100F70000397070013888A009396566063C206029F
:100F80003E88E304B7DEB327E720B3E7A72083D684
:100F900027003A860397070093965660E3D206FE31
:100FA00080C7C4C7E30FCBFC2310E80083D68A00B8
:100FB000328B2390D7002394CA00E316B7FC75B395
:100FC000E369A5D9E3DF0CE203570C0083A70A010C
:100FD0002394EA007377043093963700B316D02831
:100FE000F19B2FA6D744758E6DFE0F00300383D67C
:100FF0002A0083A70A012310DC0023916A010F0055
:101000003003238007009377870073A0073091B3E4
:101010009447E376D3F0239015018318080023103A
:10102000E800E3DD08EC05B7E3108BD7ADBB8549DD
:10103000CE870149B78B0B40CDB15E853AC63EC421
:101040008D2BA2473247B306F500B3B7A600BA9579
:10105000AE97EDB39C492E852EC4829735D5A24517
:101060009C41D84175BB8547B78B0B407DB1E3FFF1
:1010700016E13DB5B737002093874702984B19C753
:10108000374500201305C5B3A94515BE41118D454F
:1010900037050B4006C622C4FD29373400209307CC
:1010A000440237080B4023A60701EFF0AF989307DF
:1010B0004402AA850D452380A700370700D00323EB
:1010C0000700B7360020D84B9386C6573706110065
:1010D000AE967D16BD4894CBA380670090C7239140
:1010E0001701FD5509439148154699462392B700CB
:1010F00023146704231C17072318C7082314D70ACF
:101100009D42A146A54F294FAD4E314E3543B948BA
:101110000546231CD70C2310A7062310570C2318B1
:10112000F70F2314E7112310D713231CC713231819
:101130006714231417172310B7002318C702231CA2
:10114000070037080B40B71500102320D802374797
:1011500000209385C5CD2326F7B0EFF04F9E85453F
:101160000D45EFF02F962244B240B7270B40A14621
:10117000B4C3374500201305C5B3A945410181B467
:1011800037350020130545028280797106D62A88FA
:101190002E8395E73ACE36CC32CA2EC82AC6152100
:1011A0004243524632483305A3403335A300B305CA
:1011B000B640898DE2467247014563C6050C832718
:1011C0000801F3750430139537003315A028F19BFF
:1011D000AFA8A744B3F8A800E39C08FE0F003003B3
:1011E0008318280003250801A18963C1080A032E7A
:1011F0004801B3A71821B3E7C72103DE0700231175
:10120000C8010F0030032300050073A0053083D50B
:101210002700054E13950801F295C605C581B3F563
:10122000C50BD8CB94CB23A46700D0C72391B700BC
:101230004D8D03270801F37604301316370033165B
:10124000C028719BAF25C744F18DEDFD0F00300321
:1012500003564800032708012390C70023121801F2
:101260000F0030032300070093F7860073A00730B8
:10127000034708008327C80089669386460433170E
:10128000E028B69798C3B250456182800F003003C2
:101290002300050073A00530B2507D554561828062
:1012A000B283AA8710492E83F375043013153600D4
:1012B0003315A028719A2F28A6443378A800E31C80
:1012C00008FE0F0030038398270013F685008C4B2F
:1012D00063CE0808C84B33A818213368A8200355EB
:1012E00008002391A7000F0030032380050073201E
:1012F0000630035628008545139508012E964606AC
:1013000045823376B60A232AE8002328D80023240E
:101310006800232678002311C800518D984BF3767E
:101320000430131637003316C028719BAF25C7440D
:10133000F18DEDFD0F00300303D64700984B2310CD
:10134000C800239217010F0030032300070013F792
:1013500086007320073003C70700DC478966938641
:1013600046043317E028B69798C382800F003003F5
:1013700023800500732006307D5582800357A50029
:1013800093D7054163D8E7045449B3A7F720184918
:10139000B3E7D720F3760430131637003316C0288E
:1013A000719B2F28C7443378C800E31C08FE0F0048
:1013B000300303D62700B3C5050813F78600B346EC
:1013C0000608630BB6001C490F003003238007009A
:1013D00073200730014582806176D18E2391D7003A
:1013E00085472303F50014490F00300323800600CE
:1013F00073200730834605005845096613064604E6
:10140000B316D02832973E8514C382800345150059
:101410008280F32750BE1397070163510708B7383E
:10142000002083A788232E862A88638AA708B737D7
:101430000020011193874702D84706CE83C70700D3
:101440003A8532C642C43EC23AC0A52202479247FC
:1014500022483246B3C7E7209C4B3307A840B30568
:10146000B640B336E800958D898F63C7050699E1CC
:101470006364F7063320000037070B405C5363EDCD
:10148000C70E1857918FB337F00033370701133762
:101490001700D98FF2403E8505618280B7060B4068
:1014A000D8528147636BB7009C560D8F3337E000ED
:1014B000B3B7A70093B71700D98F3E85828083A763
:1014C000C823E396B7F63320000037070B405C5380
:1014D00063F9B70A8147D5B732C242C0DD2002485E
:1014E00012463305A8403335A800B305B640898DB0
:1014F00063CF0506B7370020B7160010C285938664
:1015000026C901471385470242C232C0513B0246F9
:101510001248B7380020635CA00437070B405C53C7
:1015200023AC082323AEC82263E7C700185763968D
:10153000C7006374070133200000B7370020AA8575
:101540001385470232C042C2153DB7060B40D85240
:1015500002468147E360C7F49C561248118F333727
:10156000E000B3B7070193B71700D98F25B7370746
:101570000B405C53E3F7C7F0F24081473E850561BD
:10158000828018578D8FB337F0003337A700133799
:101590001700D98F1DB7B787F4BFAA9793B7170065
:1015A0001385F180378600103E95130606886FE09C
:1015B000DFB94C51AA8788572E87CC53E31DB7FE5D
:1015C0008280B7070B40CC5388572E87CC53E39DBE
:1015D000E5FE828037070B405C5303288702BE86F6
:1015E0005C53E39CD7FE33060501BE953335A60058
:1015F0002E95636CF5026388A702B7070B40DC5396
:1016000063F7A70037070B405C53E3EFA7FE639B2C
:10161000A70037070B4021A054536395F6001457D9
:10162000E3ECC6FE8280E37A06FDB7070B40DC538D
:101630007D552A86E398A7FCE9BF011122CC2A84B4
:10164000194526CA06CEAE84F52A51CDB787074084
:1016500037070004630DF40EB727024098C3B7069E
:101660000240B737024098C3A1069C42B377F740C7
:10167000EDFFB787F8BFA2971387318193B71700A3
:10168000B3A7E7201945130700102390E7005D2A50
:1016900093173500B3D79702850713D7770029EB47
:1016A00093040004854654D018D418589377170033
:1016B000ADE385679387C702A297545423A0070020
:1016C00018D819453EC4BD2A0A0533559502585409
:1016D000A24713061030134707071377E70798C38D
:1016E0008D4610D834C4F2406244D24405618280F1
:1016F00041667916C166637FE604FD16014754D042
:1017000018D41858B7044000938404FC937717004A
:10171000CDD38D6793870703A2979306103094C3A8
:101720005C50145419459A07B6973AC63EC4192A14
:10173000B7862B8F938656B73335D502A24781459E
:10174000AA072D8133D5A702713532479DB73707D8
:10175000000819B785839316670093F7F703B384DE
:10176000F600BA863E8781B7B70701403327A52028
:101770003347F72003284700C1676373F8005CC351
:101780009387F5FF9308C5FF81E793B72800B5E776
:10179000373800201308086BB347052103A307005F
:1017A0008D67BA97131EB02823A0C7010A056319D5
:1017B0000302032307001606856733466600137687
:1017C000060EBA9790C30546637016078967BA97E5
:1017D0001316B02890C34295C16714C15CC38280C0
:1017E00083274801B3D767028507B3A7F720010015
:1017F0009387E7FFE3DE07FE6DBF8D67BA970D485D
:1018000023A007011C47858BF5DF03280700160678
:101810008567334606011376060EBA9737380020DF
:101820000A0590C31308086B832807003316B028F5
:10183000B3C8150193F8380023A017011C47F18F96
:10184000F5DF69B7B73700209387076B3345F5207D
:1018500008418280B727B700938707B0B3D7B70294
:1018600083280500C206320733E8E6003356F60245
:1018700063C40804B787054011676300F506B727FE
:10188000024098C3B7060240B737024098C3A1068A
:101890009C42B377F740EDFF0D670CC1110710C5EF
:1018A0002A97930710021CC31C41E3DF07FE23267F
:1018B0000501A1471CC382801C4193F7F703E39BFA
:1018C000B7FA1C45D207D183E396C7FA5C45377750
:1018D0000700F98FE39007FB828021674DB7B7B708
:1018E0000D403707004098C329C5B7C607B0B747B2
:1018F000F84F37870D409386360D9387D7F254CF34
:10190000A98F1CD34CD308D7B7B60D40B7070040FA
:10191000370700029CC24D17B7A7014098C7B70709
:1019200000079CC201EEB7A70D403707008098C39F
:101930008280B7870D4023AE0700F9B73346C62033
:101940003346C6203346C6200E06B7070001637E25
:10195000F600B287A3ABF180B7870D40D0C337073D
:101960000040B7A70D4098C38280FD173E86DDB7C3
:10197000B78710403325A5203345F5204CC1854756
:101980001CC18280A1679387A7DF83D707008545A5
:101990008287411122C426C206C6AA842E846345CA
:1019A000050005C613E40503A1679387A7DF83D766
:1019B000070011658545130525258297AA87A68608
:1019C0002286A94513052010829713E40502E9BF7A
:1019D000B7170E409387878298437DDF0F0030034F
:1019E0008280B7170E4037170E409387C7801307C2
:1019F000C7820F00300323A007009107E39BE7FE97
:101A000082808567938707AA378704401CC39307A2
:101A1000A0115CC7B7B6FA00B7A7044094C35C43F3
:101A2000E3DF07FE828082803785001041111305B5
:101A3000458A06C6EFE06FED411122C426C2377415
:101A40000010B784001006C61304447F93840483F7
:101A5000637794001C4011048297E36D94FEB240BA
:101A60002244924441018280B747EFEF9387F7B752
:101A7000B72602403707F4039CC25917B737024014
:101A8000B706024098C3A1069C42B377F740EDFF2A
:101A90008280B7071150F847A1676303F70082807F
:101AA000B727115037070400F8C782803707002096
:101AB0007D17B7370240B706024098C3A1069C4283
:101AC000B377F740EDFF8280156541111305352589
:101AD00006C64D3DB240AA87114541018287156572
:101AE00041111305352506C6713DB240AA8705454B
:101AF000410182876FE06FF7411122C406C626C2FA
:101B00004AC03704014023220408E53DB7370140AD
:101B10000547D8DF7C40E39FE7FE0D47B73701401C
:101B200098DB0544370701401C5FE39F87FE37368B
:101B30006859A285130606F0094795463705054002
:101B4000113B154737968647BA86A285130606C00D
:101B5000378505400133B726B700938606B00146A6
:101B6000894511451131B7D6F008A285938606182C
:101B700001461545D53EB776DC02938606C0014680
:101B800081452145D536B776DC02938606C00146ED
:101B900081452545D13EB7D6F00893860618014603
:101BA00081451945D136B7D6F00893860618014607
:101BB00081451D45553E11457131B7E71B4393875C
:101BC00037E8B334F50201441949C9802285A68556
:101BD0000504793BE31C24FFB240224492440249AD
:101BE00041018280828079714AD04ECE52CC56CA51
:101BF0005AC862C466C26AC0C68C06D622D426D22F
:101C000093F838002A892E8AB289B68A3A8B3E8D9B
:101C1000428C63850806D1C75EC6B2843304AB012B
:101C2000B38B84000345F4FF33868B40D686D28580
:101C30007D140299E3188BFEB24BEA9493FC2C00BE
:101C400063800C02B389344163FC89012686D68601
:101C5000D28513050002850985040299E3E889FF0E
:101C6000B25022540259F249624AD24A424B224CA3
:101C7000924C024D268592544561828063F507039C
:101C8000B304F840B29432842286D6860504D28505
:101C9000130500020299E31994FEE3030DFC5EC6EE
:101CA000B5BFB28461BFB284CDBFA24E3E83C28FA6
:101CB00093F72E00024E1248E9E7930703FEB3376D
:101CC000F000333FC30133FFE70193F21E00630FBF
:101CD000080E638D020E63960F0093F3CE006383AC
:101CE00003007D18630F0F06130F00030503B307EE
:101CF0006700A38FE7FF930703FEB337F00063731A
:101D0000C301EDF7639F020493F70E01B9C393F784
:101D10000E4089E763096E0C6307030DC1476389B1
:101D2000F80EF9186394080E930703FEE5C39307B2
:101D300013003A939308200623001301930800022E
:101D4000638D170113831700BA979308000323804C
:101D5000170193070002631DF30493070002F6883E
:101D600059B56370030391CF130F000311A091CBFA
:101D70000503B3076700A38FE7FF930703FEE3683C
:101D800003FF93F70E01F1D793F70E40C1FBE31366
:101D900003F8C1476387F80E89476392F80C9307ED
:101DA0002006930800032300F700A300170109434E
:101DB00063910F0293F74E00BDCBB3086700130E7B
:101DC000B002930713002380C80151BFE31E0FF038
:101DD0004DBFB3086700130ED0022380C8019307DC
:101DE0001300F68809B59307F3FFD1C3138E08FFDC
:101DF000631F0E069308E3FF13FE0E02BA98631AE0
:101E00000E08130E80072380C8013DBF9A873DB797
:101E100093F70E028DCB93070002E300F3F49307D0
:101E200013003A93930880052300130101BF93F830
:101E30008E009A87E38508F23A939308000285079B
:101E40002300130129BF93070002E308F3F093076F
:101E500013003A939308800723001301C5B5930735
:101E600000032300F7000543E3860FF49DB7414EBE
:101E70006386C803094EE399C8ED9A883E83C687F6
:101E80004DBD93D75E48B307F040819B938787078A
:101E900009BF130E80052380C8017DB593F80E029B
:101EA000638608009A883E83C687A5BF9A883E83CA
:101EB000C68745B711E182806F10100C01C59C41A7
:101EC000CC41828782801971CAD8D2D4D6D2DECED4
:101ED0002A892E8AB28BB68A3A85BE853A86BE8614
:101EE000A2DCA6DACED6DAD0E2CC86DE0A4BBA8401
:101EF0003E84428CC68997100010E78080AE631A3A
:101F0000054AB787001003A6070483A64704268561
:101F1000A28597000010E780400663400524B7873C
:101F2000001003A6870483A6C7042685A285970010
:101F30000010E78020F96346A018B787001003A6B9
:101F4000070383A647032685A28597000010E78034
:101F500060F76343A014B787001003A6070583A6A4
:101F600047052685A28597000010E780000163459C
:101F700005122685A28501468146EEC6E6CAEAC854
:101F800097000010E78060FF814D6348051A937742
:101F90000B406392071637870010832687030327B9
:101FA000C703194CB68C3A8D1810A28526853ACEF7
:101FB0003ECC97100010E78000A62ACA97100010A8
:101FC000E78040B12A86AE862685A285970000105C
:101FD000E78000486686EA8697000010E7804005A3
:101FE0002EC62AC497100010E780E0A82AC89710D0
:101FF0000010E78020B32A86AE862245B2459700BE
:102000000010E780E044B787001003A6870583A689
:10201000C7052AC42EC697000010E780A0EAC24870
:102020005248E24772476351A026850846853ACC5C
:102030003ECA42C846C497100010E780A0AE66862C
:10204000EA8697000010E780E0E7A2484248D247BE
:1020500062476344050005088148630A0C1637D5BA
:10206000CCCC1305D5CC13030002254E638E672A12
:1020700033B6A8028507B305F7007D1C0D82B34671
:10208000C6208606B386D84093860603A38FD5FE66
:10209000637C1E27B288D9BFA28766545AC1F65006
:1020A000065B2687CE88D654B6596288D686664C9B
:1020B000965A5E86D285F64B265A4A85465909615C
:1020C00059AE93774B00A5E7378700101307C78FEA
:1020D0008D476654F650D654664CDA884E88065BB7
:1020E000B659D6865E86965AF64BD2854A85265ACA
:1020F00046590961CDBCA5468147181093050003D8
:1021000063F086358507B306F700A38FB6FE7D1C06
:10211000938607FE13067CFF91C26DF6B78600100A
:1021200003A6060383A64603B28C368DBDBD378752
:1021300000101307478F914769BF2686A286014585
:10214000814597000010E780A03093770B40AA8468
:102150002E84854DE38107E479BFE6CA93773B007F
:10216000937C2B00DE846385071E378C0010130CD4
:102170004C906284330B9400711C03453400330689
:102180008B40D686D2857D140299E31884FF910492
:1021900063810C02B387744163FD37012686D686BE
:1021A000D2851305000285040299B3877441E3E7E1
:1021B00037FFF6506654D64C4659B659265A965AA9
:1021C000065BF64B664C2685D654096182804285B3
:1021D0003ACA42C43EC897100010E780A08F2A86F2
:1021E000AE862685A28597000010E7806026B78717
:1021F000001003A4870583A4C7052A8C2286A6861F
:10220000AE8C97000010E78040D72248C247524763
:10221000634F05002286A6866285E685970000103A
:10222000E78040CA2248C2475247635FA010376523
:10223000666613057566930800021DA03316A80292
:102240008507B305F7000986158EB346C6208606B6
:10225000B306D84093860603A38FD5FE328839CEC5
:102260009356F841E39C17FD93763B000546638344
:10227000C610DA884E88D6865E86D2854A85A53213
:10228000AA84464DB64D35B73ECCB787001003A69D
:10229000870583A6C7052245B2453ACE46CA42C83D
:1022A00097000010E78060CD4248D248E24772476D
:1022B000E34505DA63940808850845B393763B0047
:1022C0000546638BC61493060002E384D7FA13060F
:1022D000D00263950D0293764B0099EE93768B00B6
:1022E000C9DA13060002B386C700B305C100AE9673
:1022F0002380C6FE8507B5BF1306B002B38627004C
:102300002380C6028507B5B7638067023E9C9305AC
:10231000000313060002630CFC008507B306F700F8
:10232000A38FB6FEE399C7FE9307000209B70A9C84
:102330009306E00285072300DC02D5BD93F6180062
:10234000E38D06D0850811BB05081378E8FFC5B5F5
:102350009147E3FC37E11384CBFFB30434015E847F
:102360002286D6860504D285130500020299E31958
:1023700094FEE5BBE38F09EE63990D089376CB00DD
:10238000C9E663F33703938607FE99CE130600036D
:1023900011A095DA8507B306F700A38FC6FE9386D2
:1023A00007FEE3E837FF05B793060002E395D7F28F
:1023B000C9B5E6CA93773B00937C2B005E84A5C326
:1023C000B784001093840490138BD4FF228C03C530
:1023D00024006286D686D285FD14050C0299E31886
:1023E0009BFE93043400E3860CDCB3877441E3F274
:1023F00037DD2686D686D28513050002850402992C
:10240000B3877441E3E737FF6DB3FD19E3FD37EBA5
:10241000938607FEA5FE45BDE38709EAB1BF8D4758
:10242000E3F037FB1384DBFF4E94DE842686D686EA
:102430008504D285130500020299E39984FE49B709
:10244000B7860010938686BCB366DC209042D442E7
:10245000B28C368D99BE75714AC1DAD8DED6E6D215
:102460002A892E8BB28CB68B3A85BE853A86BE867B
:1024700022C526C3CEDED2DCE2D406C7CA49BA845E
:102480003E84428A468C97000010E780805541E1E7
:10249000B787001003A6870483A6C7042685A285F4
:1024A00097000010E78000A26343A006B7870010E2
:1024B00003A6070483A647042685A285970000107B
:1024C000E780A0AB634505042685A28501468146C9
:1024D000D6DAEAD0EECE97000010E78000AA26D028
:1024E000931AF46963430500A28A9317B028B3F7DF
:1024F000F90013F709403ECA3AC8B3E754010DEF9B
:10250000D9E3D247194A6385074815483DA826876D
:10251000A2874EC9E2885288DE866686DA854A85B9
:102520002A44BA409A440A49F659665A465BB65B51
:10253000265C965C496141BAA1EBD247638A0744A5
:1025400002C8C247014863CE47492685A285014695
:10255000814642C897000010E78020A242482687A3
:10256000D687635405009397FA699399B94893E91C
:102570000940D65A065DF64D4EC9E288DE8666866B
:10258000DA854A8571BF194A13D54A011375F57F5B
:10259000130515C097000010E780C053B7870010DF
:1025A00003A6070683A6470697000010E78040A809
:1025B000B787001003A6870683A6C70697F0FF0F0C
:1025C000E780C0EC9397CA003707F03FB183D98FFB
:1025D000AE8DBE85B787001003A6070783A6470701
:1025E0002A8D268597000010E78080E6B7870010C7
:1025F00003A6870783A6C70797000010E78040A3BC
:102600002A86AE866A85EE8597F0FF0FE78000E8A0
:1026100097000010E78020402AC897000010E7804C
:10262000604BB787001003A6070883A647082ACC8B
:102630002ECE97000010E780A09FB787001003A65A
:10264000870583A6C70597F0FF0FE78020E4970072
:102650000010E780403CB787001003A6870883A6D8
:10266000C7082A8DF245624597000010E780409C1C
:102670002ACC6A856AD22ECE97000010E78080456A
:10268000B787001003A6070983A647099700001023
:10269000E780009A2A86AE866245F24597000010D0
:1026A000E78000DB2A86AE862A8DAE8D970000106B
:1026B000E78000982ACC2ECE6A86EE866A85EE8563
:1026C00097F0FF0FE78080DCB787001003A687092B
:1026D00083A6C7092AD42ED66245F24597F0FF0F8C
:1026E000E780A032378800100326080A8326480AAC
:1026F00097F0FF0FE78080D92A86AE866245F245C3
:1027000097F0FF0FE7806030B787001003A6870AB5
:1027100083A6C70A97F0FF0FE78040D72A86AE86C8
:102720006245F24597F0FF0FE780202EB787001033
:102730002ACC2ECE03A5070B83A5470B6A86EE860F
:1027400097000010E780C0D02A86AE866245F24529
:1027500097F0FF0FE78080D32A86AE862255B255C8
:1027600097F0FF0FE780602AB787001003A6870B5A
:1027700083A6C70B97F0FF0FE78040D19257014621
:102780009387F73F9396470197000010E780408AB0
:102790002A862AD2AE862ECC2685D68597F0FF0FC4
:1027A000E780A07DE2471257635305023788001087
:1027B000BE85C2470326080A8326480AFD173A85C4
:1027C0003EC897F0FF0FE78040242A87AE87C246B5
:1027D0009305600C3A86938636063E8513FD2900E4
:1027E00063E9D512D246914D639206149146B68D97
:1027F00063F78601631B0D1E9306CCFF36CAC246E3
:1028000099CAD6853A86BE86268597F0FF0FE7805F
:10281000C01F2AD0AE8A2685A2850146814697F040
:10282000FF0FE78080756344051A0257D687D248A8
:102830009396B94893D95948528836C06686DE8641
:10284000DA854A85FD19EFF00FE893F909022A8627
:10285000DE8613855904DA85130416000299C247EF
:1028600037DECCCC938EFDFFB306F040C24718187C
:10287000130EDECCB3E6D70A13D8F701814733B67F
:10288000C603850793B5A600B308F700138307FEB8
:102890000D823345C6200605898E93860603A38FD5
:1028A000D8FEB28699E1E31C03FC954636C476C295
:1028B00002C02286A948DE86DA854A85EFF0EFBE9F
:1028C000AA8463080D02330495416374840333863C
:1028D0008C00DE86DA851305000205040299E368A0
:1028E00084FF3387944105078147637DEC0C8504A1
:1028F000BE94BA402A44D65A065DF64D0A49F659A6
:10290000665A465BB65B265C965C26859A444961AE
:102910008280D24699EA9546B68DE3F486EF631835
:102920000D0C9306BCFF36CAE9BD954D498EE30AEE
:1029300006C0B786001003A6060C83A6460C2685A3
:10294000D6853ACA3ECC97F0FF0FE780A057524792
:10295000E24763420502B786001003A6860383A6FA
:10296000C6032685D68597F0FF0FE7800061E34A0E
:1029700005BC5247E247630B0A0293F609409DC625
:102980007D1A63F58D01630A0D04094D02CA85BDE8
:1029900093F729003E8D95E393374C00FD171307FD
:1029A000CCFFF98F3ECA02C8914DB5B5E3F08DFF5B
:1029B00063050D0202CA094D99B502CA02C8094D44
:1029C000914D91BD9387FCFFE297858F0DB702561D
:1029D0009396FA69B687328799BDB306BC4136CA69
:1029E00039BD3308FA407D188DB6094D09BD094D32
:1029F00009BDB737001035719387279F26CB4AC989
:102A00004EC752C5E6DA06CF22CDEAD8A3ADF18093
:102A10002E8AB68C3A89B289AA846386053C03C59E
:102A20000C00014D630A053C56C3DEDEB78A001078
:102A3000B78B00105AC1E2DCEED6938A8AA2938B40
:102A4000CBA6130B5002414411A86A86CE86D285CC
:102A50008294050D03C50C00630B0510850CE3166D
:102A600065FF814603C50C0013871C00930705FE14
:102A700093F7F70F6366F400B3C757219C4382872F
:102A8000930705FD93F7F70F25466379F60893073B
:102A9000A002814D630DF51A9307E002014863051A
:102AA000F50A930785F993F7F70F4946636FF60226
:102AB000B3C777219C43828793E61600BA8C5DB733
:102AC00093E62600BA8C79BF93E64600BA8C59BFCC
:102AD00093E60601BA8C79B793E68600BA8C59B7AB
:102AE00003C51C0093E60610050793077006BA8C11
:102AF00063E9A70A93074002E3F9A7F49307B5FD3A
:102B000093F7F70F13072004E361F7F437870010FA
:102B1000130787ABB3C7E7209C438287814DB3CDB2
:102B2000BD21B3ADAD2003450700BA8C938D0DFDDB
:102B3000930705FD93F7F70F0507E372F6FE93077A
:102B4000E0020148E31FF5F403C51C00A54593E628
:102B50000640930705FD93F7F70F3A8663F6F50CE9
:102B60009307A002630DF52ABA8C05071DBF9A4A88
:102B70000A4BF65B665CB65D6A8463643D01138D47
:102B8000F9FFCE866A86D28501458294FA40228575
:102B90006A44DA444A49BA492A4AD65C465D0D611C
:102BA0008280930575F913F7F50FBD47E3EFE7E86A
:102BB000256613061604B317E028F18F63920724E5
:102BC00029466300C70A1D46E311C7E80327090029
:102BD00011096309072693E81602BA86980025456D
:102BE00031A013B6060163180626918213F6F6008B
:102BF000930576036364C5009305060385073306D2
:102C0000F700A30FB6FE138607FE61FEA14646C479
:102C100042C036C26A86C1480148CE86D285268522
:102C2000EFF0AF882A8D3DB53348082105063328DB
:102C3000A82003450600130808FD930705FD93F738
:102C4000F70FE3F3F5FEB28C1307160099BD832D41
:102C50000900110963C40D0803C51C00BA8C0507DF
:102C600025BD930749003ED4032C09004286630327
:102C7000081C03450C006296E287630A05326386EE
:102C8000C70003C7170085077DFBB38787413ED286
:102C900093F706406388071C93F726003ED09257AF
:102CA000B3D7070B3ED282576381073C89473ED09A
:102CB000B307A8013ECE6A8929A84A86CE86D28566
:102CC000829405093307A941629703450700630E03
:102CD000051AF247E39327FF3E8D4DAA03C51C005A
:102CE00093E62600BA8CB30DB041050775B303C552
:102CF0001C009307C006E317F5DE03C52C0093E61E
:102D0000063013873C00D5B303C51C0093E60620AC
:102D10000507E1BB03C51C00930780066309F52284
:102D200093E606080507D1B39377D50F1377F50D12
:102D30001D099387B7FB130797FB137989FF93B797
:102D400017001337170003250900832549002E07B4
:102D50009607D98FD58F3EC02A87AE876A86EE88C0
:102D6000CE86D2852685EFF00FEF21092A8DDDB1C1
:102D7000930760046300F5121D09137989FF032787
:102D80000900832749006A8636C0EE88CE86D28540
:102D90002685EFF04F9321092A8D6DB96A86CE867C
:102DA000D285130550028294050D6DB19307490039
:102DB000898A3ED0130C1D006388061A034509005A
:102DC0006A86CE86D285829485476E9D63F3B7214D
:102DD0006286CE86050CD285130500028294E31923
:102DE000ACFF025985B903C50C00B72400109384C9
:102DF00044BE014DE31A05C20144E3643DD941B329
:102E00009307F006630BF50863F9A72A9307800779
:102E10006308F5182946BD9A328C02DC51A00328BC
:102E2000090003C52C00890C13871C003368080AAD
:102E3000110985B903450C007D566296E287E310BF
:102E400005E4B5A293F8F6FE93F6064093E818025F
:102E50009800E38506D8A14646C442C036C26A86B9
:102E6000C1485DBB93F726003ED0638207248947A3
:102E70003ED06A894A86CE86D28582940509330778
:102E8000A94162970345070075F54A8D8257D1E342
:102E90002259C9B693E60602C5B52146328C02DC3A
:102EA00013FF064013F336FF63060F0013F326FFEC
:102EB000130F00409376032063900612937703105C
:102EC000930E49006390074A1377030471EF137759
:102ED0000308630E075203560900631706121373A3
:102EE000F3FE63030F128147980076CE1AC46EC2B8
:102EF00042C0E2886A860148CE86D2852685EFE008
:102F0000DFDA2A8D7249B9B693F726003ED0638086
:102F100007526A899257E3FDB7F7EA9D338DFD406A
:102F20004A86CE860509D285130500028294E319EC
:102F3000A9FF225905B6930780056301F50293079F
:102F400020066313F5500946328C02DC91BF03C59D
:102F50002C0093E6060C13873C0041BE414693E6E5
:102F60000602328C02DC2DBF854763FEB705130CC9
:102F7000FDFFB307BC013ECE6A8C6286CE86D28549
:102F8000130500028294F247050CE318FCFE03458A
:102F900009006286CE86D28582946E9D02595DBC00
:102FA0004146328C02DCEDBD034609003DB793F784
:102FB00006403ED2B1DB93F726003ED26386074639
:102FC0006A8902D281BF034509006A86CE86D2850E
:102FD00082940259628DBDBC1D09137989FF032EAD
:102FE0000900832E49002109B367DE01639C072293
:102FF0001373F3FE63080F22814798001AC46EC250
:1030000042C0E2886A8609B913575348130E100666
:1030100019C3130E1004591E9800A545B3768603F4
:10302000850763E5D502938606033305F700A30FF2
:10303000D5FE938607FEE38A06EAE36886EB3356FD
:1030400086038507B3768603E3FFD5FCF296330546
:10305000F700A30FD5FE938607FEE38806E89336B4
:103060000601E39406E8118255BF925763F6B73D17
:10307000930700403ED092573389AD013309F940A0
:1030800042CE6A86CE86D285130500028294050D53
:103090007248E3172DFF03450C00E30B05DE938711
:1030A0001D003ED28257E38607DC02D011B1925751
:1030B000E3E3B7FD85073ED26DBB9307900613F39C
:1030C000F6FE631EF53613FF064063040F0013F38C
:1030D000E6FE89C51305C5F9631005329375032013
:1030E000BDE993770310130C49006394072213770B
:1030F00003046302072003470900BA869358F701C7
:103100006301071EB7DECCCC938EDECC980021A0E5
:10311000138607FE1DC233B6D603850793B5A600F6
:10312000330EF7000D823345C6200605898E93863F
:103130000603A30FDEFEB286E1DD42C01AC46EC2F2
:1031400046886A86A948CE86D2852685EFE0FFB5F7
:1031500062892A8D01B21D09137989FF83234900F1
:1031600083250900210993DFF301B3E77500638B21
:10317000072693D7F341BD8D3387F540B3C377005E
:10318000B387F34037D5CCCCB3B3E50037DFCCCC35
:10319000B3837740BA851305D5CC130FCFCC8147C5
:1031A0009800A542B386750033B6B600B29633B622
:1031B000A6029E888507330EF700AE8E135C2600AC
:1031C000719A6296918EB386D54033B6D500338618
:1031D000C3403306A602B383E6031E96B3B3A6022A
:1031E000B386A6021E96131CF60193531600858221
:1031F000E29633C6D62006063386C540130606037C
:10320000A30FCEFEB685639B080063E9D20142C0DE
:103210001AC46EC27E886A86A94801B4938607FEE6
:10322000D1F2F5B7935753481307100699C3130704
:103230001004930767FF3EDE980081478146728540
:10324000F6853ADA1AD83ED642D432D272D076CE49
:1032500097E0FF0FE78060F0B2579376F50FA54532
:10326000F24E025E1256225842535257850763E3CC
:10327000D50493860603B305F700A38FD5FE938686
:1032800007FEE38D06D6E256638BD6157285F6856A
:1032900081463AD61AD43ED242D032CE97E0FF0FC2
:1032A000E78040BD724602589257225332572A8E09
:1032B000AE8E69B7F255AE96B305F700A38FD5FE73
:1032C00063950E00BD46E3FBC6D3938607FEE387F6
:1032D00006D29396CE01135E4E00369E93DE4E00CC
:1032E000B1BF9800E31B0FE4930700032300F10430
:1032F0009800854799B513770308630307100317F0
:1033000009001356F740B346C700918EB3C60608AE
:10331000F5B38326090093D8F601EDCEB307D0406C
:10332000B7DECCCCB3E6F60A938EDECC980033B68B
:10333000D603850593B7A600330EB7000D8233453B
:10334000C6200605898E93860603A30FDEFEB2868D
:1033500081E7938705FEE1FF42C01AC46EC246882A
:10336000AE87C5B30326090011E61373F3FE980078
:1033700063100F0693575348130E100699C3130E8C
:103380001004591E9800A545B3778603850663E4AB
:10339000F502938707033305D700A30FF5FE938744
:1033A00006FE9DC763668603335686038506B3779C
:1033B0008603E3F0F5FEF2973305D700A30FF5FE81
:1033C0009337060191E7938706FE99C311826DBF7B
:1033D00076CE1AC46EC242C0E288B68721BEE36FC1
:1033E000CEC06DB59800E3140FE2930700032300ED
:1033F000F1049800854721BD2946328C02DC5DBC72
:1034000003270900B306E040B366D70AC5B903260F
:103410000900E1B49800E3110FF4930700032300BF
:10342000F104980085450DBF930700403ED0E3941A
:103430000DC422596FF00FE285073ED295B8294698
:103440009A86328C02DCA9BC13F3F6FE930575F95B
:103450009DB90111B7280010AE872AC436872C0009
:10346000B2861385C8EB7D5606CE3EC6EFF06FD808
:10347000F2400561828083A7B181011106CE91CF10
:10348000AA86372500102E87130545EB6C007D5664
:103490008297F2400545056182804926F240014548
:1034A000056182800D45731025BE7D15E35D05FE27
:1034B0000565130505807310453073600430731083
:1034C000003482800290FDBF8280411106C6DD3F3C
:1034D000411122C426C237840010B784001013049F
:1034E00004839384448306C6EFE00FD5637794008A
:1034F0001C4011048297E36D94FEB2402244924432
:10350000410182801C412E85B28582878347550107
:1035100001114AC806CE2E89C1C76354C00622CC09
:1035200026CA83C705003284AA84D91781E7834756
:103530004501A1CF854701466304F40293061900B3
:10354000854703C706003E888507591709E703C763
:10355000F6FF4D1729EF8506E315F4FE6358860044
:103560009C40B305C4403305C9008297B305890068
:1035700083C7F5FF6244CD1793B71700238AF40081
:10358000D244F2404249056182801C4137850010D7
:103590001305850C894582970546E311C4FAF9B7EE
:1035A0001C41F2404A854249B28505618287B305D4
:1035B000C8403305C90063580601984036C63EC46A
:1035C0000297B246A2479840378500101305850C34
:1035D000894536C63EC40297A247B2463E86A5BF7D
:1035E0009C41930600081387170098C1AE97238269
:1035F000A7006303D700828083A73182011126CA06
:1036000006CEAE849DC722CC1384450021A019CBE1
:103610009C4B99CF9843A2853E857DDB03A7F18122
:10362000E317F7FE90403EC6D535B2479C4BFDF3FD
:103630006244F24023A00400D244056182803971C3
:1036400022DC26DA4AD856D206DEB28A4ED652D4C8
:103650005ECEAE842A893684EFD0BFF6B7470F001E
:1036600093870724AA9733B6A700370700802E96C2
:103670007D17BE856374C7003A86FD55373A002032
:1036800013054A2497D0FF0FE78000A9FD57AA8BA6
:103690006381F40A39C4B73900109389C95003A46F
:1036A00031821DC063940A0429A0638C87000048FE
:1036B00001CC1C402686CA852285F5DB83A7F181D3
:1036C000EDF78299004875F4639E0B04F250625442
:1036D0004259B259225A925AF24B2685D25421614C
:1036E0008280B73900109389495055BF5AD0294B71
:1036F00029A0638C870000481DC01C402686CA850F
:103700002285F5DB83A7F181EDF782992285930568
:10371000F1000546A30761018299004879FC025B2C
:10372000E3860BFA13054A2497D0FF0FE78060A7C2
:1037300071BF4A8597F0FF0FE780E070AA8499BFB8
:1037400083A731821387318299C76389A7001387C2
:1037500007019C4BFDFB91C108C38280FDFD944B8A
:1037600014C323A807008280411106C6BD26992FE5
:10377000B24005454101828079714AD006D622D4F3
:103780004ECE52CC2A89A307A100EFD09FE3B747C2
:103790000F0093870724AA9733B6A7003707008046
:1037A0002E967D17BE856374C7003A86FD55B739DE
:1037B00000201385492497D0FF0FE780E09503A4EC
:1037C00031822A8A05C426D229A0630DF40000485C
:1037D00009CC1C4005469305F1002285EDDB83A74B
:1037E000F181E5F7253300486DF49254631A0A001D
:1037F000B2502254F249624A4A8502594561828098
:103800001385492497D0FF0FE780A099B250225426
:10381000F249624A4A85025945618280411106C6D1
:1038200022C426C22A8497F0FF0FE780C061AA84D1
:1038300085462285A6853686193503A4318211C4B2
:103840005C4091CB8297004865FCB24022442685BB
:10385000924441018280004865F4B24022442685AA
:10386000924441018280717122D526D306D74AD174
:103870004ECF52CD56CB2A84AE84EFD09FD4B747DB
:103880000F0093870724AA9733B6A7003707008055
:103890002E967D17BE856374C7003A86FD55B739ED
:1038A00000201385492497D0FF0FE780E0862A8AFD
:1038B000373500102286A6866C001305055E02C609
:1038C000493EB24703A43182AA8AA9C315E002C6C1
:1038D00063180A04BA502A549A540A59FA496A4A8F
:1038E0005685DA4A4D618280638B8700004801CC9F
:1038F0001C400C082285FDDB83A7F181F5F73246D9
:103900003131004875F403A4318202C671D05C40A5
:1039100091C7829700484DDC5C40E5FF0048FDB749
:103920001385492497D0FF0FE780A08765B73971C9
:10393000130341022ED29A8506CE32D436D63AD817
:103940003EDA42DC46DE1AC6393FF240216182800F
:10395000635EB00203A7F182B787F8BFBA9793B747
:10396000170093863181B3A7D72003980700330649
:10397000B500B54583460500630BD8001C4F93F78F
:103980000702EDFF14C30505E316C5FE82801C4F38
:1039900093F70702EDFF0CC3D5B703A8B1826353B9
:1039A000B00603A7F18281461C4FC18B85EF8506C7
:1039B0001C4FC18BF5FF1043B307D500A38FC7FE83
:1039C000E394D5FE630D0800930700051CDF5C5BE4
:1039D00085669386460393F7870336971CC3AE86A6
:1039E00036858280630D0800930700051CDF5C5B51
:1039F00005661306460393F7870332971CC3EDF25F
:103A0000F556F9BFE30E08FE83A7F1821307000500
:103A1000856698DFD85B93864603B697137787034E
:103A200098C3F55675BF83A7B18281CB03A7F182F6
:103A300003A57182232C07028287828003A7F1826B
:103A40001C4FA18BF5FF828003A7F182B787074047
:103A500001112A863305F7401335150006CE2E884E
:103A60001305150283A5B18209C68DC9F24005610F
:103A70008280EDDD232C070281452AC6EFC09F849A
:103A80003245B7450010938565A2EFC0BFCDF24027
:103A9000A3A50182A3A3018205618280B74500101E
:103AA000938565A22AC6A3A5C182A3A30183EFC003
:103AB0001F8932458545EFC0FF8083A7F182130738
:103AC0000005856698DFD85BF24093864603B6977B
:103AD0001377870398C305618280B787001083C777
:103AE00087104111B787001083C7471022C4B787DA
:103AF000001083C70710B70707408945014506C670
:103B0000A3A7F182EFC06FDD89450545EFC0EFDC6B
:103B100003A5F182F16593850520EFD01FB2224401
:103B2000B240373500201305851E8545410109B98E
:103B3000A3A7A184A3A5B184828003C5F1836FC02C
:103B4000EFFC138731841C43411106C622C426C2F0
:103B50004AC0B5C7F3760430139637003316C02831
:103B6000F19BAFA5C744F18DEDFD0F00300354C3A9
:103B70001C43238001840F00300323800700A18AA7
:103B800073A006300144814403C5F183EFC0EFF612
:103B900019E90144B2402285224481440249A685A4
:103BA00092444101828003C5F183EFC02FF6B240F9
:103BB000228522440249A685924441018280130451
:103BC000803E8144D1B7411126C2AA8401454AC032
:103BD00006C62E89EF10502659C10145EF10D02995
:103BE0003DCD22C4EFD0FF9DB7470F009387072438
:103BF000AA9733B6A700370700802E967D17BE859B
:103C00006363C7041385318597C0FF0FE780C050F9
:103C100031C50145EF10502209C50145EF10D025EF
:103C200015E581457D55EF00F041F554138531854B
:103C300097C0FF0FE780E0562244B2400249268534
:103C40009244410182803A86FD556DBFA6854A8621
:103C50000145EF10D024AA8471F9C1BF2244F55464
:103C6000E9BF411106C622C4EFD0BF95B7470F0088
:103C700093870724AA9733B6A700370700802E96AC
:103C80007D17BE856374C7003A86FD55138531855F
:103C900097C0FF0FE780404815C17D558145EF0073
:103CA000703A0145EF10702A6DF913853185224471
:103CB000B240410117C3FF0F6700A34EB240224438
:103CC0004101828001114AC84EC606CE52C4AA895B
:103CD0002E89EFD01F8FB7470F0093870724AA972D
:103CE00033B6A700370700802E967D17BE85637414
:103CF000C7003A86FD551385318597C0FF0FE780D1
:103D0000A04119E5F2404249B249224A0561828048
:103D10000145EF10701245C922CC56C201446350D0
:103D200020050145EF1010342A86B3078940334639
:103D3000F60AB3858900014521C2EF10302C814578
:103D40002A947D55EF0010300145EF101020EFD080
:103D50005F87A3ABA182A3ADB182E34424FD62449B
:103D6000924AF2404249B24913853185224A05619F
:103D700017C3FF0F6700E34281457D55EF00902C8C
:103D80000145EF10901C0145EF10100BAA8701456B
:103D9000F9D7EF10302D71F1EFD0BF8283A7718377
:103DA00037A7070083A6B183130707123E97B337DF
:103DB000F700B697E3E5B7FAE391F5FAE361A7FAFE
:103DC000E34124F769BFF2404249B24981460147C5
:103DD00013853185224AA3ABD182A3ADE18205616F
:103DE00017C3FF0F6700E33B411122C413853185E0
:103DF000814506C697C0FF0FE780C02039E51387CD
:103E000031841C439DCFF37604301396370033166C
:103E1000C028F19BAFA5C744F18DEDFD0F00300325
:103E200083C70184854554C393F7F70F1843238054
:103E3000B1840F00300323000700A18A73A006306D
:103E4000A1C7B24022444101828081457D5526C2EE
:103E5000EF00501F0145EF103002AA841385318511
:103E600097C0FF0FE780E03399C883A7F18481CB27
:103E700022449244B24003A5B18441018287B240FA
:103E80002244924441018280EFD08FAF2A84EFD048
:103E90004FF39307853E33B6A700370700802E9671
:103EA0007D17BE856374C7003A86FD55228522447E
:103EB000B240B7460010938626B4854701474101BA
:103EC0006FD0AFAC4111B70700D022C4804306C603
:103ED000EFD00FABEFD08FD363078500B240224401
:103EE000014541018280B787001083C7C710814513
:103EF0000145EF10D062138531851C41C5CB0545C6
:103F0000EFC0FFC8B7450010AA871375F50F93855A
:103F100085DEA38FF182EFC08FC203C5F183854593
:103F2000EFC04FBA3945EFC0AFBF25E19387318469
:103F300023A0070023A20700EFD08FA42A84EFD08C
:103F40004FE89307853E33B6A700370700802E96CB
:103F50007D17BE856374C7003A86FD55B7460010CD
:103F60002285938626B485470147EFD00FA2E34709
:103F700005F637350020130505208545EFF04FFC89
:103F8000B24022440545410182800545EFC06FAC37
:103F9000AA8513853184EFC0BFCEB7450010938545
:103FA000A5B301463945EFC0AFC0E1B7EFC0BFC808
:103FB000B9B7378500101305C5C982803785001051
:103FC000130585C48280B747002083C607B201115C
:103FD00006CE2A87A5C605E3373500209307904013
:103FE0001305856D2311F500930740302310F5006C
:103FF000F24005618280954763ECE704B7870010C3
:10400000938707C3373500203347F7201305856DA5
:104010001843130625008147CD4539A02310D6004B
:10402000050709066383B70283460700850793F7F0
:10403000F70FEDF6860793E707304DBF2AC6C54553
:10404000138507B29120324779B79307803279BF41
:10405000014579BF156539711305753406DEEFD05A
:104060007F92AA8705466800A5458297D247624796
:104070001386B18593D787695CC2F250135787695D
:10408000A3ADE1842161828085476385F51A93871A
:10409000B18503C707002548FD1593564740138691
:1040A0000603634CD8182300C5008546638FD51CD2
:1040B0003D8B2546930607036364E618A300D500ED
:1040C00009476384E51C03C71700254893564740FA
:1040D000138606036349D8162301C5008D466386FF
:1040E000D51A3D8B2546930607036361E616A301A7
:1040F000D5001147638BE51803C727002548935661
:104100004740138606036346D8142302C50095462C
:10411000638DD5163D8B254693060703636EE61225
:10412000A302D50019476382E51603C73700254867
:1041300093564740138606036343D8122303C500F2
:104140009D466384D5143D8B254693060703636B18
:10415000E610A303D50021476389E51203C7470092
:10416000254893564740138606036340D81023041E
:10417000C500A546638BD5103D8B1306070363E985
:10418000E60EA304C50029476381E51003C7570065
:1041900025489356474013860603634ED80C2305E3
:1041A000C500AD466383D50E3D8B254693060703B8
:1041B0006366E60CA305D50031476388E50C03C7A9
:1041C0006700254893564740138606036354D8007A
:1041D000138676032306C500B5466388D50A3D8B52
:1041E0002546930607036374E60093067703A30648
:1041F000D5003947638BE50883C77700254613D779
:104200004740930607036354E600930677032307AA
:10421000D5003D47638BE506F98FA54613877703E5
:1042200063E4F60013870703A307E500C147638E25
:10423000F504410523000500828013867603A5B5A9
:1042400093067703A5BD1386760379B593067703A6
:1042500079BD1386760355BD93067703D1B51386D2
:104260007603E9BD93067703EDB51386760301B7B0
:104270001306770339B71386760315B793067703CA
:10428000A305D5003147E39CE5F22E9523000500F8
:1042900082808280A3810186828003C755009307B4
:1042A000F00F0145631DF70083C7650089EB83C7E5
:1042B0007500FD1781E71336960019C2014582800B
:1042C00003C725002545A381E186828005458280BC
:1042D00085476384F5000545828083475600834601
:1042E000460003C73186A207D58F01456303F70057
:1042F0008280411106C6834716006380B7020947D2
:104300006385E700B2404101828001451306400603
:104310008145EFD0CFDC0545F5B78345360003472F
:104320002600A20593F70510D98D81CB13D67548C9
:1043300013D595008D89EFD0CFE501467D55DDBFC2
:1043400037850010130585D5828085476390F50277
:1043500083471600639EB700034756008347460015
:104360009D4622075D8F81476307D7003E85828087
:1043700081473E858280B7870010B2859306600A28
:10438000138607CB6F00D0760547B7870010230050
:10439000E5001385C7D7828083C6150003C60500D4
:1043A00003C7250083C73500A206D18E4207558F6B
:1043B000E207D98F1307004B6383E7008280411126
:1043C000014681457D5506C6EFD0AFDC411106C6DA
:1043D00022C4612C37041150B147B70500203CDCE2
:1043E0009385C5331306F00F3945EFB07FFCB7371F
:1043F00000201306000413850770814597E0FF0F26
:10440000E7800076AA870545A380A700B70510506E
:1044100023A205082E871308000823200708930607
:1044200007101306000442979385450898D7239CEC
:10443000C70023A20700A3800702239CC702A38D05
:10444000070223A20702239107038CC7D4C7D4D73E
:1044500097C0FF0FE78000D9054528C03707002027
:10446000F56778C4C1072328F408B2402244B7276F
:1044700011504167F8C741018280854539456FB0C9
:104480007FE437350020130505720146814531ACC4
:104490002382B18699C5B72711503707020023A898
:1044A000E708828083C7050093F7F70791C38280EE
:1044B00003C715009547E31CF7FE03C72500B707A0
:1044C000115098C3828083C6350005458D8A638765
:1044D000A60E03C8250003C7550083C54500135623
:1044E00078009378F807B3A7C82037330020220755
:1044F0004D8F9607130303709A971377F77FB34591
:10450000A60023810701A3810700A38DD700239C68
:10451000E700A380B700630AA606B705105093858D
:10452000450813956800B3E5B8201A950CC523A07B
:104530000500638A0806B70710509107B3E7F82013
:104540005CC11307F70319838947931577006384C8
:10455000F6009315670003A77186B3A7C8209607D6
:104560003306B7009A97D8C7A3A3C186B7151050D2
:104570006371B60637061050DC43318FEA06D98ED8
:104580009396F62994C305458280B7071050938708
:10459000070893956800B3E7F8209A959CD523A067
:1045A0000700639F08001606B70710501A969387F6
:1045B0000710232206005CC60545828001458280E3
:1045C0003705105021059387F8FFB3E7A720DCD10A
:1045D0008DBF411106C6EFD02FC517C3FF0F67006F
:1045E00063C093F7F5079D81B3A7B7203735002047
:1045F0009607130505704111B2853E95368606C6AD
:104600006D20B24005454101828013F5F50719E59B
:1046100093B715008507372711503CD79D81332567
:10462000B520B73700201605938707703E951316FF
:10463000B028814517C3FF0F6700C34B93F7F507F9
:1046400091E382809D81B3A7B7203735002096077C
:1046500013050570FD753E959385F57F0146A30111
:10466000050017C3FF0F6700E348411106C6B727CF
:104670000240B706001094C337070240B737024024
:1046800094C321071C43B3F7F640EDFF056681454F
:104690003705105097E0FF0FE780804CB240B70716
:1046A00011502547F8DB41018280411122C406C622
:1046B0008547231AC500231B05000CC9230DF500EF
:1046C0002A8497C0FF0FE780403D19C5B7271150D6
:1046D0003707020023A8E708228597C0FF0FE7806D
:1046E000603E01C98547230EF400B24022444101D7
:1046F000828022852244B240410117C3FF0F670028
:10470000A34482808280014582800145828082802C
:10471000828082808280B73700209387C75903C583
:1047200017003335A0008280B73700209387C75920
:104730008843135525488280011152C4373A00201E
:1047400003470A2406CE9307F00F6315F70E63881C
:10475000050E56C2AA8A37350020130640055AC0F6
:104760001305C5592E8B814522CC26CA4AC84EC690
:1047700097E0FF0FE780C03E13853187A383018850
:10478000EFC06FCB37350020138431871305C52266
:10479000A3A78186EFC06FCC373400201305842196
:1047A000EF10F05213048421B7470010A3AD8186A7
:1047B0009387873891C71385F187F936A3A1A1881C
:1047C0003789001003C7F187130949E4014439A868
:1047D00083A73188B6978DC7DC439DC3829703C7F3
:1047E000F18705041374F40F63688702B307E4408C
:1047F000931654009607E36DE4FCCA97DC43F9FF77
:1048000002906244D2444249B249924A024B014565
:10481000F240224A05618280DA85568523005A25B6
:10482000753679DD568591396244D2444249B249A0
:10483000924A024BF240224A05450561828002906D
:104840000145F9B75971DEC6B73B002003C70B24F9
:1048500086D69307F00F6303F72CA6D2CECED6CA26
:10486000B7890010B73A0020B7840010D2CCA2D488
:10487000CAD0DAC8E2C4E6C29389C9D9938ACA59B0
:10488000938444E403A4B1875C487377043093961F
:104890003700B316D028F19B2FA6D744758E6DFE36
:1048A0000F00300318CC4C102285EF10807258484E
:1048B0001C4C0F00300323000700A18B73A00730AE
:1048C00063050524834751022147636BF722B3C771
:1048D00037219C438287A257D5D7325582975DB73F
:1048E0008345810293F6F50713D77500B3A75621C8
:1048F000BA9703C74703799B238AE70203C7470395
:104900006D9B238AE702638F062083C7470103C795
:10491000F18763F9E71E03A731889607BA97638585
:10492000071E9C4FB25603469102034541028297EF
:1049300091BF03C771886309071C03C771887D177E
:10494000A383E18883C7718895FF373B0020930CD0
:10495000CB5983C70C0001450349410293E7170077
:104960002380FC0083C74C03F99B238AFC0283C786
:104970004C03ED9B238AFC0283C75C03F99BA38A4B
:10498000FC0283C75C03ED9BA38AFC02EF00F026C8
:104990008347810213070006F98F6380E70213073C
:1049A00000046389E71C225785467D8B630AD72262
:1049B0008946630FD71C630C071802900345410218
:1049C0008145A13103454102930500083D395DBD94
:1049D00083A70A00858BE38707EA2D3B65B583C76C
:1049E000F18703494102014C6377FC1083A73188AA
:1049F00013175C00BA97638F0712DC474A85050CD2
:104A0000829783C7F187137CFC0FE3FF87FD1306B2
:104A100040058145568597E0FF0FE7806014B73663
:104A20000020FD579386065A373700201307075B8F
:104A3000DCC69CC6DCC2D68C9CC21CC35CC31CC733
:104A40005CC71CCB5CCB1CCF5CCFEF003019A257EE
:104A50002381FC0005BD83C73A00858BE38407E210
:104A600022554D3105B583A70A00858BE38C07E0FD
:104A700003A50A0013553548693929B583C7F1875D
:104A800003494102014C6373FC0683A73188131765
:104A90005C00BA97D5C7DC474A85050C829783C767
:104AA000F187137CFC0FE3F087FF13064005814577
:104AB000568597E0FF0FE780A00AB7360020FD5724
:104AC0009386065A373700201307075BDCC69CC65F
:104AD000DCC29CC21CC35CC31CC75CC71CCB5CCBC8
:104AE0001CCF5CCFEF00900F253169BBB307FC40B2
:104AF0009607A6974DB7B307FC409607A697F5BD56
:104B0000029049B36380E7040290265496540659F4
:104B1000F649664AD64A464B264C964CB650B64B9A
:104B200065618280B2560346910203454102EF005F
:104B3000901289BB0290B73C0020938CCC5931B7BE
:104B400002904DB7B7870010938747E4D9BB13078E
:104B500000026382E720E39207E68347910225473C
:104B6000E36DF7E437870010130707DCB3C7E720CE
:104B70009C438287374500101305A534EF00F007EA
:104B80004A8530108545EFF04FFCE31D05CE3DB55D
:104B90008345C10213F70507E31107E213F4F50794
:104BA0003327942113DC750062970347470183C6BE
:104BB000F1876369D708631DD71C378B0010130B6F
:104BC0004BE4638A071C03254B01EF001003832786
:104BD0004B014A85301085458297E31505CAF9BB1C
:104BE0008346C1023D47E36BD7DCB387DC0083C754
:104BF000470003C7F18763E0E706E391E7DC37840A
:104C00000010130444E44848CD2F5C4830104A8516
:104C100085458297E31805C68347810293F7070607
:104C2000E39E07D8834791020544D917E368F4D877
:104C3000E92703479102A947630FF71E2C104A8505
:104C4000B92589B103AB318816073A9B63850714F0
:104C5000E3060BD68DBF03A4318896073E9445F436
:104C6000B1BB034CA10283C71C006302FC1C83C7B9
:104C70001C00639B071EA3808C0163090C1A13059B
:104C8000FCFF1375F50FEFF06FB309C9EAC0834756
:104C900015003E8D8947630AFD2E064D0290029055
:104CA000A3800C0021BB83C71C004A8585461306E0
:104CB00021022C102301F102252DE9B60355A10292
:104CC000BD47135785001375F50FE3E9E7CEB787A6
:104CD0000010938787DEB347F7209C438287281014
:104CE00015278345A1024A85EFF0AFF983C70C0071
:104CF00093E727002380FC0071B60357A102854784
:104D0000E31EF7CA83C70C004A852C10DD9B238065
:104D1000FC00B52B85BE83C70C0089464A8513D796
:104D20002700758F93D75748D98F130621022C106F
:104D30002311F102752BB9B60357A1028547E31F72
:104D4000F7C683C70C004A852C1093E787002380A1
:104D5000FC00352B05BE8346C1023D47E360D7C644
:104D6000B387DC0083C7470003C7F18763FEE7040E
:104D700003A4318896073E94E30204C44848B52D45
:104D80005C484A85301085458297E31D05AE3DB1EC
:104D9000014BE39507C283479102854613F7D70F6E
:104DA000630BD702E39B07C0B3279421E29783C725
:104DB00047034A85894693D71748130621022C10CA
:104DC0002311F10235237DBCE39AE7BE378400103E
:104DD000130444E465B78356A1028DE603C50B2492
:104DE0006384E7061D30B3279421E29703C7470386
:104DF00013672700238AE70203C7470313671700D7
:104E0000238AE702E3000BA803254B01FD23832738
:104E10004B01301085454A8582970145F92B83A7C0
:104E20004C0393D78748E39F07A409BDD5304A8533
:104E30002C10B12981BCA2862C104A8513062102B0
:104E40002301010275213DBCEFF04FFFB3279421F0
:104E5000E29703C74703759B238AE70203C747030B
:104E6000799B238AE70279BF81454A85EAC0EFF042
:104E70002FE24A85EFF06FF603CD2C0083C7F18750
:104E8000B7860010938646E40147637AF70683A746
:104E9000318893155700AE97638C0722DC474A850B
:104EA0003AC48297224783C7F187B7860010050767
:104EB0001377F70F938646E4E3F9E7FC1306400502
:104EC0008145668597E0FF0FE78080C9B7360020EF
:104ED000FD579386065A373700201307075BDCC659
:104EE0009CC6DCC29CC21CC35CC31CC75CC71CCB79
:104EF0005CCB1CCF5CCF2381AC01064DADBBB307AF
:104F0000F7409607B69759BFEFF0EFFF2A86E30701
:104F100005AA834606004A852C10D92EAA87E3935A
:104F2000079669BC8355C102EFF0EF892A8675F1B7
:104F300071B489476301F704EFF02FFD2A86E30F70
:104F400005A683473600834626004A85A207DD8EE4
:104F50002C10792EAA87E39707928DB4EFF06F8516
:104F60002A86E30C05A44A85C9462C105126AA8737
:104F7000E39A0790A1B4EFF06F842A8679F135BCEB
:104F8000EFF00FBC2A8655FD15BC6EDE0347750099
:104F90008346CB59373C00209357674813575748EF
:104FA00012079607D98F13F7F6FCD98F230EFB58FB
:104FB000034B35008347250037860010220B336BE7
:104FC000FB0093070C5B2A9B93059500930D46E429
:104FD0003EC463FA650F83C715002D4705486399E2
:104FE000E70083C7050003C83500BE9583C71500D9
:104FF0001147639DE70483C7F1873307BB403347FD
:105000000708814663F8F60483A731881396560093
:10501000B2978DCF83A807013A864A8536CE42CC17
:105020003AC82EC63ECA82982A8613359500B245E4
:1050300042476248F24601E5D2476372C70283C71E
:10504000F187850693F6F60FE3FED7FA0290064D38
:10505000F25DB1B1B387F6409607EE9765BF05479D
:10506000630AE8046309080283C825008147130521
:10507000F00F01A8850793F7F70F2302D70063FC11
:1050800007013387F8001377F70F6697034347004C
:10509000E302A3FE65BF224536CA32C82EC6EF0022
:1050A0005060B245424683C7F187D246B295E3F2DB
:1050B000D7F269BF984BB76700109387079DE31538
:1050C000F7FA6A8855B7EFF08FE4064DF25D85B3C5
:1050D000029015B55DCE79715AC8373B002022D4B5
:1050E00026D24AD04ECE52CC56CA5EC662C466C2E2
:1050F00006D66AC02E84BE8BBA8A3689B284130B58
:10510000CB59814C9549373C0020054A25A8834559
:105110002B00034D0C24EF00F051AA87A2856A856D
:10512000A9C3EFF04FBA1DCD8347240013D77700F2
:10513000630A47052380FA00850C638A9405834738
:1051400004003E94834714002285639D3701834504
:1051500034008D89639825018345240093F5050764
:10516000DDD5029002900145B2502254925402596A
:10517000F249624AD24A424BB24B224C924C024D07
:10518000456182802380FB00850CE39A94FB0545F2
:10519000E1BF0545828083C7250093F7070781C7D4
:1051A0000290014582804111B737002026C22E852A
:1051B000AE8483C5E759B737002022C406C603C4AE
:1051C0000724EF00304701E90290B24022449244A4
:1051D00001454101828022852244B240A685924445
:1051E00041016FF04FAE13D7750093F7F507130722
:1051F00047033735002083A5F186B3A7E7201305C1
:10520000C5593E956F00D03613D7750093F7F50753
:10521000130747033735002083A5F186B3A7E7209E
:105220001305C5593E956F00B03B3735002093F705
:10523000F5071305C55913D77500B3A7A720BA976B
:1052400003C74703058B01C702900145828003C74E
:1052500047033735002003450524011106CE1367A7
:105260001700238AE7023EC6EFF0AFB711EDB24751
:1052700003C74703799B238AE70203C747036D9B54
:10528000238AE70202900145F2400561828003C64D
:10529000450083C6550003C7650003CE050003C360
:1052A000150083C8250003C83500B7370020938751
:1052B00087562382C700A382D7002380C701A3801B
:1052C000670023811701A38107012383E70003C738
:1052D000750023A607008146A383E70083C5050068
:1052E00023A40700930700080146B3F5B74035BF74
:1052F00003C8550003C7650003CF050083CE150022
:1053000003CE250003C3350083C845000111B7371C
:10531000002006CE938787562380E701A380D7011C
:105320002381C701A381670023821701A38207019C
:105330002383E70003C7750090C723970700A38363
:10534000E70003C7750003C865002207336707013C
:10535000B356D70A2396D70005CB2A88A9C61DCEF7
:105360008387070013070004B3D6E60A63C6070461
:105370003736002013068652814542857D3519CD8A
:10538000F24005450561828083C50500930700084A
:1053900081460146B3F5B740493D7DF10290F240A8
:1053A00001450561828083C50700014693F5050824
:1053B0004285A53D71F5DDB7B7370020B2852AC615
:1053C00036861385875236C497E0FF0FE780C0907A
:1053D0003248A2462A8693050008D9BFB737002075
:1053E0009387875623A0070023A2070023A4070062
:1053F00023A6070023A807008280B737002023AC2C
:10540000A7568280034765000343050083481500C3
:105410000348250083453500034645008346550073
:10542000B73700209387875623806700A380170132
:1054300023810701A381B7002382C700A382D7007D
:105440002383E7000347750023A4070023A6070072
:10545000A383E7008280B73700209387875698435D
:10546000011122CC06CE9D81135777482A84630B05
:10547000B70299C60290F2406244014505618280FC
:10548000BE85EFF02F82B737002093878756984B61
:1054900009C73E8622858D4502970545F240624444
:1054A000056182800387070063430702884761D54F
:1054B000B735002036869385855236C697E0FF0FB4
:1054C000E7808081B246B73700209387875603D79D
:1054D000E7008C4703D66700369733470708B69531
:1054E0002397E7008CC7630FE60293B606049DEA94
:1054F00003D6C7008387070013050004B306E64000
:10550000B3C60608B3D6A60A63C107066304C70874
:10551000373600201306865281452285393339D922
:105520000545ADBF984B11CB3E8689452285029734
:10553000B73700209387875611CD83C5070093079F
:10554000000822858146B3F5B7400146F9391DD1DF
:105550000545A9B781452285EFF02F8B228593055C
:105560000008EFF08F8A054515BF6301C702B73702
:10557000002036861385875236C697D0FF0FE78006
:10558000A075B2462A869305000841BF930500081E
:10559000014661B78145014649B7011126CA06CEC9
:1055A000AA84EFF04F9709E5F240D244056182806A
:1055B000EFF08F9775F937370020B3C79420B3C742
:1055C000F72013070746B3E6E72003C636008E0729
:1055D00061DEC10722CC3384E700228536C6EF00A6
:1055E000301C9307F00363E4A700624475BFB24622
:1055F000014583C53600C53E6DD92285EF00501A9E
:10560000B2469307F00383C5360063F1A7026244F4
:10561000F2409397740037360020D2441306063EBA
:105620003E96930600040145056101B16244F240D3
:10563000D24401450561C9BE411122C406C62A846F
:10564000EFF06F8D11E5B2402244014541018280A7
:10565000EFF08F8D6DF9B347842037370020B3C743
:10566000F72013070746B3E7E72003C54700B2401A
:1056700022440589410182803345A5203345A52078
:105680009317350037350020C10713050546411132
:105690003E9506C6EF00300DB2404101828033478F
:1056A000A520C16701113347E720FD1722CC26CA88
:1056B000B337F60013143700B73400201307040182
:1056C000FD17938404464EC65D8EB30997004AC801
:1056D000334606082A894E8552C406CEEF00701D57
:1056E0002A8AEFF04F8311E9F2406244D2444249E2
:1056F000B2495285224A05618280EFF0EF826DF552
:10570000A29483C73400EDD34E85EF0070091304D3
:10571000F003E37BA4FC83C534000145E93469D57B
:105720004E85EF00F00783C53400637DA400373653
:1057300000201E091306063E4A9693060004014502
:10574000ED345DB70145C93445B7011126CA06CE0F
:10575000AA84EFE05FFC11E50145F240D244056107
:105760008280EFE07FFC6DF9B3C79420B3C7F720C8
:105770008E0737370020938647021307074622CC4F
:105780003384E60022853EC6F92F0DC1B7370020CD
:1057900013870746B2474AC80145BA9783C5270011
:1057A0003E89913411E5624442497DB762446DB748
:1057B00093977400373700201307073E9387070439
:1057C000BA97BE852285130600043EC6EF00700E10
:1057D00083452900AA8601CD32462AC60145B13447
:1057E000AA87324589EB029062444249B5B7293C09
:1057F0006244424995B76244424985B7411122C487
:10580000C1673344A52033448420FD17B337F60025
:105810000E0437370020FD17130707461304440210
:105820003A945D8E26C233460608AA84228506C6AF
:105830004AC0EF00302C2A89228535279307F003D0
:1058400063E9A700B240224492444A8502494101DB
:1058500082802685DD3DB240224492444A85024939
:10586000410182803345A5203345A520931735009B
:1058700037350020938747021305054641113E95B1
:1058800006C6392FB24041018280411122C437340B
:1058900000201304044622851306800C814506C6A9
:1058A00026C24AC097D0FF0FE780802BF16793870D
:1058B00007201CC47D57A147B7350020373500208D
:1058C000A302E4002307F400938585490147854638
:1058D0001306000413050547A3850188092505471C
:1058E000B735002037350020BA869385854D1306DD
:1058F000000413054548E523373900201305895175
:10590000EFB06FB3B734002013850452EFB0AFB2DD
:1059100013098951938404522320240304D8B240EC
:10592000232E0400232A0402224492440249410106
:105930008280B737002093870746945B985395C2BF
:1059400019CB23AE070023AA070223A8070223A02E
:1059500007020545828023AA070223A807020545FE
:10596000828065DB23AE0700DDB783C7B1884111B4
:105970003737002006C61307074613F61700232003
:1059800007002302070001CE898B3737002085C727
:10599000B24013054748854541016F00303837351F
:1059A000002013050547EF00903283C7B1883737D1
:1059B0000020898BF1FF13054748EF005031B240BA
:1059C0003737002013054748854541016F001035E2
:1059D00083C755000947639EE70003C76500631A44
:1059E000F700B73800209388084683C7280089C786
:1059F0000290014842858280011106CE03C725002E
:105A0000930740022A832380E80003C70500254846
:105A1000BA9503C71500BA86631EF70063680603CC
:105A200083C70500BE9503C71500C29733C8070892
:105A3000E306D7FE9546BA876302D70211476397FC
:105A4000E70003C75500A9476308F704014542C2B0
:105A5000A9361248F2404285056182801A8542C605
:105A60002EC41AC2EFF02FF3B73700201243A2451D
:105A700032489388074611CD83C72500A380F800DC
:105A800003C70500BA95429783C715003348070836
:105A900075B7029001487DBF83C805008946B737B6
:105AA000002037370020C6951A85938727461307AD
:105AB0003746368642C446C2EFF0CFE192482248CC
:105AC00069D93908C29833C8080849B7834706001E
:105AD0001307000293F707066393E7020347560094
:105AE00037380020834646001308084683480800DC
:105AF0002207558F81466387E8003685828081467C
:105B000036858280011106CE0347160093082002D5
:105B1000630C170763E0E8026306F70493071002BB
:105B20006316F7008547638BF50A8546F240368594
:105B30000561828093073002E31AF7FE8547638888
:105B4000F50AF515FDF193070000E5D3834736000C
:105B5000834526000145A207DD8D97000000E70080
:105B60000000E1B78547638BF506B74700109387C0
:105B70008739C5DFF515D5F9B735002093858546FA
:105B80000145EFE07F8155B785476382F5068D4774
:105B9000E39DF5F822CC83473600034726003735CE
:105BA0000020A20733E6E7008547B3F5E740130579
:105BB00045482302C80032C613741700EF001016C0
:105BC000930700008DCB3246A28501451356164837
:105BD00097000000E7000000624481BFB737002053
:105BE000B2859D4613868746EFF08FF03DBFB285A4
:105BF000EFF0EFE91DBF62440DBF797122D4373455
:105C0000002026D24AD04ECE06D61304044683473F
:105C10003400AE84AA8936896385B7088347240097
:105C2000638AB70202900145B2502254925402593D
:105C3000F249456182809307000099C7B737002079
:105C400013850747A92679C50145813A8347240072
:105C5000639D97009307000091C7014597000000DE
:105C6000E70000000145D53419C1054575BF37353A
:105C7000002013054548C52CE30909FE7DF59377FF
:105C8000F903E5F7834524004E85EFF0CFD571DDAC
:105C9000834524004E8581460146EFF00FD9054526
:105CA00061B7B73700209385073EB73700201385CB
:105CB000074733C606083D2D130700002DDF0347B5
:105CC00054009306F00FE308D7F6E30609F6B7375A
:105CD00000209387073E3306F90031A08507E38C47
:105CE000C7F40347540083C60700E399E6FE3EC4A9
:105CF000B73700201385074732C6512CA2473246DA
:105D000071FD8345540097000000E7000000324613
:105D1000A247E9B797000000E700000035B701117E
:105D200006CE8DC9854663E2A602984119CF138637
:105D3000F188B347C52098C36306D700F2400545F4
:105D400005618280EFE05F9F75F902900145F240A6
:105D50000561828085472C0001453EC402C6EFE004
:105D6000BF9D854719E10290DDB7A3A7F188C5B7AC
:105D700083470500858BB1E7834605002A8793D6C4
:105D8000264899C23E85828001112E852EC4FD557C
:105D90003AC606CE97A0FF0FE780403C3247A246A6
:105DA00083470700858B8DE303460700135626487B
:105DB00009EE034607008547136646002300C70027
:105DC00029A081473E858280814736853EC497A0C1
:105DD000FF0FE780003DA247F2403E8505618280CB
:105DE00041114AC02E8926C2FD55AA844A8522C483
:105DF00006C697A0FF0FE780603603C40400135463
:105E0000244809EC4A8597A0FF0FE7808039B2400B
:105E100022852244924402494101828083C70400C2
:105E2000858B99E783C70400ED9B2380F400D9BFDD
:105E30000144C9BF8347550003474500034535006A
:105E4000A207D98F0D89094793F7F77F630AE50207
:105E50008D46630DD50005476312E502F91593B52C
:105E600015009385F53F63EAF500828093060004F0
:105E70006386E5020545E3FAF6FE0290014582805D
:105E80006388A500130700040545E368F7FE8280D8
:105E9000130700200545E392E7FE82809306004049
:105EA000D1BF2E9663FCC500154883C715006388D3
:105EB000070183C70500BE95E3E9C5FE828003C7DD
:105EC00025009377F707B3A7A7201D83BA972380F0
:105ED000D70083C70500BE95E3E9C5FC8280A167B2
:105EE00063E1C708011122CC2A84484526CA4AC862
:105EF0004EC652C406CE3A8AB6892E89B28411C5DE
:105F0000FD5597A0FF0FE7806025084811C5FD5596
:105F100097A0FF0FE780802493961901C58213177D
:105F2000FA004844558F231504002313E40023206E
:105F30002401231294002314040009C597A0FF0F25
:105F4000E7802026084809C597A0FF0FE780602555
:105F5000F2406244D2444249B249224A05450561B1
:105F6000828001458280835685000357A500035532
:105F70004500B3C706083346070863F4E600B327B5
:105F8000F520918FB3C707083355F50A82808357F0
:105F900085000357A5003385E7401335150082803F
:105FA000035685008356A50003574500B3470608EE
:105FB000B3C506086374D600B327F7208D8FB3C727
:105FC00007083335F7007D151D8F798D334505089A
:105FD0008280011122CC2A84084926CA06CEAE84CA
:105FE00011C5FD5597A0FF0FE7804017835584002A
:105FF0008356A4000357440033C60508B3C70608F8
:1060000063E3D508B306F640B3C60608D9C2636495
:10601000D70663E7E700998FB3C70708E3FDE7FEFC
:10602000035664000C40268546064582B387C702A6
:10603000BE9597D0FF0FE78020CA8356A400035770
:10604000440093871600B3C7070863F2D706060714
:1060500085468147998F08482315F40019C536C62F
:1060600097A0FF0FE780E013B246F2406244D244AB
:106070003685056182806366E602198EB34706089D
:106080002315F40079B7B326C7209D8EB3C6060842
:10609000BDFE8357A400B3C707080607E3CDE7FAA0
:1060A00055BF3A96B34706082315F4009DB78546B9
:1060B000EDB7011122CC2A8408494AC806CE26CA67
:1060C0002E8901C9FD5532C097A0FF0FE780000956
:1060D0000246035584008355A40003574400B34689
:1060E0000508B3C70508636FB50EB384F640B3C4A3
:1060F0000408FDCC636F970C3356960AB344060828
:1061000063E7E700998FB3C70708E3FDE7FE03588D
:1061100064000C40B306F740460813581801338654
:106120000703B3C60608B29563FD9606B386060359
:106130004A853EC63AC442C233C6060832C097D02A
:10614000FF0FE78060B92247B24712483387E44027
:10615000BA973308F80202460C403305C9003346AB
:10616000080897D0FF0FE78020B70356A400035715
:106170004400B3079600B3C707089316170063F5EA
:10618000C704958F08482315F40009C597A0FF0F91
:10619000E7802001F240624442492685D2440561ED
:1061A0008280338604034A8597D0FF0FE780C0B210
:1061B0000356A40003574400B3079600B3C707086B
:1061C00093161700E3EFC7FA93161700E3CCD7FA3C
:1061D0004DBF63F8E602BA96B3C706082315F4006C
:1061E000BA8419BFB324D7209D8CB3C4040899F096
:1061F0008357A40093161700B3C70708E3C4D7F862
:1062000049B7998EB3C70608D1BF011122CC2A84A1
:10621000484526CA06CEAE8411C5FD5597A0FF0F8E
:10622000E780C0F383568400835584000356A4009E
:1062300003574400B3C60608B3C70508334506082C
:1062400063F4C500B327F720898FB3C70708504010
:1062500063E4E7029357F60163400602484419C518
:106260003EC697A0FF0FE780C0F3B247F2406244FA
:10627000D2443E8505618280B68763E5E604998F46
:10628000B3C70708E3FDE7FE1317160013561701FF
:10629000B387C7020840A68536C63E9597D0FF0F44
:1062A000E78080A3B2460357440093871600B3C724
:1062B000070863FDD70206078147998F2314F4006E
:1062C000854769BF9317160013D61701B307D60287
:1062D0000840A68536C63E9597D0FF0FE780C09F41
:1062E000B246035744008506B3C706080607E3C74E
:1062F000E7FCE1B7630E0610AA884845397106DE4F
:106300003283AE8E01CD2EC8FD5546C632CA97A047
:10631000FF0FE780A0E45243C24EB24803DE88007C
:1063200083A6480083D7A80003D74800334E0E0841
:10633000B3C7070863CA0608636FFE0CB307FE40C5
:10634000B3C7070863F1E70EB307F740B3C7070801
:1063500033D6670A3343060833086E00334808080B
:10636000330FE340F2876367EE00998FB3C70708E6
:10637000E3FDE7FE13961600935616013386D70207
:1063800003A508001D8F334707083295636D670A20
:106390003306D302F68546CC42CA72C81AC697D0D5
:1063A000FF0FE78060933243424E5248E24883D762
:1063B000480086076364C8016344F8003308F84066
:1063C000239408011A879DA06371E3066368FE0C9D
:1063D0003306FE4033460608931517001A96330F0E
:1063E000E3406342B6023388E70033480808330EBF
:1063F0006840334E0E086364FE00E345BEF6B30505
:10640000BE4033CE05083308C3013348080899BF9E
:1064100001473A8582803328C721B307F840B3C7C4
:106420000708E3E3E7F2014711A049E303A5C80029
:1064300019C53AC697A0FF0FE780A0D63247F250A1
:106440003A85216182803307D702F6851AD642D079
:1064500072CC46D47AD23ECE36C676CA33460708C8
:1064600032C897D0FF0FE7802087F247125FB2460D
:10647000A258FA97B386F6024246D24E03A5080008
:1064800046C6B385CE0033C6060897D0FF0FE78017
:10649000A08432530258624EB24811BF93151700C0
:1064A0003386F5407296334606080DBF13951600E5
:1064B0003306E340935515013306B6023388E700EF
:1064C000334808083E8E3A83014FB29E61BD4111A8
:1064D00022C42A84484506C611C5FD5597A0FF0F62
:1064E000E780C0C7084811C5FD5597A0FF0FE7809A
:1064F000E0C64844231504002314040009C597A0EE
:10650000FF0FE78000CA084809C597A0FF0FE78082
:1065100040C9B2402244054541018280411122C454
:106520002A84484526C206C6AE8411C5FD5597A0EB
:10653000FF0FE780A0C2084811C5FD5597A0FF0FC7
:10654000E780C0C1835564009397F4004844C605B2
:10655000C581DD8D2313B40009C597A0FF0FE78027
:1065600040C4084809C597A0FF0FE78080C3B24028
:1065700022449244054541018280B70700D09C43E4
:10658000378700101307C70D4111B3C7E72022C496
:106590008043B7B500101306000022859385C535EA
:1065A00006C697C0FF0FE78020731306000033056F
:1065B000C40081451306000097C0FF0FE780405AD2
:1065C0002282B240224441018280130101D7232656
:1065D000112823248128000D2322B4FA2324A4FAAD
:1065E0003735002081462326D4FA232ED53CB7B573
:1065F000AF35138615EF232CC53C37350020232AF1
:10660000D5242328C52437850010130575F3EFD052
:106610000FB2832544FA032584FA232AA4FE2328F3
:10662000B4FEEFD06F940325C4FA2326A4FE894557
:106630002324B4FE8D452322B4FE8545232CB4FAD1
:10664000232AA4FA2328A4FA09A0032584FB630DB6
:10665000051E09A00325C4FE9355F501AA95F999D5
:106660000D8D373600208325863D8326C63D37367F
:106670000020232AD6242328B62411ED09A00325BF
:1066800084FEEF00B06E8325C4FE1306C4FBB3C5C1
:10669000C52088C129A8032544FEEF00306D83255D
:1066A000C4FE1306C4FBB3C5C52088C109A0832559
:1066B000C4FE13851500232CA4F81385250037F696
:1066C000C594130686763336C5003335B500C965E3
:1066D0009385B5FAB336B500232ED4F82320C4FA37
:1066E0006306B5000325C4F92320A4FA032504FAA0
:1066F0002324A4F837350020232AA4F88326C53D97
:106700002328D4F80326853D2326C4F837850010B6
:106710001305B5F5EFD0AFA1032684F88326C4F89E
:10672000832504F9032544F93696B336D600AE9690
:10673000232CC53C232ED53C37850010130565F866
:10674000EFD0EF9E032644F9032584F92326A4FE07
:106750000325C4FE8325863D8326C63D37360020AB
:10676000232AD6242328B624A9456317B50009A0F7
:106770000145232CA4FA09A0032544FB832604FB2E
:1067800093851600232CB4F693B51500AA95232EF5
:10679000B4F69385260037F6C5941306867633B68D
:1067A000C500B3B5D5002E95C9659385B5FAB33646
:1067B000B5002320D4F82322C4F86306B5000325CE
:1067C00004F82322A4F8032544F82324A4F637353B
:1067D0000020232AA4F68326C53D2328D4F60326C9
:1067E000853D2326C4F6378500101305B5F5EFD097
:1067F0000F94032684F68326C4F6832504F7032525
:1068000044F73696B336D600AE96232CC53C232EDD
:10681000D53C37850010130565F8EFD04F9103265E
:10682000C4F7832544F7032584F7232AC4FA2328D1
:10683000A4FA03A5853D03A6C53DB735002023AACC
:10684000C52423A8A52411B5032544FB2322A4F4C1
:10685000832604FB2324D4F4938566FF2326B4F413
:1068600037F6C5942328C4F413068676232AC4F485
:1068700033B6C500B3B5D5002E957D15232CA4F4F1
:10688000C9659385B5FA232EB4F4B336B500232039
:10689000D4F62322C4F66306B500032504F62322AA
:1068A000A4F6032544F62320A4F037350020232640
:1068B000A4F09305853D232EB4EE8326C53D232405
:1068C000D4F00326853D2322C4F03785001013053C
:1068D00005FBEFD0CF85032604F0832644F0832503
:1068E00084F00325C4F03696B336D600AE96232C3A
:1068F000C53C232ED53C378500101305B5FDEFD0E0
:106900000F83378500101305D5EA294681462320D9
:10691000D4F2EFD0CF81032684F4832644F4378564
:106920000010130515EEEFD08F80832684F5032623
:10693000C4F4378500101305B5F0EFC05FFF832561
:1069400084F5832604F20325C4F44D8D3335A0006D
:10695000B385A6402328B4F0B7953FEC1386E5B283
:10696000B315C5023306C5023745A4FA1305459C85
:1069700032952322A4F23336C500B295FD152324A7
:10698000B4F239661306163D232EC4F097A0FF0F0C
:10699000E780404E0326C4F1832604F297A0FF0F40
:1069A000E780A07B832584F20326C4F1832604F2CA
:1069B0002A87032544F2B307C702232CF4F03337A8
:1069C000C702232AE4F097A0FF0FE780007983270E
:1069D00044F1032784F10326C4F1832604F22A88B4
:1069E000032544F2232604F32E88832584F22328EA
:1069F00004F39D8DB337E5009D8D198D97A0FF0F92
:106A0000E78040470326C4F2832704F3832644F536
:106A10002A872E858325C4F53A963337E6003E95BE
:106A2000B307E50037259A58130555FC232AA4F22D
:106A30003308A6023755306D13071553232CE4F2A3
:106A40003335E6024295B387E7023E953307E60207
:106A500037D6A236130666773A963337E6003A956C
:106A600037E7011F130717693A953337B500232E0F
:106A7000E4F23336D6002320C4F46306B5000325C0
:106A8000C4F32320A4F40325C4F0832504F42326AF
:106A9000B4EC8326C53D232AD4EC0326853D232868
:106AA000C4EC3785001013055500EFC05FE80326DE
:106AB000C4EC832604ED832544ED0325C4F036960B
:106AC000B336D600AE96232CC53C232ED53C378555
:106AD0000010130565F8EFC09FE5832504F1032638
:106AE000C4F1832604F20325C4EFC98D8841CC414B
:106AF0003787D3B213073776B387E502B335E5029C
:106B0000BE953307E5023725136F130535973A9580
:106B10002320A4EE3337E500BA952322B4EE97A0E4
:106B2000FF0FE78020350326C4F1832604F297A0E7
:106B3000FF0FE7808062832544EE0326C4F183269D
:106B400004F22A87032504EEB307C702232EF4ECD0
:106B50003337C702232CE4EC97A0FF0FE780E05FF8
:106B6000832784ED0327C4ED0326C4F1832604F2B2
:106B70002A88032504EE232404EF2E88832544EE7F
:106B8000232604EF9D8DB337E5009D8D198D97A0C9
:106B9000FF0FE780202E032684EE8328C4EE032710
:106BA00084F3832604F52A88032544F3AE878325DE
:106BB000C4F5429633380601C697C2973308A60239
:106BC0003335E6024295B387E7023E953307E60286
:106BD000377655A91306D6EC3A963337E6003A9540
:106BE0003767AA2F1307F7313A953337B5002328B3
:106BF000E4EE93867676232AD4EE3336D600232C21
:106C0000C4EE6306B500032504EF232CA4EE032590
:106C1000C4F0832584EF232EB4EA8326C53D2322C6
:106C2000D4EC0326853D2320C4EC378500101305E2
:106C30005500EFC0DFCF0326C4EB832604EC832589
:106C400044EC0325C4F03696B336D600AE96232C1A
:106C5000C53C232ED53C37850010130565F8EFC0E1
:106C60001FCD832644EF0326C4F48325C4F50325F2
:106C700084F53336D6002324C4EC6306B50003251F
:106C800004F62324A4EC0325C4F0832584EC232CF0
:106C9000B4E88326C53D2320D4EA0326853D232E70
:106CA000C4E8378500101305B5F5EFC05FC80326AB
:106CB00084E98326C4E9832504EA0325C4F03696D3
:106CC000B336D600AE96232CC53C232ED53C378553
:106CD0000010130565F8EFC09FC50326C4F0032319
:106CE00084F50328C4F48322C4F1032784F38326A4
:106CF00044F58325C4F5032544F38328C63D2322A8
:106D000014EBB30713010326863D2324C4EAB3031F
:106D1000C800232674EAB3B303019E972328F4EA3C
:106D2000B3375802330353029A9733085802338318
:106D30005802B33856029A9833065602C6974296BE
:106D400033380601C2973308A6023335E60242956E
:106D5000B387E7023E953306E602050613371600B1
:106D60003A953337B500232AE4EA3336D600232C8C
:106D7000C4EA6306B500032544EB232CA4EA83266A
:106D800044EA032684EA032584EB2328A4E8378514
:106D900000101305B5F5EFC09FB9032604E983265B
:106DA00084EA832544EA0325C4F03696B336D60038
:106DB000AE96232CC53C232ED53C378500101305F9
:106DC00065F8EFC0DFB6832604EB0326C4EA83250B
:106DD000C4F0032504F223AED53C23ACC53C2326E6
:106DE000A4FE0A86930606FF232AD4E83681232AC6
:106DF000A6FE2328A6FE03A5853D03A6C53DB735FF
:106E0000002023AAC52423A8A52409A08325C4FE05
:106E100025456343B51809A0832544E9C841944139
:106E200093851600232CB4E693B51500AA95232E5E
:106E3000B4E69385260037F6C5941306867623209C
:106E4000C4E833B6C500B3B5D5002E95C9659385A2
:106E5000B5FA2322B4E8B336B5002324D4E82326B8
:106E6000C4E86306B500032584E82326A4E80325C7
:106E7000C4E8232EA4E4373500202324A4E6832687
:106E8000C53D2322D4E60326853D2320C4E637856D
:106E900000101305B5F5EFC09FA90326C4E58326AE
:106EA00004E6832544E6032584E63696B336D60009
:106EB000AE96232CC53C232ED53C378500101305F8
:106EC00065F8EFC0DFA60326C4E7832544E9032560
:106ED00084E7D0C188C18325C4FE1305C4FB33C534
:106EE000A520104137850010130515EAEFC03FA417
:106EF000032604E8832544E80325C4FE050523266C
:106F0000A4E63336C50013351500B336B500232883
:106F1000D4E6232AC4E66306B500032504E7232A42
:106F2000A4E6032584E6832544E72328B4E48326E6
:106F3000C53D232CD4E40326853D232AC4E43785AC
:106F400000101305B5F5EFC09F9E032604E58326C8
:106F500044E5832584E5032584E63696B336D600DA
:106F6000AE96232CC53C232ED53C37850010130547
:106F700065F8EFC0DF9B832584E60325C4E623265E
:106F8000A4FE03A5853D03A6C53DB735002023AA71
:106F9000C52423A8A5249DBD832544E9C8412324F5
:106FA000A4E294412326D4E2938566FF2328B4E229
:106FB000B3B5D5007D15232AA4E2AA95232CB4E20B
:106FC000938556FF37F6C594232EC4E213067676D2
:106FD0002320C4E433B6C500B3B5D5002E95C965EA
:106FE0009385B5FA2322B4E4B336B5002324D4E460
:106FF0002326C4E46306B500032584E42326A4E421
:107000000325C4E42320A4DE373500202326A4DE94
:107010009305853D232EB4DC8326C53D2324D4DE91
:107020000326853D2322C4DE37850010130505FBAA
:10703000EFC0FF8F032604DE832644DE832584DE33
:107040000325C4DE3696B336D600AE96232CC53C57
:10705000232ED53C378500101305B5FDEFC03F8DBD
:10706000378500101305D5EA294681462320D4E050
:10707000EFC0FF8B0326C4E2832684E2378500102D
:10708000130515EEEFC0BF8A832684E3032604E3CD
:10709000378500101305B5F0EFC07F89832584E3A1
:1070A000832604E0032504E34D8D3335A000B3852A
:1070B000A6402328B4DEB73535831386552DB31586
:1070C000C5023306C50237B503A71305F5B73295D8
:1070D0002322A4E03336C500B295FD152324B4E085
:1070E00039661306163D232EC4DE97A0FF0FE780F6
:1070F00060D80326C4DF832604E097A0FF0FE78053
:10710000C005832584E00326C4DF832604E02A87A4
:10711000032544E0B307C702232CF4DE3337C7024C
:10712000232AE4DE97A0FF0FE7802003832744DFB4
:10713000032784DF0326C4DF832604E02A8803258F
:1071400044E0232604E12E88832584E0232804E1FB
:107150009D8DB337E5009D8D198D97A0FF0FE780BA
:1071600060D10326C4E0832704E18326C4E32A8791
:107170002E85832544E43A963337E6003E95B307DF
:10718000E50037259A58130555FC232AA4E0330857
:10719000A6023755306D13071553232CE4E0333521
:1071A000E6024295B387E7023E953307E60237A62B
:1071B0008A95130626DB3A963337E6003A9537E789
:1071C000F65B1307C7323A953337B500232EE4E058
:1071D000938686762320D4E23336D6002322C4E277
:1071E0006306B5000325C4E12322A4E20325C4DE1F
:1071F000832544E22328B4DA8326C53D232CD4DA40
:107200000326853D232AC4DA37850010130555006F
:10721000EFC0EFF1032604DB832644DB832584DB08
:107220000325C4DE3696B336D600AE96232CC53C75
:10723000232ED53C37850010130565F8EFC02FEFDE
:10724000832504DF0326C4DF832604E00325C4DD91
:10725000C98D8841CC41378737AE1307572DB38787
:10726000E502B335E502BE953307E5023765B47D27
:107270001305551A3A952322A4DC3337E500BA9555
:107280002324B4DC97A0FF0FE780C0BE0326C4DF31
:10729000832604E097A0FF0FE78020EC832584DCA1
:1072A0000326C4DF832604E02A87032544DCB307D2
:1072B000C7022320F4DC3337C702232EE4DA97A079
:1072C000FF0FE78080E98327C4DB032704DC032664
:1072D000C4DF832604E02A88032544DC232604DD5A
:1072E0002E88832584DC232804DD9D8DB337E500BB
:1072F0009D8D198D97A0FF0FE780C0B70326C4DCD2
:10730000832804DD032784E1832604E22A880325F9
:1073100044E1AE87832544E4429633380601C6979C
:10732000C2973308A6023335E6024295B387E702D7
:107330003E953307E60237161E7C1306C63A3A9688
:107340003337E6003A9537577EC11307C77C3A9525
:107350003337B500232AE4DC3336D600232CC4DCD3
:107360006306B500032544DD232CA4DC0325C4DE1D
:10737000832584DD232EB4D88326C53D2322D4DA89
:107380000326853D2320C4DA3785001013055500F8
:10739000EFC0EFD90326C4D9832604DA832544DA63
:1073A0000325C4DE3696B336D600AE96232CC53CF4
:1073B000232ED53C37850010130565F8EFC02FD775
:1073C000032604E20327C4E2832544E4032544E3BF
:1073D000930677FF33B6C600B3B6E6003695B336EC
:1073E000B5002324D4DA2326C4DA6306B5000325C6
:1073F00084DA2326A4DA0325C4DE8325C4DA232C09
:10740000B4D68326C53D2320D4D80326853D232E1C
:10741000C4D6378500101305B5F5EFC04FD103264C
:1074200084D78326C4D7832504D80325C4DE3696A3
:10743000B336D600AE96232CC53C232ED53C3785DB
:107440000010130565F8EFC08FCE0326C4DE0323BA
:1074500084E3032804E38322C4DF032784E1832633
:1074600004E4832544E4032544E18328C63D232224
:1074700014D9B30713010326863D2324C4D8B303CC
:10748000C800232674D8B3B303019E972328F4D8E9
:10749000B3375802330353029A97330858023383A1
:1074A0005802B33856029A9833065602C697429647
:1074B00033380601C2973308A6023335E6024295F7
:1074C000B387E7023E953306E6023337B500232A39
:1074D000E4D83336D600232CC4D86306B500032580
:1074E00044D9232CA4D8832644D8032684D8032542
:1074F00084D9232AA4D6378500101305B5F5EFC02B
:107500000FC3032644D7832684D8832544D8032574
:10751000C4DE3696B336D600AE96232CC53C232E59
:10752000D53C37850010130565F8EFC04FC08326A2
:1075300004D98325C4D80326C4DE032504E0232E02
:10754000D63C232CB63C8325863D8326C63D373664
:107550000020232AD6242328B624130104D783200D
:10756000C128032481281301012982801D7186CE40
:10757000A2CC80102322A4FC373500202320A4FCB9
:107580008146232CD4FC232ED53CB79525081386A1
:1075900075D8232CC53C37350020232AD524232831
:1075A000C52437850010130575F3EFC04FB8832647
:1075B00084FD032544FC232AA4FE032544FFB305D0
:1075C000A5022324B4FCB9651386153D232AC4FC07
:1075D000B335C5023308C50215671305B78B42954D
:1075E000B3370501AE97130747FC429733380701BD
:1075F0002E98B335E50233080503C295B387E70239
:10760000BE952320B4FE3305E502232EA4FC97A0EB
:10761000FF0FE7802086032644FD832684FD97A084
:10762000FF0FE78080B3832504FE032644FD8326F5
:1076300084FD2A870325C4FDB307C7022328F4FC71
:107640003337C7022326E4FC97A0FF0FE780E0B0A2
:107650008327C4FC032704FD032644FD832684FD01
:107660002A880325C4FD232404FF2E88832504FED5
:10767000232204FF9D8DB337E5009D8D198D9790D2
:10768000FF0FE780207F832644FE2A862E858325F0
:1076900084FEB29533B6C5003695B306C5003725CE
:1076A0009A58130555FC3387A5023755306D1306DC
:1076B000155333B5C5023A95B386C6023695B385E0
:1076C000C502375611E71306B6102E96B335B6002D
:1076D0002E95B73562A09385F5F22E95C9659385F1
:1076E000B5FAB336B5002326D4FEB7F6C594938613
:1076F00086763336D6002328C4FE6306B5000325FC
:10770000C4FE2328A4FE032504FC832504FF2328AC
:10771000B4FA8326C53D232CD4FA0326853D232ABB
:10772000C4FA3785001013055500EFC04FA003269B
:1077300004FB832644FB832584FB032504FC369647
:10774000B336D600AE96232CC53C232ED53C3785C8
:107750000010130565F8EFC08F9D032584FC232AD4
:10776000A4FE032544FF232EA4FA09A037350020E8
:107770000327452583250525373500202326A4FA30
:107780000326C53D2324C4FA0325853D2322A4FAFC
:10779000B336B500198EB306D6403306B54005455D
:1077A00081459790FF0FE780E06C832644FA2A8694
:1077B000032584FA2E878325C4FA3A953696B33684
:1077C000D600369523ACC53C23AEA53C09A00325C5
:1077D000C4FB373600208325863D8326C63D3736D9
:1077E0000020232AD6242328B624F64066442561A7
:1077F00082800000C81A0010681A0010921A001047
:10780000F81A0010AC1A0010E2190010F41A001057
:10781000D0190010CC0B001074100010261A0010A4
:10782000DE1A0010A43400108C0200107A650010DB
:0478300054400010B0
:107838000A2A2A2A2050414E4943202A2A2A0A0085
:107848004E6F207370696E6C6F636B732061726525
:1078580020617661696C61626C6500004E6F20750D
:107868007365722049525173206172652061766197
:10787800696C61626C650000486172647761726569
:1078880020616C61726D20256420616C7265616491
:107898007920636C61696D656400000048617264F9
:1078A800206173736572740052656C65617365005D
:1078B800626F6F74325F7732357130383000000094
:1078C800322E332E300000007069636F32000000E2
:1078D8007069636F325F68617264656E6564000029
:1078E800417567203130203230323600666E692BA0
:1078F80000000000666E69006E616E00666E692D9C
:10790800000000005541525420737464696E0000F1
:1079180055415254207374646F7574005541525424
:1079280020737464696E202F207374646F757400FB
:1079380055534220737464696E202F207374646FEA
:1079480075740000526173706265727279205069B3
:10795800000000005069636F00000000426F617210
:1079680064204344430000005265736574000000BE
:10797800556E68616E646C65642049525120307898
:1079880025780A00657020253032582077617320E9
:10799800616C726561647920617661696C61626CA1
:1079A8006500000043616E277420636F6E74696E12
:1079B80075652078666572206F6E20696E616374E4
:1079C80069766520657020253032580006005250CF
:1079D800D3F07542B078001006005250E182887FDB
:1079E800B878001006005250ABB36053C878001046
:1079F80006005250BBFF3CB6D0780010060052502B
:107A0800861C0302D8780010060052505422A29D0A
:107A1800E878001005005250DE65F46870B3001075
:107A2800D82A0010802A0010802A0010D02A0010BE
:107A3800802A0010802A0010802A0010802A001056
:107A4800802A0010802A0010802A0010C82A0010FE
:107A5800802A0010C02A0010802A0010802A0010F6
:107A6800B82A0010142D0010EA2A0010082D001062
:107A7800EA2A0010EE2C0010EA2A0010EA2A001068
:107A8800EA2A0010EA2A0010EA2A0010EA2A00105E
:107A9800EA2A0010E02A0010EA2A0010EA2A001058
:107AA800EA2A0010EA2A0010EA2A0010E02A001048
:107AB8009C2D00104A2A00104A2A00104A2A001059
:107AC8004A2A00104A2A00104A2A00104A2A00109E
:107AD8004A2A00104A2A00104A2A00104A2A00108E
:107AE8004A2A00104A2A00104A2A00104A2A00107E
:107AF8004A2A00104A2A00104A2A00104A2A00106E
:107B08004A2A00104A2A00104A2A00104A2A00105D
:107B18004A2A00104A2A00104A2A00104A2A00104D
:107B28004A2A00104A2A00104A2A00104A2A00103D
:107B3800282D0010702D0010282D00104A2A001042
:107B48004A2A00104A2A00104A2A00104A2A00101D
:107B58004A2A00104A2A00104A2A00104A2A00100D
:107B68004A2A00104A2A00104A2A00104A2A0010FD
:107B78004A2A00104A2A00104A2A0010362F0010FC
:107B88004A2A00104A2A00104A2A00104A2A0010DD
:107B98004A2A00104A2A00104A2A00104A2A0010CD
:107BA8004A2A0010362F0010AC2D0010362F001076
:107BB800282D0010702D0010282D00100000000046
:107BC800000000000000F03F00000000000024401A
:107BD80000000000000059400000000000408F40F5
:107BE800000000000088C34000000000006AF84060
:107BF8000000000080842E4100000000D012634184
:107C08000000000084D797410000000065CDCD41F9
:107C18000600525053B4F4A12479001006005250C3
:107C280053B4F4A138790010000000004C7900101A
:107C38005C790010203B00206479001070790010F6
:107C480009025400030100807D080B0002020200B3
:107C580000090400000102020004052400200105B7
:107C680024010001042402060524060001070581F9
:107C78000308001009040100020A000000070502B9
:107C880002400000070582024000000904020000CB
:107C9800FF00010512011002EF0201408A2E0900BF
:107CA80000010102030100000A00000000000306B1
:107CB800A6000800020002009C00140003005749B7
:107CC8004E555342000000000000000000008000F4
:107CD8000400010028004400650076006900630084
:107CE800650049006E00740065007200660061005E
:107CF80063006500470055004900440000004E003D
:107D08007B006200630037003300390038006300ED
:107D180031002D0037003300630064002D0034006B
:107D28006300620037002D00390038006200380017
:107D38002D0039003100330061003800660063000F
:107D4800610037006200660036007D000000000018
:107D5800050F2100011C100500DF60DDD88945C72B
:107D68004C9CD2659D9E648A9F00000306A6000174
:107D78000000000000000000924200100000000017
:107D8800944200109A420010D0420010CC420010D9
:107D980000000000004B0010DE4900107C4A001073
:107DA800564A0010664A0010D049001032490010A7
:107DB800E0480010D6480010164D0010FA4C00108C
:107DC800BA490010384D0010BA490010DE4C0010B6
:107DD800BC4C0010BA490010A64C0010624C0010B0
:107DE800BC4900105C4F0010324F0010244F0010A7
:107DF800BC490010BC490010084F0010324F001059
:107E0800BC490010BC490010BC490010BC49001016
:107E1800BC490010BC490010BC490010804F00103C
:107E28003A0C00203A0C0020A60C0020D20C0020AE
:107E3800340D0020500D0020300C00200000000000
:107E48008A580010325900106A590010D059001091
:107E5800CC5A0010FA5B0010000000004641554C57
:107E6800545F44455445435445443A204461746141
:107E7800436F7272757074696F6E0A004641554C93
:107E8800545F44455445435445443A205369674D2B
:107E980069736D617463680A007A5B25645D203DCF
:107EA8002025640A005B414E425D204C6F6F7020B4
:107EB80065786974202D2065787065637465642021
:107EC800697465726174696F6E732028657861637F
:107ED80074293A20256C640A005B414E425D204CAF
:107EE8006F6F702065786974202D206163747561E7
:107EF8006C20697465726174696F6E733A20256CC1
:107F0800640A005B414E425D204C6F6F70206578BB
:107F18006974202D206572726F72202873686F75DE
:107F28006C642062652030293A20256C640A005B65
:107F3800414E425D20456E74727920424220496E5E
:107F48006974205369676E61747572653A20256C8F
:107F5800640A005B414E425D204265666F7265208F
:107F680041646420496E737472202D2072756E749A
:107F7800696D655F7369673A20256C640A005B4127
:107F88004E425D2041667465722041646420496EEA
:107F9800737472202D2072756E74696D655F7369D4
:107FA800673A20256C640A005B414E425D204265B9
:107FB800666F72652053756220496E737472202D46
:107FC8002072756E74696D655F7369673A20256CF8
:107FD800640A005B414E425D20416674657220531D
:107FE800756220496E737472202D2072756E7469E3
:107FF8006D655F7369673A20256C640A005B414EC2
:10800800425D204265666F7265204D756C20496E31
:10801800737472202D2072756E74696D655F736953
:10802800673A20256C640A000000000065CDCD4148
:108038000000000080842E41FFFFFFFFFFFFEFFFDD
:10804800FFFFFFFFFFFFEF7F0000000065CDCDC100
:10805800000000000000E03FFB799F501344D33F2D
:10806800B3C8608B288AC63F000000000000F83FB4
:1080780061436F63A787D23F71A379094F930A4081
:108088001655B5BBB16B0240EF39FAFE422EE63FFA
:108098000000000000002C40000000000000244008
:1080A8000000000000001840000000000000004030
:1080B800000000000000F03F2D431CEBE2361A3FA1
:1080C8000D0A00000800525012000000080052502B
:0C80D80092100000C83B0020C83B0020B4
:1080E400D4790010E0790010EC790010F8790010D0
:1080F400047A0010107A00101C7A0010D48000104A
:0C810400CC800010187C0010247C0010BF
:108110001C412A87F3760430139637003316C028A3
:10812000F19B2FA5C744718D6DFD0F0030038307B0
:10813000470063CE070091C19CC101451C430F005D
:10814000300323800700A18A73A006308280B7071E
:1081500000D09C4305452302F7001C430F00300369
:1081600023800700A18A73A006308280B70700D061
:108170009C43011122CC26CA4AC84EC652C406CE20
:108180003E8A2A892E84B2848327090073770430BB
:1081900093963700B316D028F19B2FA6D744758E3F
:1081A0006DFE0F0030030306490083260900937714
:1081B00087006348060403C791801377F70F0F0009
:1081C00030032380060073A0073083C79180228587
:1081D000A6856380E702971000F0E780C0344DD594
:1081E000F2406244D2444249B249224A0145056103
:1081F000828033200000971000F0E780C03249D51C
:10820000C5B7230249010F0030032380060073A085
:108210000730F2406244D2444249B249224A0545FD
:108220000561828001114ACA2E896C0022CC4EC899
:1082300006CEB2892A84E93D09E9B70700D08387D1
:1082400007000307C1006318F700F2406244524977
:10825000C2490561828022856244F240CA854E8609
:108260005249C249056119B7411122C426C22E8460
:1082700006C6AA84971000F0E780E0451307803E09
:108280003306E402B7070080FD173334E402329569
:108290003336C5002E94229663F4C7003E867D5582
:1082A0002244B240AA85268592444101C1B51C41B1
:1082B0007377043093963700B316D028F19B2FA61E
:1082C000D744758E6DFE0F00300383C791807D56B5
:1082D0002302C50085071041A384F1800F003003FD
:1082E00023000600218B732007303320100082808A
:1082F000411106C6B707105023A4070023A60700A4
:1083000023A8070023AA070023AC070023AE070019
:1083100023A0070223A2070223A4070223A6070221
:1083200023A8070223AA070223AC070223AE0702F1
:1083300023A0070423A2070423A4070423A60704F9
:1083400023A8070423AA070423AC070423AE0704C9
:1083500023A0070623A2070623A4070623A60706D1
:1083600023A8070623AA070623AC070637350020F3
:1083700023AE0706130505741306003C8145EF2064
:10838000F00EB240B707105093870718A3A3F186E9
:10839000410182807971B70711505AC803AB870534
:1083A00006D6630D0B0652CC373A002022D426D2D3
:1083B00056CA4AD04ECE01448544130A0A70B73AD1
:1083C000115011A805041374F40F930704FE8604DA
:1083D000A1C3638F0902B3779B008549E5D70547A1
:1083E000B37787401379E40F3E991609529923AC6D
:1083F0009A044A85EF00D00C15E505041374F40FB8
:10840000337B9B40930704FEB33960018604F1F38C
:10841000225492540259F249624AD24AB250424B13
:1084200045618280834629000357690193070070E4
:108430004800CE85A30401002304D1003AC62312CC
:10844000F100EF00900D4A856D2745BF7971B707A0
:10845000115026D283A4870922D43704020006D6FD
:10846000658CC14765C837070B40B73700201057E8
:108470009387077083C6B703A3A5C1860947014444
:108480006386E63083C6B70709476385E61E83C661
:10849000B70B0947638AE61E83C6B70F094763898E
:1084A000E62083C6B7130947638CE62483C6B71753
:1084B00009476383E62283C6B71B09476382E62820
:1084C00083C6B71F0947638BE61C83C6B7230947DA
:1084D0006382E62883C6B72709476389E62083C6F7
:1084E000B72B0947638AE62883C6B72F0947638BF2
:1084F000E61C83C6B73309476387E62683C6B737CA
:1085000009476389E62083C6B73B0947638CE62C9D
:1085100083C6B73F09476387E62A11E883C74186C8
:1085200099E7B73711503707020023A8E708B707C4
:108530001150BC4713070030854593F7F77F480873
:108540003ECC231AE100EF00407DB7070200C107CF
:108550003704020013F70401631A07109397F4001D
:1085600063D5070437350020130505708347A5013F
:108570001314042909470548A5E3A30105011305C0
:1085800005026317070593070060231AF100B70778
:1085900010509443BA85480836CCDC433ECEB52F04
:1085A000B737115037070200B8CB9397340163CA2D
:1085B00007089397140163C807069397040163C5DE
:1085C0000704631D943CB25022549254456182804A
:1085D0008347A5010547D5D3B7271150B8D3B706B0
:1085E0001150FC52F98FE39EE7FE0D6681453AC6B5
:1085F0002AC439252245F52B3247B7371150224579
:10860000F8D3B8D3054895BF93070050854548086F
:10861000231AF1001927B73711501317B028131474
:10862000F428B8CB79BF9307004085454808231A42
:10863000F100E525B737115041471314E428B8CBB2
:10864000ADBFB707115023A007005D31930700109D
:1086500048088545231AF10002CCC125B7371150CF
:10866000370708001314C428B8CBA1B73EC41D3384
:108670002244EDB503C7A707E30B07E083C6C7078E
:108680006395062C3A8421B503C7A70BE30607E0E0
:1086900083C6C70B639C06283A84FDBB03C7A71F8C
:1086A000E30507E283C6C71F639406243A8431BDFD
:1086B00003C7A70FE30707DE83C6C70F639B062028
:1086C0003A84C5B303C7A72FE30507E283C6C72FC4
:1086D0006392061E3A8431BD03C7A717E30D07DC7A
:1086E00083C6C7176399061A3A84F1B303C7A7274D
:1086F000E30707DE83C6C727639006183A84C5B32D
:1087000003C7A713E30407DA83C6C71363970614E6
:108710003A8469BB03C7A737E30707DE83C6C737B9
:108720006394062403C6B73B89466305D60803C78E
:10873000B73FE31ED7DE03C7A73FE30A07DE79A0F2
:1087400003C7A71BE30E07D683C6C71B6398060E95
:108750003A84BDB303C7A723E30E07D683C6C72356
:10876000DDEE3A8485BB03C7A733E30907D883C688
:10877000C733D9E63A8459B303C7A72BE30607D614
:1087800083C6C72B639506183A84B9BB03C4A703F5
:10879000E30A04CE03C7C703E30607CE373500203C
:1087A00013050572238E07027521B73700209387C2
:1087B0000770C9B983C6A73B95EA83C6B73FE3985C
:1087C000C6D63A8403C7A73FE30907D403C7C73F08
:1087D000E30F07D437450020130505AE238E073E6F
:1087E0009529B1B303C7A73BE30407D203C7C73B2F
:1087F000631A071883C6B73F0947E39AE6D225BF35
:1088000037450020130505A23AC4238E073299216B
:108810002247B7370020938707703A84C5B13745A0
:108820000020130505923AC4238E072225212247F2
:10883000B7370020938707703A8469B9374500201D
:108840001305058A3AC4238E071A29212247B73710
:108850000020938707703A84A5B13745002013059F
:1088600005823AC4238E0712F5262247B737002027
:10887000938707703A841DB9374500201305059684
:108880003AC4238E0726F9262247B737002093875C
:1088900007703A84A9B137450020130505863AC40C
:1088A000238E0716452E2247B7370020938707707F
:1088B0003A8411B1374500201305059E3AC4238E32
:1088C000072E492E2247B7370020938707703A8436
:1088D0000DB1373500201305057E3AC4238E070EEF
:1088E000952E2247B7370020938707703A8455BEEC
:1088F000374500201305058E3AC4238E071E992E96
:108900002247B7370020938707703A847DBE3745EA
:1089100000201305059A3AC4238E072A252E2247E4
:10892000B7370020938707703A847DBE3735002023
:108930001305057A3AC4238E070A292E2247B73732
:108940000020938707703A8481BE373500201305D5
:1089500005763AC4238E0706F52C2247B737002048
:10896000938707703A8425B637450020130505A67E
:108970003AC4238E0736F92CB73700202247938755
:1089800007704DB337450020130505AA238E073A1B
:10899000D124B737002093870770A9BD3785001011
:1089A000B345940013058597970000F0E780208772
:1089B00083574501035685010347350003481500D9
:1089C0003356F60A918FAA86B3C7070813451700D6
:1089D0003337E000A381A600360713650640239ACB
:1089E000F600598D631B080803A8060151C283A82D
:1089F000C60093976500930EF6FF1947BE986374FF
:108A0000D70933E3080113733300C2874687631C19
:108A10000306338308417D131333330063150306C4
:108A200013532600131E23003343032103A807001A
:108A300091071107232E07FFE31AF3FE6306C6030F
:108A400083470300F2983387CE412380F800638D7B
:108A5000CE01034813008547A38008016306F70091
:108A6000834723002381F80003A8060183D746012A
:108A7000329823A806011315F52899E31315E52864
:108A800091C1420582803307C8008347080005086A
:108A90008508A38FF8FEE31AE8FEF9B71C452A887B
:108AA0009C4391C1C1830347180013F5F73F09EFB9
:108AB00083576801AA97231BF800835788016374C2
:108AC000F500231A08008280832608013DC9032788
:108AD000C8009A051303F5FF1946B307B700637B77
:108AE000660685053306B7003386C6401336360062
:108AF00036872DE233E6F6000D8A29EE9378C53FDE
:108B0000B3851701904391071107232EC7FEE39BFE
:108B1000F5FE6306150383C70500C69633071341A8
:108B20002380F600630D130103C615008547A3805B
:108B3000C6006306F70083C725002381F60083265D
:108B4000080183576801AA962328D800AA97231BF7
:108B5000F800A5B73386A70003C707008507850679
:108B6000A38FE6FEE39AC7FE83260801D9BF1C4502
:108B7000411181459C4322C406C62A8405375C40C6
:108B80009C4313971700635607008357840163863D
:108B9000A700B24022444101828022852244B24093
:108BA00085454101E5BDB7071150BC43898B99E765
:108BB000034725001D8311E73E85828081473E855E
:108BC00082808347B501F91793B717003E858280ED
:108BD000411106C6C93F19C9B7070B40885783A77B
:108BE000B186130505CE1D8D1335750CB2404101BC
:108BF0008280230D0500232A05002328050082809A
:108C00001C4599C19843F98D1DC613770640D18D37
:108C10001DC39843137707400DE313F7F5BF98C3BF
:108C2000370711503843098B19E7B1479387E7FF9E
:108C3000E3DE07FE1C458CC38280411106C68345D6
:108C40002500378500101305C59897F0FFEFE780E2
:108C5000005D01005C410111814522CC26CA8043A0
:108C6000AA8406CEB133B7071150B8431316C528EE
:108C700083C72400098B1DC393F7F70795C313140B
:108C8000C4491314E4491314D429DC40F240268566
:108C900080C36244D244814505619DB79D83E5D37D
:108CA00083D74401E9DF8545268532C61133324634
:108CB0001314D4491314C4291314E429498EF1B7A9
:108CC000411126C28344A50122C406C62A8485CC4C
:108CD000793D8357440199E7B24022442685924466
:108CE000410182802285ED3519C98547230EF400A4
:108CF0008144B240224426859244410182802285EB
:108D0000913F8144FDB78345250037850010130549
:108D1000C59A97F0FFEFE7808050797122D426D270
:108D200006D68347150019472A84AE84636FF7007F
:108D300037870010130787E2B3C7E7209C43828779
:108D400083C771888507A383F18803A7B1875C4B2C
:108D5000F3760430139637003316C028F19BAFA585
:108D6000C744F18DEDFD0F00300314CFA2853A8585
:108D70003AC6975000F0E780805A3247544B1C4F58
:108D80000F00300323800600A18B73A0073019E584
:108D90000290B2502254925445618280834514005F
:108DA000034504002254B25026869254456117436D
:108DB00000F0670043A6B73700209387C75903C761
:108DC0000700799B2380E70003C70700759B23807A
:108DD000E700A380070003C707006D9B2380E7001F
:108DE000ADB783C6F187B78700104AD0138947E42F
:108DF000814763F4D70803A7318813965700329749
:108E000019CB584F09CB4C40034504003EC602978E
:108E100083C6F187B247850793F7F70FE3FBF6FCAC
:108E2000B73700209387C75998431357274845EB16
:108E300083C73700858BB9E7B25022540259925448
:108E400045618280B73700209387C7599843058BC7
:108E500029D303C70700136747002380E700F5B550
:108E6000B73700209387C7599843058B1DD303C795
:108E700007006D9B2380E700C9BD3387D7401607E5
:108E80004A9741B7834604005C4003A4B1870D476D
:108E9000230AD100A30AE1003ECC5C48737704307A
:108EA00093963700B316D028F19B2FA6D744758E22
:108EB0006DFE0F00300318CC4C082285975000F04F
:108EC000E780E04558481C4C0F00300323000700A2
:108ED000A18B73A0073025ED029002595DBD03C739
:108EE000070083A6B1876D9B2380E700034604003B
:108EF000154702CA230AC100A30AE100D84A02CCDE
:108F000002CE7376043093153700B315B028719BE9
:108F10002F25B7446D8D6DFD0F00300390CE4C08AA
:108F2000368536C6975000F0E780603FB246D04A9B
:108F3000984E0F00300323000600218B732007306A
:108F4000B73700209387C75911ED0290D5B58345F7
:108F50005101034541012686974000F0E780A08B30
:108F6000025905BD834551010345410126869740BD
:108F700000F0E780408AB73700209387C7594DBD7E
:108F800032873688AA882E836398061AB73700205E
:108F9000938707EC63F6C50AC1666379D6089336F2
:108FA000061093B616008E06335ED600F29783C77E
:108FB0000700B69793060002638DD7009D8E33930A
:108FC000D500B357F5003317D60033E36700B31865
:108FD000D50013550701B357A302B345070893D62D
:108FE00008013373A3023386F5024203B3E6660039
:108FF00063F8C600BA9663F4C60063F0E604FD1792
:10900000918E33D6A602B3F6A602B385C502B3C6C7
:10901000D80863F8B600BA9663F4B60063FCE610AD
:109020007D16C207D18F3E85C2858280370E000132
:10903000E146E37BC6F7C14685BFF917BA96C9B7C3
:10904000814609CAC166637DD6049336061093B67D
:1090500016008E063358D600C29783C70700130840
:109060000002B697639507053386C540054813553A
:109070000701B357A602B345070893D60801337614
:10908000A6023383F5024206D18E63F86600BA96D3
:1090900063F4660063FDE608FD17B386664095B786
:1090A00037080001E146E37706FBC14665B73308A0
:1090B000F84033170601B3D6F500B3180501B357CE
:1090C000F50013550701B395050133D8A602CD8FDE
:1090D000B345070813D60701B3F6A6023383050389
:1090E000C206558E637866003A9663746600637AAA
:1090F000E6027D1833066640B356A6023376A60212
:10910000B385D50233C6C7086378B6003A96637450
:10911000B600637BE600FD1642080D8E3368D8006A
:10912000B9B779183A96F9B7F9163A96F5B7F91723
:10913000BA96A5B77916F5B563E4D512C16763FE93
:10914000F60213B70610133717000E07B7370020C3
:1091500033D8E600938707ECC29783C707009308CC
:109160000002BA9763921703B337C50093B717008D
:10917000B3B6B600D58F01487DB5B707000161478A
:10918000E3F6F6FC4147D9B7B388F8403358F60008
:10919000B39616013368D80033D7F500135E080183
:1091A000B357F500B3951501DD8DB357C7033343AE
:1091B0000808331616013377C703B30EF30293166C
:1091C000070113D70501558F6378D7014297637460
:1091D000D70163710709FD173307D741B356C7039A
:1091E0003377C7033303D30233C7E50863786700D7
:1091F00042976374670063720707FD16C207D58F35
:1092000033480608B3C60608418293D507013307E1
:1092100067403383060333880503B386C602B385EC
:10922000C502C29613560301B29663F40601416665
:10923000B29513D606012E96636CC700C20633435F
:109240000308331515019A96E377D5F2E315C7F2B3
:10925000FD1715B7F917429741B7F916429779BF2D
:1092600001488147C9B3B288AA872E886395061C36
:1092700037370020130707EC63FEC50AC166637425
:10928000D60A9336061093B616008E063353D600D0
:109290001A97034707003697930600023383E64088
:1092A000630CD700339865003357E500B3186600A8
:1092B00033680701B317650013D50801B356A80238
:1092C00033CE080813D707013378A802B386C60344
:1092D000420833670701637DD7004697B33517010E
:1092E0003336D70093B515006D8E330616033297CB
:1092F000158FB356A7023377A702B386C60333C5CB
:10930000E708637DD500469533371501B337D5009F
:1093100013371700F98FB38717033E95158D335513
:1093200065008145828037030001E146E37066F6FF
:10933000C146A9BF814609CAC1666378D60693367D
:10934000061093B616008E063358D6004297034790
:1093500007003697930600023383E640631ED70466
:109360003387C54093D508013356B70233C8080880
:1093700093D607013377B702330606034207558FAA
:10938000637DC700469733351701B336C7001335E1
:109390001500E98EB38616033697118FB356B702C0
:1093A0003377B702B386060399BF37080001E14659
:1093B000E37C06F9C14649BFB3186600B3D6E500A1
:1093C000B31765003357E50013D5080133D6A6025D
:1093D00033CE0808B3956500D98D13D70501B3F6D0
:1093E000A6023306C603C206558F637EC7004697A2
:1093F00033381701B336C70013381800B3F6060127
:10940000B38616033697118FB356A7023377A70298
:10941000B386C60333C7E508637DD7004697B335E7
:1094200017013336D70093B515006D8E330616033A
:109430003297158F05BF63EAD514416763F5E604DB
:1094400013B70610133717000E07B738002033D3B1
:10945000E600938808EC9A9883C80800130300027A
:10946000BA98639968026374C50063FBB600330859
:10947000C540C287B386D5403338050133880641DD
:109480003E85C2858280B70800016147E3FF16FB75
:10949000414765BF33031341B3966600335E16013F
:1094A000336EDE00B3D71501935E0E01B3D6D7033A
:1094B000B3956500335815013368B800B3450E08FD
:1094C0003317660033156500B3F7D703338FD50222
:1094D0001396070193570801D18F63F8E701F297BC
:1094E00063F4E70163F4C70BFD16B387E74133D696
:1094F000D703B3F7D703B385C502B347F80863F8BA
:10950000B700F29763F4B70063F5C7097D16C2068A
:10951000D18EC1823346060833480708B385B74069
:1095200093570701B30E0603338806033306F6028A
:10953000B386F602429693D70E01B29763F4070101
:109540004166B29613D60701B3CE0E08C207B29693
:10955000F69763E6D500637CF500639AD500338700
:10956000E74033B6E700BA873307C601998EB307E1
:10957000F5403335F500958D898DB3981501B3D736
:10958000670033E5F800B3D565008280F916F297DD
:10959000A9BF7916F297A5BF370810007D18B377D9
:1095A000B80013D745013378D80013DE460193582D
:1095B000D5010E081353D6011377F77F8E07137E5C
:1095C000FE7FFD81FD82B3E7F800336303010E05E2
:1095D0000E063308C7419308F07F6392D524635881
:1095E000000D63140E02B366C30091CE1308F7FF9B
:1095F000631908002A969A973335A600AA9705475B
:1096000089A8631817012A86B5AAE30E17FF13135A
:1096100073299306800363C70609FD46130E0002F3
:1096200063CD0605330E0E41B316C301B3580601D0
:10963000331EC601B3E61601333EC001B3E6C601D0
:10964000335803013386A6003E98B336D600B307DD
:10965000D8009396870063D8061805079306F07F15
:10966000630CD71A93561600058A13957749558EC1
:10967000FE075D8E93571500BDA2930608FEB356F4
:10968000D30081486308C80193080004B3880841E7
:10969000B3181301B3E8C800B3381001B3E61601DC
:1096A00001484DB7B366C300B336D000D5BF6300E1
:1096B000080A3308EE4001EF33E7A70011C793060D
:1096C000F8FF8DDA631A18019A87428765A8630E3E
:1096D0001E4393977729C286130780036344D706F6
:1096E0007D4793080002634AD702B388D840339776
:1096F00017013358D500B318150133670701B33884
:10970000100133671701B3D6D7003A963337E60016
:109710009A96B387E60072872DBF138706FE33D76C
:10972000E700014863881601130800043308D84095
:10973000339807013368A800333800013367070105
:109740008146E1B733E7A7003337E000D5BF930682
:10975000170013F8E67F631B0806B3E6A70039EF8E
:10976000638B06383367C300630907382A969A97D4
:109770003335A600AA9713978700635A0726939755
:10978000774905470D829396D701D18E1306F07F56
:109790008D836319C700DD8E814789C6B70708002E
:1097A000814681451377F77FB207B18352075D8FFA
:1097B000FE05B367B7003685BE85828063810634B7
:1097C0003363C300631703242A861DAE638C1633EC
:1097D0002A963335A6009A97AA971397F701058220
:1097E000598E858336879376760081CE9376F60000
:1097F00011456388A600B306A60033B5C600AA9734
:10980000368693968700E3DF06F605079306F07F1A
:1098100093977749E318D7F681470146A5B7635276
:10982000000D63110E08B366C300E38E06DC130857
:10983000F7FF631B08003306C540B3876740333525
:10984000C500898F0547A1A0E30F17DB93068003AE
:1098500063C40609FD46130E000263CA0605330EF3
:109860000E41B316C301B3580601331EC601B3E659
:109870001601333EC001B3E6C60133580301330677
:10988000D540338807413335C500B307A8409396C8
:109890008700E3DA06F4B7088000FD18B3F8170173
:1098A000328875A2E30117D71313732945B79306BE
:1098B00008FEB356D30081486308C801930800042A
:1098C000B3880841B3181301B3E8C800B3381001D6
:1098D000B3E61601014865B7B366C300B336D000DE
:1098E000D5BF630D080A3308EE400DE733E7A70044
:1098F00005C31307F8FF19EB3305A6403337A6005D
:10990000B307F3402A86998FB6852DBF63191801D6
:10991000B6855DBB630A1E1F93977729428793051F
:10992000800363C8E506FD459308000263CEE502A7
:10993000B388E840B39517013358E500B318150113
:10994000B3E50501B3381001B3E5150133D7E700DE
:10995000B305B640B337B6003307E3402E86B307EE
:10996000F740B685728725B7930507FEB3D5B700D4
:10997000014863081701130800043308E8403398CE
:1099800007013368A80033380001B3E5050101473A
:10999000C1B7B3E5A700B335B000D5BF13081700B2
:1099A0001378E87F631F080633EEA7003368C3000F
:1099B00021EF63170E009A87631A08028145A9BD3B
:1099C000630D0812B308C540333E15013388674064
:1099D0003308C841131E880063510E023305A640A8
:1099E0003337A600B307F3402A86998FB6853367CD
:1099F000F600E30307E20147FDB333E6080163091C
:109A00000610C2874686E5B7631A0E00B68563184E
:109A1000080E8145B70740000146DDA0E30608DADD
:109A2000CDBF330EC540B33EC501B3886740B38890
:109A3000D841939E8800728863D50E063308A640ED
:109A4000B308F34033360601B388C840B685638156
:109A5000080693960860E11693070002958FB39865
:109A6000D800B357F800B3E717013316D80063C026
:109A7000E608998E138816007D471305000263459A
:109A80000705330505413397A700B3560601331583
:109A9000A600558F3335A0003366A700B3D7070162
:109AA000B9B733661E0145F6814581470147D9B9EB
:109AB00093170860938687017D46E35FD6F8E11728
:109AC000B317F800014665B78516B3D6D70001472E
:109AD0006308A80013070004330707413397E70022
:109AE000518F3337E00033E6E600814709B7158F21
:109AF00093977749CDB99A87DDBD2A86CDBD9A87E0
:109B0000468749B1368709BBB6859A8772879DB962
:109B10008145814785B9411193D845019397C50087
:109B200022C626C493F8F87FB183FD81638E0806B0
:109B30001307F07F6383E80C1358D5018E07336851
:109B4000F80013187829131F3500938818C0014EA8
:109B500013D746019397C6001377F77FB183FD8231
:109B600045CF1305F07F6301A7101355D6018E076B
:109B7000C98F9397772913153600130717C0014330
:109B8000B388E84013172E00336767007D17B94E7E
:109B900033C6D50063E7EE0EB73E0020938E4EE845
:109BA0003347D7211843028733E8A700630E080420
:109BB00085CB13970760930857FF7548130387FFFA
:109BC00033081841B3976700335805013368F8002C
:109BD000B31765009308D0C0B388E8403E8F85BFB7
:109BE0001318056093085801714313070802E356E0
:109BF00013FD611833180501F1BF33E8A70063199D
:109C00000800014F094EA9B7014F8148054E89B799
:109C10002A8F3E880D4E2DBF33E5C70021CD85CB61
:109C200013950760930E55FF7543130785FF3303A4
:109C3000D341B397E700335366003363F300B317A0
:109C4000E6001307D0C0098F3E859A870DBF131712
:109C50000660930E5701714313050702E356D3FDC7
:109C600061173313E600F1BF33E5C70001E981470F
:109C7000094339B781470147054319B732850D4379
:109C800001B763E607016318F8246366AF249315F0
:109C9000F80113571F009316FF011358180033EFF4
:109CA000E500139E870093558501B3E5C501135E5A
:109CB0000E01131385003355C803B3CE050893571F
:109CC0000F013378C8033387AE024208B3E70701B8
:109CD00063F8E700AE9763E4B70063E1E7207D1522
:109CE000998F33D8C70333F7C703B38F0E033347B6
:109CF000EF086378F7012E976374F7016373B71E5B
:109D00007D184205B362050193D702011358030180
:109D100033C50208334F0308B303E5033307F741A4
:109D20003384E7033305A802B30F850013D503017D
:109D30007E95B387070363748500C16FFE97935FB9
:109D40000501B3C303084205BE9F1E956366F70174
:109D5000631CF71963FAA618B383660033B4D30003
:109D6000B304B40026979387F2FF9E8663E5E5006F
:109D70000DE06390E5026366F701639CEF0063FA10
:109D8000A300B30673009387E2FFB3B26600AE92FE
:109D90001697B382A6403307F741B3B65600158F26
:109DA0007D55638CE50C3355C7033377C703B38FF9
:109DB000AE029316070113D70201558F6378F7019E
:109DC0002E976364B7006363F7137D153307F7417C
:109DD000B35FC7033377C703B38EFE0333C7E2080D
:109DE0006378D7012E976374D7016374B710FD1F92
:109DF00093160501B3E6F60133C506083307D741CC
:109E000093DE0601B30FAF02338FEE03B30ED80318
:109E10003308A8023305E80113D80F012A986374A8
:109E2000E8014165AA9E135E0801B3CF0F084208FE
:109E3000769E7E986366C701631FC703630E080A98
:109E4000B38EE5001385F6FF768763E1BE0263E615
:109E5000CE016391CE03637B03011385E6FF931666
:109E6000130033B766002E97769736836314030189
:109E70006305C701AA8613E516001387F83F6352EE
:109E8000E00A9376750081CE9376F500914563885C
:109E9000B600B306B500B3B5A600AE973685939667
:109EA000770063D606009397874913870840930687
:109EB000E07F63C6E6109396D7010D81558D8D83A3
:109EC0003244B2075207B1835D8F7E06A244B36568
:109ED000C70041018280FD188146E1B37915AE9734
:109EE00001B579182E9731BD968765B579152E97EE
:109EF000F1BDF91F2E97EDBD0143368585BF36862E
:109F00001A8E0947630DEE0A0D476303EE0A0547F3
:109F1000E315EEF681470145ADA02E86C2877A850E
:109F2000CDB735C3930690FCE346D7FE8956634E02
:109F3000D7048546998E9388E8413357D500331569
:109F400015013335A000B398170133651501498F0A
:109F5000B3D7D7009376770081CE9376F7009145FB
:109F60006388B600B306B700B3B5E600AE97368790
:109F70009396870063CA06041395D7010D83598D04
:109F80008D83014735BF85467DB70558B306E84048
:109F9000B3D6D7008145630607019388E843B3959C
:109FA0001701C98DB335B00033E7B60081475DB7FF
:109FB000B707080001451307F07F014611B7814735
:109FC00001451307F07FEDBD814701450547CDBD34
:109FD00093D84501370710007D1713D8460193F831
:109FE000F87F9307F07F3373B7001378F87F758F8E
:109FF000FD81FD82638DF800130EF07FC287631F21
:10A00000C801336EC700630B0E00F95731A0336EE1
:10A01000A300F957E3020EFE3E858280014E63964F
:10A020000800336EA300133E1E0063130804B36ED2
:10A03000C70063080E00E3810EFE93971600FD171C
:10A04000E1BF63990E02B305B04093E71500E9B78D
:10A05000E3C508FFE36967FE6374A600E305E3FE5A
:10A060006365C5008147E379E3FA93971500C1BFA3
:10A07000E3150EFCE399B6FCE35C18FDB306D04093
:10A0800093E7160051BF93D84501370710007D179D
:10A0900013D8460193F8F87F9307F07F3373B70026
:10A0A0001378F87F758FFD81FD82638DF800130EA4
:10A0B000F07FC287631FC801336EC700630B0E00B9
:10A0C000894731A0336EA3008947E3020EFE3E8527
:10A0D0008280014E63960800336EA300133E1E007B
:10A0E00063130804B36EC70063080E00E3810EFE1D
:10A0F00093971600FD17E1BF63990E02B305B040B8
:10A1000093E71500E9B7E3C508FFE36967FE6374E9
:10A11000A600E305E3FE6365C5008147E379E3FA42
:10A1200093971500C1BFE3150EFCE399B6FCE35C01
:10A1300018FDB306D04093E7160051BF411193D7E5
:10A1400045011398C50022C626C44AC293F7F77F7B
:10A150001358C800FD81C9CB1307F07F6381E70E58
:10A160001357D5010E083368070113187829931E79
:10A170003500138317C0014F13D546019397C600CE
:10A180001375F57FB183FD8279C91307F07F6301F1
:10A19000E5121357D6018E07D98F93977729131796
:10A1A0003600130515C0014E3306A30013152F000A
:10A1B0003365C501A9481303160063C7A81289486F
:10A1C000B58D63C4A8107D15854663E8A612728F0D
:10A1D0008946630CDF368D466305DF36854663109E
:10A1E000DF268147814815A6B36EA80063810E065D
:10A1F000630A080213170860930857FFF547130313
:10A2000087FFB387174133186800B357F500B3E7EA
:10A210000701331865001303D0C0C28E3303E34037
:10A220003E8891BF93170560938857017143138748
:10A230000702E35513FDE117B317F500E9BFB36E4D
:10A24000A800639A0E0001483E83094F35B70148C4
:10A250000143054F15B7AA8E3E830D4F31BF33E73B
:10A26000C70029CF8DCB139E076013055EFFF5480D
:10A2700013078EFFB388A840B397E700B3581601C1
:10A28000B3E8F800B317E6001305D0C03E873305E6
:10A29000C541C68709BF1317066013055701F1486A
:10A2A000130E0702E3D5A8FC6117B318E600E9BF57
:10A2B00033E7C70001EB8147094EFDB581470145F2
:10A2C000054EDDB532870D4EC5B53315A028937800
:10A2D000055363910802137F0524631E0F24137531
:10A2E000850801CDB685E5B53D46630CC5242D46F0
:10A2F000E30AC5FEC2877687E1BD13DE0E019356E1
:10A300000701B3CE0E08B343070833877E02B30FAD
:10A310007E0293580701338FD6037E9FFA98330548
:10A32000DE0263F4F801416F7A953347070813D4CE
:10A330000801C208B3CF0708BA9813D70701B38240
:10A34000FE03B307FE0313DF0201B30ED703BE9E65
:10A35000769F330EEE026374FF00C1673E9EB344E6
:10A360000808935E0F0193170F01135F0801B3C232
:10A370000208969733897402F29E3E94B3037F02DB
:10A38000935209013388E603B38696029E96969609
:10A3900063F47600416E7298B382F40313DE060113
:10A3A000429E13980601334909084A98B30FFF03E8
:10A3B00093D60201330FE703330797027E97BA96CD
:10A3C00063F4F60141673A9F13970601B3C202088E
:10A3D00022951697BA9EB337F500F6972A983E9EB7
:10A3E00033B7EE003335A800B3BED7017295C182F2
:10A3F0003367D7013697B336FE00333EC501B3E667
:10A40000C601BA961317980033671701FA963337C7
:10A41000E00013587801A6069357750133670701CA
:10A420002605498F13957600D58F635C05069356F4
:10A430001700058BD98E1397F701558F85839306E7
:10A44000F33F6352D0061376770001CE1376F70000
:10A4500011456308A6003306A7003335E600AA9726
:10A4600032871396770063560600939787499306C1
:10A4700003401306E07F634AD60C9398D7010D83FF
:10A48000B3E8E8008D83B2073244B183D206FE05FB
:10A49000DD8EB3E7B600A24412494685BE85410170
:10A4A0008280328369BFA5C6130690FCE3CBC6D277
:10A4B000095663C0C6060546B306D6401303E341FA
:10A4C0003356D700331767003337E0003393670004
:10A4D00033676700518FB3D7D7009376770081CE6B
:10A4E0009376F70011466388C600B306C70033B6FB
:10A4F000E600B29736879396870063CD060493985B
:10A50000D7010D83B3E8E8008D838146ADBF854652
:10A5100075B705583306D84033D6C7000145638662
:10A5200006011303E34333956700498F3337E00097
:10A53000518F81475DB7B70708009306F07F8145CB
:10A5400099B7B70708008148CDBF81478148930676
:10A55000F07F15BF81478148854635B73708100021
:10A560007D18B377B8003378D80013DE46010E08A3
:10A570001353D60113D745019358D5018E07336382
:10A580000301137EFE7F1308F07F1377F77FFD81B1
:10A59000B3E7F8000E05FD820E0663160E01336860
:10A5A000C3006314080093C616003308C74193081C
:10A5B000F07F6392B6246358000D63140E02B366F5
:10A5C000C30091CE1308F7FF631908002A969A97E3
:10A5D0003335A600AA97054789A8631817012A866C
:10A5E000B5AAE30E17FF131373299306800363C7FD
:10A5F0000609FD46130E000263CD0605330E0E411B
:10A60000B316C301B3580601331EC601B3E61601E3
:10A61000333EC001B3E6C601335803013386A600BA
:10A620003E98B336D600B307D8009396870063D818
:10A63000061805079306F07F630CD71A9356160089
:10A64000058A13957749558EFE075D8E9357150041
:10A65000BDA2930608FEB356D30081486308C80123
:10A6600093080004B3880841B3181301B3E8C80085
:10A67000B3381001B3E6160101484DB7B366C30005
:10A68000B336D000D5BF6300080A3308EE4001EFAF
:10A6900033E7A70011C79306F8FF8DDA631A180194
:10A6A0009A87428765A8630E1E4393977729C286CF
:10A6B000130780036344D7067D4793080002634A6B
:10A6C000D702B388D840339717013358D500B31851
:10A6D000150133670701B338100133671701B3D68B
:10A6E000D7003A963337E6009A96B387E60072872A
:10A6F0002DBF138706FE33D7E70001486388160194
:10A70000130800043308D840339807013368A800C1
:10A7100033380001336707018146E1B733E7A7000B
:10A720003337E000D5BF9306170013F8E67F631BAD
:10A730000806B3E6A70039EF638B06383367C3001A
:10A74000630907382A969A973335A600AA97139774
:10A750008700635A07269397774905470D8293969A
:10A76000D701D18E1306F07F8D836319C700DD8E6C
:10A77000814789C6B7070800814681451377F77F6F
:10A78000B207B18352075D8FFE05B367B700368508
:10A79000BE858280638106343363C300631703245C
:10A7A0002A861DAE638C16332A963335A6009A97F7
:10A7B000AA971397F7010582598E8583368793767A
:10A7C000760081CE9376F60011456388A600B30625
:10A7D000A60033B5C600AA97368693968700E3DFB6
:10A7E00006F605079306F07F93977749E318D7F6A7
:10A7F00081470146A5B76352000D63110E08B36689
:10A80000C300E38E06DC1308F7FF631B0800330662
:10A81000C540B38767403335C500898F0547A1A080
:10A82000E30F17DB9306800363C40609FD46130E8E
:10A83000000263CA0605330E0E41B316C301B358B6
:10A840000601331EC601B3E61601333EC001B3E66E
:10A85000C601335803013306D540338807413335E9
:10A86000C500B307A84093968700E3DA06F4B7085B
:10A870008000FD18B3F81701328875A2E30117D7DD
:10A880001313732945B7930608FEB356D3008148C6
:10A890006308C80193080004B3880841B318130182
:10A8A000B3E8C800B3381001B3E61601014865B734
:10A8B000B366C300B336D000D5BF630D080A3308B2
:10A8C000EE400DE733E7A70005C31307F8FF19EBC8
:10A8D0003305A6403337A600B307F3402A86998F85
:10A8E000B6852DBF63191801B6855DBB630A1E1FAF
:10A8F0009397772942879305800363C8E506FD4552
:10A900009308000263CEE502B388E840B3951701CF
:10A910003358E500B3181501B3E50501B33810014C
:10A92000B3E5150133D7E700B305B640B337B6003A
:10A930003307E3402E86B307F740B685728725B705
:10A94000930507FEB3D5B700014863081701130844
:10A9500000043308E840339807013368A80033380F
:10A960000001B3E505010147C1B7B3E5A700B33561
:10A97000B000D5BF130817001378E87F631F0806DF
:10A980003368C30033EEA70021EF63170E009A87E8
:10A99000631A08028145A9BD630D0812B308C540BA
:10A9A000333E1501338867403308C841131E8800C1
:10A9B00063510E023305A6403337A600B307F340B8
:10A9C0002A86998FB6853367F600E30307E20147CD
:10A9D000FDB333E6080163090610C2874686E5B772
:10A9E000631A0E00B6856318080E8145B70740004C
:10A9F0000146DDA0E30608DACDBF330EC540B33E05
:10AA0000C501B3886740B388D841939E8800728897
:10AA100063D50E063308A640B308F340333606016B
:10AA2000B388C840B6856381080693960860E1162E
:10AA300093070002958FB398D800B357F800B3E797
:10AA400017013316D80063C0E608998E13881600E4
:10AA50007D4713050002634507053305054133971C
:10AA6000A700B35606013315A600558F3335A00055
:10AA70003366A700B3D70701B9B733661E0145F6A1
:10AA8000814581470147D9B99317086093868701AB
:10AA90007D46E35FD6F8E117B317F800014665B7C6
:10AAA0008516B3D6D70001476308A8001307000432
:10AAB000330707413397E700518F3337E00033E620
:10AAC000E600814709B7158F93977749CDB99A87E3
:10AAD000DDBD2A86CDBD9A87468749B1368709BB39
:10AAE000B6859A8772879DB98145814785B9B70731
:10AAF0001000FD1733F7B700D181F58F93F5F57F7F
:10AB0000D1821308F07F93F6F67F63950501498F94
:10AB1000054519E7014563950601D18F3335F000EE
:10AB2000828013D745019397C5001377F77F93066B
:10AB3000E03FB183FD8163D4E6049306D04163D73F
:10AB4000E600370500807D152E9582809306304102
:10AB50009397472963D1E6029306D7BEB397D700F0
:10AB6000930630433387E6403355E5005D8D89C950
:10AB70003305A0408280998E33D5D700CDBF0145E3
:10AB8000828013D745019397C5001377F77F93060B
:10AB9000E03F2A86B183FD8163D2E6049306F0414B
:10ABA0008D8E1385F5FF635CD70201458DE9930611
:10ABB00030419397472963DFE6009306D7BEB397EA
:10ABC000D700930630433387E6403356E60033E53B
:10ABD000C7008280998E33D5D7008280014582805C
:10ABE00029C53307A0403367E50A1356F5019316CC
:10ABF00007601305E041A947158D63C3D702AD4730
:10AC0000958FD506B357F7003317D700B207B18336
:10AC100052055D8D7E06B367C500BE853A8582808C
:10AC2000D516B317D7000147D5B701468147E5BF11
:10AC30001DC9131705609306E041A947998E63CF9C
:10AC4000E700AD47998F5507B357F5003315E50079
:10AC5000B207D206B183B3E5F60082805517B31769
:10AC6000E5000145F5B781478146DDB7FD47AA8676
:10AC700063F2C70E13F7360011CF97020000B342FC
:10AC800057200683E78062159A8071173A96998E4D
:10AC900063F2C70C91E129A0B3F5B508B3C5B508B7
:10ACA0009372C6FF3383560093F2C207638E02008D
:10ACB000B302504093820208B386564097030000C7
:10ACC00096936780C300010023A0B60023A2B600BC
:10ACD00023A4B60023A6B60023A8B60023AAB60074
:10ACE00023ACB60023AEB60023A0B60223A2B60260
:10ACF00023A4B60223A6B60223A8B60223AAB6024C
:10AD000023ACB60223AEB60223A0B60423A2B60437
:10AD100023A4B60423A6B60423A8B60423AAB60423
:10AD200023ACB60423AEB60423A0B60623A2B6060F
:10AD300023A4B60623A6B60623A8B60623AAB606FB
:10AD400023ACB60623AEB60693860608E3EE66F697
:10AD50000D8A59C6970200003386C740B342562079
:10AD600067800201238FB600A38EB600238EB60043
:10AD7000A38DB600238DB600A38CB600238CB6003D
:10AD8000A38BB600238BB600A38AB600238AB60035
:10AD9000A389B6002389B600A388B6002388B6002D
:10ADA000A387B6002387B600A386B6002386B60025
:10ADB000A385B6002385B600A384B6002384B6001D
:10ADC000A383B6002383B600A382B6002382B60015
:10ADD000A381B6002381B600A380B6002380B6000D
:10ADE000828001008D473307C50063F3C708B3C7EE
:10ADF000A5008D8BD5E793763500AA876398061258
:10AE00001376C7FF3308F6409306000263C50601B8
:10AE100063EDE706828003A8050083A2450083AFA7
:10AE2000850003AFC50083AE050103AE450103A352
:10AE3000850183A8C50123A0070103A80502938704
:10AE4000470223A057FE23AE07FF23A2F7FF3308D4
:10AE5000F64023A4E7FF23A6D7FF23A8C7FF23AA12
:10AE600067FE23AC17FF93854502E3C606FB4DB78B
:10AE7000E372E5FA2E96AA8703C7050085058507C4
:10AE8000A38FE7FEE31AB6FE82801D8F2E9783C63E
:10AE9000050085058507A38FD7FEE39AE5FE82802E
:10AEA000B308A04093F83800B30E1501AA87AE98F6
:10AEB000637AD50183C6050085058507A38FD7FE74
:10AEC000E39A15FF1373C7FFC68663F36E04C68744
:10AED000768883C5170003CE070003C6270083C604
:10AEE0003700A205B3E5C50142064D8EE206110802
:10AEF000D18E232ED8FE9107E36D68FC9307F3FFF4
:10AF0000B387D741F19B9108910EB386F800BE9E9E
:10AF1000E3F2EEF03307D741369783C70600850684
:10AF2000850EA38FFEFEE31AD7FE828011483308F8
:10AF3000D840B3070501AA862E98637AF50003C6A8
:10AF4000050085058506A38FC6FEE39A05FFC28529
:10AF500045BD937735002A879DE3FD561C431107B5
:10AF600093D77728E38CD7FE93C7F7FF93971760A3
:10AF70008D83F117098F3385E7008280F9DE8347DF
:10AF80000700050793763700F5FB098F1305F7FFD8
:10AF900082800000AE1E0020041E0020EE1D002056
:10AFA000041E0020A01E0020041E0020EE1D002014
:10AFB000AE1E0020AE1E0020A01E0020EE1D0020B0
:10AFC0000A1E00200A1E00200A1E0020A01E0020CB
:10AFD0000001020203030303040404040404040440
:10AFE0000505050505050505050505050505050511
:10AFF00006060606060606060606060606060606F1
:10B0000006060606060606060606060606060606E0
:10B0100007070707070707070707070707070707C0
:10B0200007070707070707070707070707070707B0
:10B0300007070707070707070707070707070707A0
:10B040000707070707070707070707070707070790
:10B050000808080808080808080808080808080870
:10B060000808080808080808080808080808080860
:10B070000808080808080808080808080808080850
:10B080000808080808080808080808080808080840
:10B090000808080808080808080808080808080830
:10B0A0000808080808080808080808080808080820
:10B0B0000808080808080808080808080808080810
:10B0C0000808080808080808080808080808080800
:10B0D000000000000000000000000100000000006F
:10B0E000000000000000020000000000000000005E
:10B0F0000000030000000000000000000000040049
:10B10000000000000000000000000500000000003A
:10B11000000000000000FF0042B89380420083A2BC
:10B1200002008282138560FF97E0FFEFE78000A7AF
:10B1300042BE00000000000000000000000000000F
:10B140000000000000000000583200200000000055
:10B150006F00001A00000000000000006F0060197E
:10B160000000000000000000000000006F00401818
:10B170000000000000000000000000005D7106C03B
:10B1800016C21AC41EC62AC82ECA32CC36CE3AD02F
:10B190003ED242D446D672D876DA7ADC7EDE732589
:10B1A0001034F3250030AAC0AEC2736651BEB2C4DB
:10B1B00073E540BE6341050273600430B73500207B
:10B1C000AA9583A50511E78005007370043073E527
:10B1D00040BEE35305FE06459645264673101534DA
:10B1E00073900530731056BE824092422243B243A0
:10B1F000D2456246F246025792572258B258425EF2
:10B20000D25E625FF25F732540BEE35005FA4245AD
:10B2100061617300203000000000000000000000A9
:10B22000E4310020E4310020E4310020E43100204A
:10B23000E4310020E4310020E4310020E43100203A
:10B24000E4310020E4310020E4310020E43100202A
:10B25000E4310020E4310020E4310020E43100201A
:10B26000E4310020E4310020E4310020E43100200A
:10B27000E4310020E4310020E4310020E4310020FA
:10B28000E4310020E4310020E4310020E4310020EA
:10B29000E4310020E4310020E4310020E4310020DA
:10B2A000E4310020E4310020E4310020E4310020CA
:10B2B000E4310020E4310020E4310020E4310020BA
:10B2C000E4310020E4310020E4310020E4310020AA
:10B2D000E4310020E4310020E4310020E43100209A
:10B2E000E4310020E4310020E4310020E43100208A
:10B2F0000290029009810290503900103C3A0010EF
:10B300009A390010483A00100000000000010000C7
:10B31000C43C0010623C0010C63B0010303B0010E3
:10B320000000000000010000F035002010000C00BB
:10B33000000000000000000000000000000000000D
:10B340000000000010000000FFFFFFFFFFFFFF7F75
:0CB35000FF0000000000000000000000F2
:10B35C00D3DEFFFFFE010000FF010000B84CFFFF31
:04B36C00793512AB72
:0400000510000034B3
:00000001FF
